RegionName,Year,HomeownershipRate,RentalRate,HomeValue_MillionUSD,HomeownerAffordability,RenterAffordability,Income_Tier,Less_than_High_School_Rate,Bachelors_or_Higher_Rate,ElderlyRate,SalesTotal_Million,CPI,MortgageRate,National_Unemployment,NonSingleHouseholdRate,Nominal_GDP_TrillionUSD
"Abilene, TX",2018,0.6253839777658589,0.3746160222341411,0.13553492495731462,0.2056724423859207,0.2063196452991539,Lower-Middle Income,7.0,24.7,0.1474316977575485,32.5411224,251.0995,4.544615384615385,3.891666666666666,0.6651226290896679,20.6565
"Akron, OH",2018,0.6794637755884115,0.3205362244115884,0.13961088589982662,0.187661227099031,0.1662581760435296,Upper-Middle Income,14.1,33.2,0.1768502294830778,141.6359874,251.0995,4.544615384615385,3.891666666666666,0.605938462396009,20.6565
"Albany, GA",2018,0.5290871015830199,0.4709128984169802,0.09369946053541173,0.1691766250321991,0.1708520854179666,Low Income,5.5,18.3,0.1534884028632292,18.328097,251.0995,4.544615384615385,3.891666666666666,0.6453467736210691,20.6565
"Albuquerque, NM",2018,0.6447964116454157,0.3552035883545843,0.1940422814204601,0.2477930046551007,0.2221439025059284,Lower-Middle Income,7.6,32.8,0.1675332763956016,259.1480578,251.0995,4.544615384615385,3.891666666666666,0.6092364425525743,20.6565
"Amarillo, TX",2018,0.6393755455855783,0.3606244544144217,0.1390076617454158,0.2175212444097439,0.2148327106131816,Upper-Middle Income,5.8,26.3,0.1364493434095008,62.022135799999994,251.0995,4.544615384615385,3.891666666666666,0.661909498771798,20.6565
"Ames, IA",2018,0.5519978546527219,0.4480021453472781,0.18087094194466152,0.2206620666570873,0.1759274672181253,Lower-Middle Income,12.5,50.7,0.1178533204219968,29.749557199999998,251.0995,4.544615384615385,3.891666666666666,0.5183427192276749,20.6565
"Anchorage, AK",2018,0.6747088730970374,0.3252911269029625,0.29774758849948485,0.2617292547762403,0.1900167699244428,High Income,4.5,33.7,0.1148947257658813,,251.0995,4.544615384615385,3.891666666666666,0.6714575620258505,20.6565
"Ann Arbor, MI",2018,0.6097139901588011,0.3902860098411988,0.2870466652278756,0.2802447816289644,0.297855258176785,High Income,18.4,56.4,0.1395691753625024,128.5733246,251.0995,4.544615384615385,3.891666666666666,0.5773177141579066,20.6565
"Asheville, NC",2018,0.682243380287562,0.3177566197124379,0.26326850561040227,0.30461927903731,0.2627503584119994,Upper-Middle Income,11.1,36.2,0.2233863159154454,209.01274859999998,251.0995,4.544615384615385,3.891666666666666,0.5998415750772582,20.6565
"Bakersfield, CA",2018,0.5741982011004257,0.4258017988995742,0.2186177645365772,0.2883135013061688,0.2584376527178637,Low Income,2.1,16.2,0.1093665669005446,219.36290440000002,251.0995,4.544615384615385,3.891666666666666,0.7390863464474113,20.6565
"Bangor, ME",2018,0.6584797215251356,0.3415202784748644,0.1508860507035779,0.2385210262405613,0.2224403049127581,Lower-Middle Income,12.4,28.0,0.1837308730873087,21.1105348,251.0995,4.544615384615385,3.891666666666666,0.5956124018457055,20.6565
"Baton Rouge, LA",2018,0.6877373478071964,0.3122626521928035,0.18539386206016284,0.2312405569979343,0.2226903870328962,Upper-Middle Income,9.8,28.6,0.1421599643935475,196.46920319999998,251.0995,4.544615384615385,3.891666666666666,0.6521530037245986,20.6565
"Bellingham, WA",2018,0.6135737253100597,0.3864262746899403,0.3788768958749945,0.3821392941021072,0.2435754006516751,Upper-Middle Income,8.2,33.9,0.1743447725812526,130.870876,251.0995,4.544615384615385,3.891666666666666,0.6058107487367937,20.6565
"Billings, MT",2018,0.6772117514313176,0.3227882485686824,0.24692693377152466,0.2839277811022919,0.1859655983393184,High Income,12.3,32.9,0.1756140412114442,21.7654,251.0995,4.544615384615385,3.891666666666666,0.6041065931157452,20.6565
"Binghamton, NY",2018,0.6633695425109672,0.3366304574890328,0.11213909884667612,0.1591460872344104,0.1661706333549125,Low Income,15.5,28.1,0.1941020485473672,27.6728096,251.0995,4.544615384615385,3.891666666666666,0.6126592855650721,20.6565
"Bismarck, ND",2018,0.690681423149232,0.3093185768507679,0.255178987898563,0.2436226768171964,0.1650209993005271,High Income,13.4,31.8,0.1598509639728833,40.2087778,251.0995,4.544615384615385,3.891666666666666,0.636940867652797,20.6565
"Bloomington, IL",2018,0.6613753737428649,0.3386246262571351,0.1637820238711723,0.2141859955730757,0.1543544888351891,Upper-Middle Income,6.0,43.0,0.1339557008444919,48.272806200000005,251.0995,4.544615384615385,3.891666666666666,0.6103968469692851,20.6565
"Bloomington, IN",2018,0.5740495035915267,0.4259504964084732,0.1830246598384393,0.2399171388465088,0.2621167254952702,Lower-Middle Income,13.1,42.6,0.1368247874965725,47.6496728,251.0995,4.544615384615385,3.891666666666666,0.5357703862988211,20.6565
"Boise City, ID",2018,0.7111063070047597,0.2888936929952402,0.2759109088665136,0.2800957436161492,0.2228196295602451,Upper-Middle Income,8.3,32.1,0.1480600390300127,382.4440644,251.0995,4.544615384615385,3.891666666666666,0.6721073171095349,20.6565
"Bowling Green, KY",2018,0.6341955386805885,0.3658044613194114,0.158223965659159,0.2149858394678704,0.2179345605857894,Low Income,9.4,25.3,0.1449348978175107,44.3059964,251.0995,4.544615384615385,3.891666666666666,0.627921808258187,20.6565
"Burlington, NC",2018,0.6664914992272025,0.3335085007727975,0.1616202997922915,0.1969450744972086,0.1776502348450665,Low Income,6.8,25.7,0.1705220024513927,32.3647872,251.0995,4.544615384615385,3.891666666666666,0.625950540958269,20.6565
"Casper, WY",2018,0.7081265508684863,0.2918734491315136,0.20125181730909716,0.2080411787629747,0.1634865553014154,High Income,1.1,25.0,0.1504139543702205,26.0309698,251.0995,4.544615384615385,3.891666666666666,0.6285980148883374,20.6565
"Cedar Rapids, IA",2018,0.7583592054290189,0.2416407945709811,0.1540895748532165,0.1879102689970858,0.148672615805832,Upper-Middle Income,11.3,31.5,0.1675902972878679,76.8903668,251.0995,4.544615384615385,3.891666666666666,0.6096381569909608,20.6565
"Charleston, WV",2018,0.6978551274138083,0.3021448725861917,0.09790497306718352,0.1602725027362498,0.1934329650258608,Lower-Middle Income,13.2,23.2,0.2055943393993894,23.406169600000002,251.0995,4.544615384615385,3.891666666666666,0.5913499691385239,20.6565
"Cheyenne, WY",2018,0.7180805484147387,0.2819194515852613,0.2711133963526206,0.2721291123416622,0.1734100628424179,Upper-Middle Income,2.1,26.5,0.1633022146783058,44.3667462,251.0995,4.544615384615385,3.891666666666666,0.6511416906094057,20.6565
"Chico, CA",2018,0.5860034297576605,0.4139965702423394,0.2973764561573882,0.3634697533002624,0.2649622067704931,Lower-Middle Income,13.0,26.2,0.1851627633445186,79.3919626,251.0995,4.544615384615385,3.891666666666666,0.5806557155106278,20.6565
"Coeur d'Alene, ID",2018,0.7191748133323069,0.280825186667693,0.2997317481640505,0.319545231953195,0.2234818615204584,Upper-Middle Income,1.9,25.8,0.189176805671651,121.8898406,251.0995,4.544615384615385,3.891666666666666,0.6901085366792394,20.6565
"Colorado Springs, CO",2018,0.6622818317666198,0.3377181682333802,0.308408721558281,0.2753495352881491,0.2229661588050621,Upper-Middle Income,11.7,38.6,0.1321259264973157,447.9473112,251.0995,4.544615384615385,3.891666666666666,0.6716195425736307,20.6565
"Columbia, MO",2018,0.5415622360386059,0.4584377639613941,0.1839026556238361,0.2313104452912686,0.1616940630917651,Upper-Middle Income,8.8,48.4,0.1218688369767506,46.2928422,251.0995,4.544615384615385,3.891666666666666,0.5470318623038897,20.6565
"Columbia, SC",2018,0.6711658817107384,0.3288341182892615,0.15477144007613416,0.1909187801414068,0.22827564402676,Lower-Middle Income,10.4,31.0,0.1481711305683748,224.72466880000002,251.0995,4.544615384615385,3.891666666666666,0.6401336752440557,20.6565
"Columbus, IN",2018,0.7091028816907592,0.2908971183092408,0.1624255181649786,0.1678128763717742,0.1859210075942396,Upper-Middle Income,13.5,33.3,0.1637282032071345,20.053870800000002,251.0995,4.544615384615385,3.891666666666666,0.6423442350506412,20.6565
"Columbus, OH",2018,0.6187264983381247,0.3812735016618754,0.1921580739007574,0.2203874370418169,0.1858259290732272,Upper-Middle Income,13.3,37.7,0.1324265703824421,527.4088696,251.0995,4.544615384615385,3.891666666666666,0.6294635229263973,20.6565
"Corpus Christi, TX",2018,0.6171633898808235,0.3828366101191764,0.16618539707673693,0.2582599228186481,0.2589823606316418,Lower-Middle Income,3.1,21.1,0.1513709714810554,91.874967,251.0995,4.544615384615385,3.891666666666666,0.6855522502520208,20.6565
"Corvallis, OR",2018,0.5884009009009009,0.4115990990990991,0.3637223055217632,0.3826712664533411,0.2298863380042296,Upper-Middle Income,15.3,53.4,0.1611600308357129,36.609075,251.0995,4.544615384615385,3.891666666666666,0.5855855855855856,20.6565
"Dover, DE",2018,0.6798691057030409,0.320130894296959,0.21288372010970624,0.233581736563801,0.2449481086665133,Low Income,9.3,23.3,0.1669672360683282,46.0354258,251.0995,4.544615384615385,3.891666666666666,0.6619448416149526,20.6565
"East Stroudsburg, PA",2018,0.7751002558565752,0.2248997441434248,0.15965562210098994,0.2215622486997414,0.1999077115383714,Lower-Middle Income,7.7,22.0,0.1659400496734648,50.7496706,251.0995,4.544615384615385,3.891666666666666,0.6911756700357473,20.6565
"El Paso, TX",2018,0.610990624147063,0.389009375852937,0.13613707958831972,0.2510457002510243,0.2564140894416838,Low Income,5.8,23.5,0.122487489981923,101.2454802,251.0995,4.544615384615385,3.891666666666666,0.7040520503684689,20.6565
"Erie, PA",2018,0.6554732825122727,0.3445267174877273,0.12574509160357242,0.2128077921050582,0.1482879959538312,Lower-Middle Income,9.3,27.8,0.1798346694307526,35.1094256,251.0995,4.544615384615385,3.891666666666666,0.6223667313314571,20.6565
"Fayetteville, NC",2018,0.5327200872172254,0.4672799127827746,0.14041828302621373,0.2300139429726306,0.2296360698022056,Low Income,6.4,25.8,0.1172893405736074,101.124836,251.0995,4.544615384615385,3.891666666666666,0.6380417007358954,20.6565
"Flagstaff, AZ",2018,0.6282178741406663,0.3717821258593337,0.3530468576172502,0.3780272342140651,0.3050619147485643,Upper-Middle Income,8.0,36.0,0.1246937432623517,72.5074296,251.0995,4.544615384615385,3.891666666666666,0.6309254362771021,20.6565
"Flint, MI",2018,0.6809859030265122,0.3190140969734877,0.10645225114614795,0.17070860630444,0.1753845496903361,Low Income,6.4,22.2,0.1748867021224305,93.07748579999999,251.0995,4.544615384615385,3.891666666666666,0.6190807758351085,20.6565
"Fort Collins, CO",2018,0.6299091704811238,0.3700908295188762,0.3941657675064699,0.3369869222149675,0.2311105999653765,High Income,17.4,47.6,0.1569163352523978,229.8887484,251.0995,4.544615384615385,3.891666666666666,0.6148641861933392,20.6565
"Fort Wayne, IN",2018,0.7203718857182653,0.2796281142817348,0.1395258165501213,0.1729195674777378,0.1626521225464659,Upper-Middle Income,8.7,27.7,0.1504486656566833,109.07624440000001,251.0995,4.544615384615385,3.891666666666666,0.6620471124884656,20.6565
"Fresno, CA",2018,0.51188780010274,0.4881121998972599,0.2603097371546717,0.3150181464115646,0.2811075807482705,Lower-Middle Income,7.8,21.8,0.1222244569589702,248.2182646,251.0995,4.544615384615385,3.891666666666666,0.7134424704137711,20.6565
"Gainesville, FL",2018,0.615675012599728,0.384324987400272,0.1884380923262292,0.2707179320894118,0.2550726275045525,Lower-Middle Income,18.7,41.6,0.1441268257877254,78.5901444,251.0995,4.544615384615385,3.891666666666666,0.5200311902701572,20.6565
"Gainesville, GA",2018,0.6999846130173872,0.3000153869826127,0.21799121013681952,0.2322933716003114,0.2179359920669775,Upper-Middle Income,7.1,24.2,0.1487919741971229,72.78544040000001,251.0995,4.544615384615385,3.891666666666666,0.7320972457301124,20.6565
"Grand Junction, CO",2018,0.6851797956279913,0.3148202043720088,0.24942909679814362,0.2863882269709716,0.2175344388329011,Lower-Middle Income,14.5,30.0,0.1879874940440058,87.5741056,251.0995,4.544615384615385,3.891666666666666,0.6032531367222869,20.6565
"Great Falls, MT",2018,0.5957309184993532,0.4042690815006468,0.1890758634976782,0.2652473383867533,0.1846020111524146,Upper-Middle Income,9.8,24.3,0.1837879548767193,22.1523812,251.0995,4.544615384615385,3.891666666666666,0.6247820462343214,20.6565
"Greenville, NC",2018,0.5338875418542893,0.4661124581457107,0.14059520329353617,0.2073617065707922,0.2344728058159428,Lower-Middle Income,13.6,31.9,0.1308402903609502,35.528169,251.0995,4.544615384615385,3.891666666666666,0.5507591502136012,20.6565
"Hinesville, GA",2018,0.4925549591002045,0.5074450408997955,0.13590619548388375,0.2071641724404977,0.2352878549216971,Low Income,3.5,16.7,0.0836166383361663,13.856248,251.0995,4.544615384615385,3.891666666666666,0.715075408997955,20.6565
"Homosassa Springs, FL",2018,0.8287929622911081,0.1712070377088918,0.15943307137750432,0.2414578165551508,0.2724395196137799,Low Income,3.8,18.3,0.3639043054438278,58.9089566,251.0995,4.544615384615385,3.891666666666666,0.5797120061644165,20.6565
"Huntsville, AL",2018,0.6754820162545392,0.3245179837454608,0.18332194714966266,0.1909824668082016,0.1746462849532539,Upper-Middle Income,11.8,40.3,0.1529307769946811,164.639736,251.0995,4.544615384615385,3.891666666666666,0.6514136261455992,20.6565
"Idaho Falls, ID",2018,0.6978392977717758,0.3021607022282241,0.21689191286012302,0.2385237803119734,0.1565375666837795,Lower-Middle Income,7.4,29.9,0.1276878383908863,45.9326036,251.0995,4.544615384615385,3.891666666666666,0.7292370020256583,20.6565
"Iowa City, IA",2018,0.6005797434204861,0.3994202565795138,0.2083260037009867,0.2484007107943222,0.2124073075136258,Upper-Middle Income,20.7,49.3,0.1258700930213782,56.952307,251.0995,4.544615384615385,3.891666666666666,0.5742473380592945,20.6565
"Jackson, MI",2018,0.7247356145563756,0.2752643854436244,0.1383882316755789,0.1952037541280987,0.1506787176672789,Low Income,5.1,21.0,0.1797409695069353,36.0156584,251.0995,4.544615384615385,3.891666666666666,0.6295089299977635,20.6565
"Jackson, MS",2018,0.6776119829087484,0.3223880170912517,0.13640510087090024,0.170667553558429,0.2190209881214613,Lower-Middle Income,10.9,32.6,0.1442014817863758,105.7533758,251.0995,4.544615384615385,3.891666666666666,0.6628284308594159,20.6565
"Jacksonville, FL",2018,0.6348581825891562,0.3651418174108438,0.2201267903422701,0.248286057791927,0.2224257301480925,Upper-Middle Income,7.4,31.7,0.1582021514288451,671.2547394,251.0995,4.544615384615385,3.891666666666666,0.6628497644341641,20.6565
"Jacksonville, NC",2018,0.5359098662357483,0.4640901337642517,0.15979330793923827,0.2206385420508365,0.2060256582409544,Lower-Middle Income,4.9,23.8,0.0912369804181442,58.8073984,251.0995,4.544615384615385,3.891666666666666,0.7319178861058743,20.6565
"Johnson City, TN",2018,0.6482149127941005,0.3517850872058995,0.1498003288953436,0.2222948585835133,0.2268320761243392,Low Income,12.7,27.5,0.1951294864187602,51.170234799999996,251.0995,4.544615384615385,3.891666666666666,0.6364274844902259,20.6565
"Johnstown, PA",2018,0.7421879149478604,0.2578120850521396,0.0920280911513054,0.1537000718577069,0.1507104291458307,Low Income,8.2,21.4,0.2251878843088134,13.694930800000002,251.0995,4.544615384615385,3.891666666666666,0.6285962147902909,20.6565
"Jonesboro, AR",2018,0.5724658450367822,0.4275341549632177,0.13193633580683709,0.2000911364621141,0.2437202163670549,Low Income,17.0,24.7,0.1493903359188724,26.2611746,251.0995,4.544615384615385,3.891666666666666,0.6420177701347091,20.6565
"Knoxville, TN",2018,0.6868799995357704,0.3131200004642296,0.1794675482197756,0.211563579380351,0.2294465511832127,Upper-Middle Income,10.2,28.7,0.1834935044040435,311.25453860000005,251.0995,4.544615384615385,3.891666666666666,0.6601490757477724,20.6565
"Kokomo, IN",2018,0.6793591166510146,0.3206408833489854,0.10553497019426895,0.1393957923865496,0.1287531360282182,Low Income,16.0,22.5,0.1932472136561202,13.072729,251.0995,4.544615384615385,3.891666666666666,0.6684595463729759,20.6565
"Lafayette, LA",2018,0.6870962317677115,0.3129037682322884,0.1738166184334084,0.2435794672871498,0.221303901640151,Lower-Middle Income,5.0,24.3,0.1429610678349858,72.7502658,251.0995,4.544615384615385,3.891666666666666,0.6644119832715872,20.6565
"Lake Charles, LA",2018,0.665833177831685,0.334166822168315,0.20479619423628145,0.2649416833385245,0.2242960273909073,Lower-Middle Income,8.7,21.7,0.1490684711855995,40.9772524,251.0995,4.544615384615385,3.891666666666666,0.64441127075947,20.6565
"Lancaster, PA",2018,0.6738703145834363,0.3261296854165638,0.22682968603999284,0.2073434671580925,0.168765379196971,High Income,11.7,28.5,0.1816755188508289,134.7060742,251.0995,4.544615384615385,3.891666666666666,0.6916341547730752,20.6565
"Las Cruces, NM",2018,0.6049571565372035,0.3950428434627964,0.17654475181385584,0.28669323155732,0.2652246215425461,Low Income,4.8,28.7,0.1599194564227986,36.850704,251.0995,4.544615384615385,3.891666666666666,0.6561827656108147,20.6565
"Lawrence, KS",2018,0.5295560962643384,0.4704439037356616,0.1970644460548537,0.2514534663607711,0.2135081032261216,Lower-Middle Income,10.4,56.2,0.1259922922362396,26.231358399999998,251.0995,4.544615384615385,3.891666666666666,0.5388799149406015,20.6565
"Lawton, OK",2018,0.5646813566160812,0.4353186433839188,0.09537000263521041,0.1475553838876838,0.1638417551662014,Low Income,6.9,23.2,0.129184699592668,17.006947399999998,251.0995,4.544615384615385,3.891666666666666,0.6743179933200332,20.6565
"Lincoln, NE",2018,0.6052510537546844,0.3947489462453156,0.19120507801192368,0.2480229864091457,0.1820484975719943,High Income,18.5,40.6,0.1400360517900133,78.8569388,251.0995,4.544615384615385,3.891666666666666,0.5876595712594537,20.6565
"Longview, TX",2018,0.6688128140703518,0.3311871859296482,0.15138046154583934,0.2180248924139599,0.1898583898920923,Lower-Middle Income,2.7,17.4,0.162608184415975,43.2244812,251.0995,4.544615384615385,3.891666666666666,0.6879972780569514,20.6565
"Lubbock, TX",2018,0.5670842872008325,0.4329157127991675,0.15647848729326538,0.2418541508921479,0.2472460436354536,Lower-Middle Income,13.8,29.2,0.1247019484679448,83.7585432,251.0995,4.544615384615385,3.891666666666666,0.6194214360041623,20.6565
"Madison, WI",2018,0.6098645108384072,0.3901354891615928,0.26835203113630757,0.2799488223833571,0.1994030026594903,High Income,20.0,45.7,0.1462277150064655,249.10414740000002,251.0995,4.544615384615385,3.891666666666666,0.5805859343817354,20.6565
"Manhattan, KS",2018,0.5033136556025841,0.4966863443974159,0.17685269225576342,0.2813566285348161,0.2405751388684318,Lower-Middle Income,13.4,44.9,0.1080220453153704,,251.0995,4.544615384615385,3.891666666666666,0.547727779015371,20.6565
"Medford, OR",2018,0.6605410582823794,0.3394589417176206,0.313615638315016,0.3747764187999873,0.27951600003852,Upper-Middle Income,7.2,28.1,0.2217531107103168,110.928329,251.0995,4.544615384615385,3.891666666666666,0.6399812890507535,20.6565
"Merced, CA",2018,0.530602488457232,0.469397511542768,0.26580481312685605,0.3030880761735978,0.2596696591562568,Low Income,9.3,14.6,0.1119065383145597,50.7961916,251.0995,4.544615384615385,3.891666666666666,0.7293897115251551,20.6565
"Midland, TX",2018,0.661248077865459,0.338751922134541,0.258337183932088,0.2363780819393744,0.2393860040237577,High Income,10.6,27.5,0.1081154284553487,77.6067294,251.0995,4.544615384615385,3.891666666666666,0.667077848561145,20.6565
"Missoula, MT",2018,0.5727862542409873,0.4272137457590127,0.3051696199549785,0.3689698331907035,0.1779431539582721,High Income,12.9,39.7,0.1536900943674184,47.5326152,251.0995,4.544615384615385,3.891666666666666,0.5961191246205433,20.6565
"Mobile, AL",2018,0.60006178015092,0.3999382198490799,0.12202650935010163,0.1902004614932267,0.217264733819364,Low Income,8.9,22.3,0.1608625352562011,74.0620998,251.0995,4.544615384615385,3.891666666666666,0.6313742301121499,20.6565
"Modesto, CA",2018,0.5919415885049466,0.4080584114950534,0.31060334214982827,0.3281433176573194,0.2708215070224239,Lower-Middle Income,4.0,16.6,0.1318752671353091,177.192474,251.0995,4.544615384615385,3.891666666666666,0.7322045315720068,20.6565
"Montgomery, AL",2018,0.642179530295387,0.3578204697046129,0.13352991761796984,0.1725982915833433,0.2090931862494831,Lower-Middle Income,5.6,28.9,0.153317746872665,78.48122,251.0995,4.544615384615385,3.891666666666666,0.6575724454907236,20.6565
"Morgantown, WV",2018,0.6234743196735185,0.3765256803264815,0.17935608347634688,0.2167692387992353,0.2463270901822337,Lower-Middle Income,12.7,38.1,0.1422653804746932,26.093017800000002,251.0995,4.544615384615385,3.891666666666666,0.5780377259135275,20.6565
"Muncie, IN",2018,0.6485842289951668,0.3514157710048333,0.08946756940223521,0.1511025786178267,0.1654803024970184,Low Income,9.4,25.0,0.1736573380266964,15.7478202,251.0995,4.544615384615385,3.891666666666666,0.5807199134867913,20.6565
"Napa, CA",2018,0.6351685511994082,0.3648314488005917,0.6810936087396526,0.4902671703651791,0.3107011087729815,High Income,8.3,34.9,0.1922649318232353,121.1125326,251.0995,4.544615384615385,3.891666666666666,0.6988058755151644,20.6565
"Ocala, FL",2018,0.7559275242085596,0.2440724757914404,0.15798935670063985,0.2445081899246962,0.2542579969714146,Low Income,3.9,19.9,0.2889740177844696,119.7340808,251.0995,4.544615384615385,3.891666666666666,0.6485523664782036,20.6565
"Odessa, TX",2018,0.6470014357766078,0.3529985642233921,0.18259451354303824,0.2235361140857988,0.2820824012956534,Upper-Middle Income,6.5,16.1,0.0935765216747674,26.445137600000002,251.0995,4.544615384615385,3.891666666666666,0.717575378271914,20.6565
"Oklahoma City, OK",2018,0.6305869867960057,0.3694130132039943,0.15175738082825882,0.1998028757767921,0.2042507726855209,Upper-Middle Income,8.8,30.7,0.1389163196545513,357.6928802,251.0995,4.544615384615385,3.891666666666666,0.6522980083863467,20.6565
"Panama City, FL",2018,0.6874836849105622,0.3125163150894378,0.2117246634033208,0.2841181634885498,0.282550564454337,Lower-Middle Income,5.8,22.6,0.1711228365775432,120.5407234,251.0995,4.544615384615385,3.891666666666666,0.6648725247678596,20.6565
"Peoria, IL",2018,0.6946554025215607,0.3053445974784394,0.10681992055625664,0.1569538879841779,0.1409017704201875,Upper-Middle Income,11.4,28.6,0.1796204327294722,82.8442546,251.0995,4.544615384615385,3.891666666666666,0.6366026001476894,20.6565
"Pittsburgh, PA",2018,0.6959692724094803,0.3040307275905197,0.149454215761079,0.1825763073678759,0.2148566801395315,High Income,17.2,35.5,0.1996083007885172,567.0930522000001,251.0995,4.544615384615385,3.891666666666666,0.5990331540759036,20.6565
"Port St. Lucie, FL",2018,0.7578338961053245,0.2421661038946755,0.2302932369154165,0.2937934327687509,0.2906387812080951,High Income,14.1,26.9,0.264764334909966,270.41868939999995,251.0995,4.544615384615385,3.891666666666666,0.6593011361761568,20.6565
"Pueblo, CO",2018,0.6529236074760599,0.34707639252394,0.17665808326532867,0.2456523066339767,0.2249815712079861,Low Income,5.4,21.8,0.184039778187657,46.6615344,251.0995,4.544615384615385,3.891666666666666,0.6404994303661052,20.6565
"Punta Gorda, FL",2018,0.8337179059686562,0.1662820940313437,0.20643970915829857,0.2807079636830266,0.3392363444152165,Lower-Middle Income,2.3,23.5,0.4017394782646299,129.329517,251.0995,4.544615384615385,3.891666666666666,0.6366655551850617,20.6565
"Rapid City, SD",2018,0.7019603821634278,0.2980396178365721,0.21304311464725204,0.2619768721193581,0.1951438146726349,High Income,11.5,31.7,0.1782155366694724,48.3511782,251.0995,4.544615384615385,3.891666666666666,0.6412517732314686,20.6565
"Reading, PA",2018,0.7134695489344356,0.2865304510655643,0.1732169402683777,0.219510534039011,0.1571099530900191,Upper-Middle Income,10.8,25.1,0.1721162817266132,95.208861,251.0995,4.544615384615385,3.891666666666666,0.6882348445282346,20.6565
"Redding, CA",2018,0.6510748115780521,0.3489251884219478,0.25804104986758586,0.3028542486461503,0.2217823059339136,Lower-Middle Income,5.4,22.2,0.2056598533659187,78.384382,251.0995,4.544615384615385,3.891666666666666,0.6742426464119182,20.6565
"Reno, NV",2018,0.5822164454198717,0.4177835545801283,0.3675022777629145,0.3405346517860076,0.2393168364270467,High Income,9.2,31.3,0.1643406575918008,306.662257,251.0995,4.544615384615385,3.891666666666666,0.5965939357780572,20.6565
"Rochester, MN",2018,0.7314426244303055,0.2685573755696945,0.22249065164870271,0.2075622015372763,0.2065886544758587,High Income,12.2,39.1,0.1666727327321862,78.9053548,251.0995,4.544615384615385,3.891666666666666,0.6530955281801363,20.6565
"Rockford, IL",2018,0.6886410269900562,0.3113589730099437,0.11359280645851576,0.1810089237465517,0.1679425542451791,Lower-Middle Income,7.0,22.8,0.1706519614521202,63.9342514,251.0995,4.544615384615385,3.891666666666666,0.6659802027824335,20.6565
"St. Cloud, MN",2018,0.676087913847632,0.323912086152368,0.19666965488790697,0.2198940942733353,0.1778280822288784,Upper-Middle Income,6.4,27.2,0.1486979544646923,57.1071696,251.0995,4.544615384615385,3.891666666666666,0.6459159026915943,20.6565
"St. George, UT",2018,0.7129612615471994,0.2870387384528005,0.3140997393608175,0.3156144296563255,0.2575387832900808,Lower-Middle Income,2.1,31.1,0.2172102504368084,95.60289159999999,251.0995,4.544615384615385,3.891666666666666,0.7371498254347426,20.6565
"Salem, OR",2018,0.5969521459042387,0.4030478540957612,0.2944575479356504,0.3286286580889578,0.2249179549321261,Lower-Middle Income,5.7,24.5,0.1591638085452046,150.6971796,251.0995,4.544615384615385,3.891666666666666,0.6860192796343105,20.6565
"Salinas, CA",2018,0.5130365244380399,0.4869634755619601,0.5558958847403732,0.4689697550355443,0.3070280522724385,High Income,6.4,24.8,0.1365744248084225,262.1966314,251.0995,4.544615384615385,3.891666666666666,0.7359440692325355,20.6565
"Salt Lake City, UT",2018,0.6744969446253748,0.3255030553746252,0.3408258775788622,0.2834903496356107,0.1883873655265264,High Income,8.5,35.2,0.1078246928525856,554.8982178,251.0995,4.544615384615385,3.891666666666666,0.6989349694959751,20.6565
"San Angelo, TX",2018,0.6253812189903956,0.3746187810096044,0.14999202994388536,0.2312008589078512,0.2206699631918721,Upper-Middle Income,5.9,24.1,0.1533568016092532,,251.0995,4.544615384615385,3.891666666666666,0.6520551686467295,20.6565
"Santa Fe, NM",2018,0.7117546685378028,0.2882453314621972,0.34012739632116995,0.3589380712972856,0.2623065926689038,High Income,7.2,39.4,0.243695686943541,107.2051346,251.0995,4.544615384615385,3.891666666666666,0.5818808107547802,20.6565
"Savannah, GA",2018,0.6046575093241153,0.3953424906758847,0.19647390166292308,0.2463396310247673,0.2309627450248411,Lower-Middle Income,11.7,30.9,0.1417403092217081,172.2128674,251.0995,4.544615384615385,3.891666666666666,0.6318286462014289,20.6565
"Sioux Falls, SD",2018,0.6704432537749635,0.3295567462250365,0.212226933616234,0.2411703686362184,0.159311291265949,High Income,13.1,33.9,0.1338782412626832,74.65029759999999,251.0995,4.544615384615385,3.891666666666666,0.6393960058451047,20.6565
"Spartanburg, SC",2018,0.707658321060383,0.2923416789396171,0.1552341134229631,0.2003653209567877,0.2313844912018119,Lower-Middle Income,6.6,23.2,0.1644398736587967,81.16168259999999,251.0995,4.544615384615385,3.891666666666666,0.694231191050669,20.6565
"Springfield, IL",2018,0.6861643695994383,0.3138356304005617,0.13323153797732656,0.1821941602760074,0.1476619152479808,Upper-Middle Income,10.8,33.0,0.1791107301758508,42.7864026,251.0995,4.544615384615385,3.891666666666666,0.6141266803320461,20.6565
"Springfield, MA",2018,0.6145845609899824,0.3854154390100177,0.22325200417586996,0.2891832615457024,0.238875470683074,Upper-Middle Income,7.3,32.9,0.1689452182075183,166.4290544,251.0995,4.544615384615385,3.891666666666666,0.6204983584476808,20.6565
"Springfield, MO",2018,0.6197659378847142,0.3802340621152857,0.15048716811390486,0.2243970287185793,0.2021181534342585,Lower-Middle Income,10.5,26.7,0.1661582565377697,119.5065096,251.0995,4.544615384615385,3.891666666666666,0.6133611756089199,20.6565
"Sumter, SC",2018,0.6235765917417566,0.3764234082582434,0.12867189537078277,0.1848351205396001,0.231875194865513,Low Income,3.6,20.1,0.1649391617845876,19.3146444,251.0995,4.544615384615385,3.891666666666666,0.709525695613427,20.6565
"Syracuse, NY",2018,0.6810361905353807,0.3189638094646193,0.1354736471217591,0.1648632022438767,0.2068167562634952,Upper-Middle Income,11.5,31.9,0.171256967695718,113.366341,251.0995,4.544615384615385,3.891666666666666,0.6304774260710138,20.6565
"Tallahassee, FL",2018,0.5910789813530485,0.4089210186469515,0.1810527672177755,0.2482008557919351,0.2276676629658539,Lower-Middle Income,11.4,36.4,0.1431753364906892,89.991179,251.0995,4.544615384615385,3.891666666666666,0.5740035940991178,20.6565
"Toledo, OH",2018,0.6235446892351783,0.3764553107648218,0.12053812363785572,0.1927148558365677,0.1789405228950488,Lower-Middle Income,11.1,26.8,0.1623564576833186,96.94078520000001,251.0995,4.544615384615385,3.891666666666666,0.5928508621953007,20.6565
"Topeka, KS",2018,0.6808648966066859,0.319135103393314,0.12167791202146704,0.1705877838298699,0.1602524480074532,Lower-Middle Income,9.2,28.3,0.1869953653146684,43.6378696,251.0995,4.544615384615385,3.891666666666666,0.6228031542301078,20.6565
"Tucson, AZ",2018,0.6229671184595462,0.3770328815404538,0.2118633854764616,0.264175615984732,0.2241239940578198,Lower-Middle Income,8.2,31.5,0.1978176701733179,373.85922539999996,251.0995,4.544615384615385,3.891666666666666,0.6115782592593513,20.6565
"Tulsa, OK",2018,0.6496692768116398,0.3503307231883602,0.14662850669036262,0.2088037320381409,0.207547065438362,High Income,7.7,27.6,0.1541992981382957,245.7512842,251.0995,4.544615384615385,3.891666666666666,0.6663862595259809,20.6565
"Tuscaloosa, AL",2018,0.6425105882621551,0.3574894117378449,0.1500797892281996,0.1927466964511665,0.2641157995273386,Low Income,5.1,27.3,0.1404356969313379,51.942109200000004,251.0995,4.544615384615385,3.891666666666666,0.6483897850383004,20.6565
"Tyler, TX",2018,0.6707875339454287,0.3292124660545713,0.16946944867562022,0.2264686856695082,0.2270292598315872,High Income,2.6,28.3,0.1632692065450154,41.3153328,251.0995,4.544615384615385,3.891666666666666,0.7071253071253071,20.6565
"Urban Honolulu, HI",2018,0.5540965841250065,0.4459034158749935,0.6626777351591275,0.4615062849606926,0.2890853521434314,High Income,9.2,35.2,0.1771406415802791,616.0284002000001,251.0995,4.544615384615385,3.891666666666666,0.6988105435290454,20.6565
"Waco, TX",2018,0.5815355232217853,0.4184644767782147,0.15383149869042875,0.2558967696345855,0.2525363865494736,Lower-Middle Income,9.8,24.0,0.1479675938587997,57.314928200000004,251.0995,4.544615384615385,3.891666666666666,0.6541119451261462,20.6565
"Warner Robins, GA",2018,0.6328117352575128,0.3671882647424871,0.14556239936763402,0.196519099882123,0.2134853878657326,Low Income,13.2,27.8,0.1238121293146612,41.7770278,251.0995,4.544615384615385,3.891666666666666,0.6802729649983918,20.6565
"Wichita, KS",2018,0.6638732470789673,0.3361267529210326,0.12915435071188625,0.1757059452186786,0.1645407506706067,Upper-Middle Income,10.0,31.2,0.1503338599230114,130.1734624,251.0995,4.544615384615385,3.891666666666666,0.6400146302838837,20.6565
"Wichita Falls, TX",2018,0.6420474379466828,0.3579525620533171,0.1021798947393158,0.1729256958187998,0.1788466272842168,Lower-Middle Income,6.0,22.9,0.1537546429090716,16.6242796,251.0995,4.544615384615385,3.891666666666666,0.6614121148652373,20.6565
"Wilmington, NC",2018,0.6075972403752296,0.3924027596247704,0.2497635909771788,0.2933282306859416,0.2404056640201887,Upper-Middle Income,11.1,38.1,0.1782934152073795,150.356844,251.0995,4.544615384615385,3.891666666666666,0.5682957497146072,20.6565
"Yuba City, CA",2018,0.5987968374011687,0.4012031625988312,0.2827190934686411,0.3204794737908936,0.2647919355175535,Low Income,5.1,18.0,0.1386690153733528,55.3672186,251.0995,4.544615384615385,3.891666666666666,0.7101409419044346,20.6565
"Abilene, TX",2021,0.6332165948275862,0.3667834051724138,0.1686178925387628,0.1853975699151723,0.229258709583706,Lower-Middle Income,11.5,24.7,0.1455309952521723,48.671283083333336,270.96791666666667,2.957692307692308,5.358333333333333,0.6388739224137931,23.6812
"Akron, OH",2021,0.6775900546283492,0.3224099453716507,0.17696434883149187,0.1858432384299421,0.1893284034872567,Upper-Middle Income,14.7,34.2,0.187101704963465,178.86385008333335,270.96791666666667,2.957692307692308,5.358333333333333,0.606005011021509,23.6812
"Albany, GA",2021,0.5741706979958535,0.4258293020041465,0.124629632774861,0.1687084263505439,0.2030145493432723,Low Income,8.8,23.0,0.1697525193758888,32.81183425,270.96791666666667,2.957692307692308,5.358333333333333,0.6139426399447132,23.6812
"Albuquerque, NM",2021,0.6819934359366536,0.3180065640633464,0.27236155072140594,0.2588028643622755,0.2623228080239787,Lower-Middle Income,8.6,35.1,0.1786009284595538,378.6940651666667,270.96791666666667,2.957692307692308,5.358333333333333,0.619334777852128,23.6812
"Amarillo, TX",2021,0.6420451824824508,0.3579548175175491,0.17661793812658483,0.2137219268205036,0.2267661269093315,Upper-Middle Income,6.0,27.3,0.1424705407616643,83.33827333333333,270.96791666666667,2.957692307692308,5.358333333333333,0.6354085863954568,23.6812
"Ames, IA",2021,0.612973320993119,0.387026679006881,0.21319988341667348,0.2197124293720365,0.1858405196043376,Lower-Middle Income,8.3,44.7,0.1447838662387574,33.27812525,270.96791666666667,2.957692307692308,5.358333333333333,0.5103215162367711,23.6812
"Anchorage, AK",2021,0.6779341351166481,0.3220658648833518,0.3511929884395737,0.239968652098922,0.1944468188049255,High Income,3.5,34.2,0.1285107834115248,,270.96791666666667,2.957692307692308,5.358333333333333,0.6503210896461041,23.6812
"Asheville, NC",2021,0.7074365100338146,0.2925634899661854,0.3520801265302154,0.3013158205431556,0.2985211768594955,Upper-Middle Income,13.5,40.5,0.2315255292257077,384.61316525,270.96791666666667,2.957692307692308,5.358333333333333,0.6119251657022052,23.6812
"Bangor, ME",2021,0.6995155941993552,0.3004844058006448,0.2062994231085199,0.2307641988969606,0.2442378814077302,Lower-Middle Income,9.2,31.3,0.1937878440742316,38.57555,270.96791666666667,2.957692307692308,5.358333333333333,0.5940007029232438,23.6812
"Barnstable Town, MA",2021,0.8227301805543621,0.1772698194456379,0.5841610161045678,0.3798724325196745,0.3049331320932711,High Income,21.0,46.4,0.3230742090520672,463.1188040833333,270.96791666666667,2.957692307692308,5.358333333333333,0.6365710902962772,23.6812
"Baton Rouge, LA",2021,0.6830598267724198,0.3169401732275801,0.21400113739209223,0.2098993546846201,0.2432878114568365,Upper-Middle Income,10.7,29.3,0.1521278120896198,295.9335159166667,270.96791666666667,2.957692307692308,5.358333333333333,0.6536543233905893,23.6812
"Bellingham, WA",2021,0.6051464448757848,0.3948535551242151,0.539532679276499,0.4019808042022732,0.2787733622329699,Upper-Middle Income,10.7,38.3,0.1855692629058125,200.1881208333333,270.96791666666667,2.957692307692308,5.358333333333333,0.6019041629165356,23.6812
"Bend, OR",2021,0.7487554170695891,0.2512445829304108,0.6288136573514019,0.4272918134885139,0.3099090941432798,High Income,11.7,41.2,0.2074257449914795,355.886279,270.96791666666667,2.957692307692308,5.358333333333333,0.6499767200315175,23.6812
"Billings, MT",2021,0.7157497303128371,0.2842502696871629,0.32842444552404565,0.2717787329184101,0.2052816000888989,High Income,9.5,35.0,0.1875832054620209,43.38516833333333,270.96791666666667,2.957692307692308,5.358333333333333,0.6458750706323522,23.6812
"Bismarck, ND",2021,0.7282742200638688,0.2717257799361312,0.2927378699254348,0.2381431224126506,0.1785356522892608,High Income,7.8,34.6,0.1722625123108604,60.52156158333334,270.96791666666667,2.957692307692308,5.358333333333333,0.5944143156780862,23.6812
"Bloomington, IL",2021,0.6424931059873237,0.3575068940126763,0.1856853236300228,0.2034508073685695,0.1852643451026842,Upper-Middle Income,11.7,47.4,0.1446026367993259,58.76426266666666,270.96791666666667,2.957692307692308,5.358333333333333,0.5573249787043587,23.6812
"Bloomington, IN",2021,0.6046985001530456,0.3953014998469544,0.24706162889911493,0.2442771653887563,0.2762127999078866,Lower-Middle Income,13.0,43.9,0.1417484394468172,63.9639495,270.96791666666667,2.957692307692308,5.358333333333333,0.5087695133149679,23.6812
"Boise City, ID",2021,0.7173234246115562,0.2826765753884438,0.48549932412307367,0.3363748583406818,0.262226131812891,Upper-Middle Income,8.3,35.5,0.1550875266697443,583.4918006666667,270.96791666666667,2.957692307692308,5.358333333333333,0.6938421950169346,23.6812
"Brunswick, GA",2021,0.6618266578277698,0.3381733421722301,0.24138104319943746,0.2494103756381059,0.3328842489234331,Lower-Middle Income,11.5,25.6,0.2108090721792876,115.10841466666669,270.96791666666667,2.957692307692308,5.358333333333333,0.6222440818595898,23.6812
"Burlington, NC",2021,0.651918722870369,0.3480812771296309,0.21861812925112,0.2085860449438665,0.2212486020726288,Low Income,7.3,28.9,0.1694358655831421,56.766567166666654,270.96791666666667,2.957692307692308,5.358333333333333,0.6511399852905124,23.6812
"Casper, WY",2021,0.7293015691353191,0.2706984308646809,0.2470077183864308,0.2136340013070773,0.182506477892771,High Income,5.4,27.7,0.1678964238577085,42.29904541666666,270.96791666666667,2.957692307692308,5.358333333333333,0.5715748576935819,23.6812
"Cedar Rapids, IA",2021,0.7645019027634528,0.2354980972365472,0.18556785972969808,0.1831113023889716,0.1532534669319015,Upper-Middle Income,11.5,33.9,0.1730426416395883,79.79409791666667,270.96791666666667,2.957692307692308,5.358333333333333,0.6314951808514422,23.6812
"Charleston, WV",2021,0.7197253315774621,0.2802746684225378,0.11774988136665211,0.1400175709567544,0.1813497236055979,Lower-Middle Income,7.4,25.4,0.2176111519636912,39.20054433333333,270.96791666666667,2.957692307692308,5.358333333333333,0.6392343147399115,23.6812
"Cheyenne, WY",2021,0.666506586169045,0.333493413830955,0.3375626016333761,0.2815393923653136,0.2011626128797889,Upper-Middle Income,9.4,30.7,0.1707563725052794,58.74095525,270.96791666666667,2.957692307692308,5.358333333333333,0.6053100987925357,23.6812
"Chico, CA",2021,0.5844037712192544,0.4155962287807456,0.39518084898479033,0.3675696854214939,0.2794705987823069,Lower-Middle Income,9.2,32.3,0.1836694525920627,103.52668658333332,270.96791666666667,2.957692307692308,5.358333333333333,0.6024485882512015,23.6812
"Cleveland, TN",2021,0.7054900867903495,0.2945099132096505,0.23873581566443297,0.230641518808019,0.2521312575579772,Low Income,8.4,20.8,0.179192175888491,53.827621,270.96791666666667,2.957692307692308,5.358333333333333,0.7027629588343021,23.6812
"Coeur d'Alene, ID",2021,0.7367310501541957,0.2632689498458042,0.5255023516721024,0.3864599622694182,0.2843379500071707,Upper-Middle Income,11.5,26.6,0.1947950097058218,198.0496235,270.96791666666667,2.957692307692308,5.358333333333333,0.6847619188148323,23.6812
"Colorado Springs, CO",2021,0.6722170588913688,0.3277829411086312,0.4340690329219005,0.2825928602800432,0.2508692153050802,Upper-Middle Income,9.4,41.5,0.1371474792604012,714.7650996666666,270.96791666666667,2.957692307692308,5.358333333333333,0.6742217126730752,23.6812
"Columbia, MO",2021,0.6154144986226544,0.3845855013773456,0.2433842169503882,0.2335941744945237,0.1760472255196257,Upper-Middle Income,14.6,45.7,0.1440299629692287,73.73490608333333,270.96791666666667,2.957692307692308,5.358333333333333,0.5654768912014692,23.6812
"Columbia, SC",2021,0.6966764678609566,0.3033235321390433,0.20342355704087337,0.1944116362173328,0.2619531139048451,Lower-Middle Income,11.1,34.9,0.1568088444191485,345.3199868333333,270.96791666666667,2.957692307692308,5.358333333333333,0.6154860863920937,23.6812
"Columbus, IN",2021,0.7142813211144596,0.2857186788855403,0.21357122943013104,0.1792150074793756,0.2032647765120209,Upper-Middle Income,15.9,36.2,0.1628857229463473,29.24064725,270.96791666666667,2.957692307692308,5.358333333333333,0.675041515468356,23.6812
"Columbus, OH",2021,0.6165630879953469,0.3834369120046531,0.25595329300053044,0.2266732467337973,0.2069453338934046,Upper-Middle Income,14.3,39.0,0.1392387879779657,735.4227325,270.96791666666667,2.957692307692308,5.358333333333333,0.6383782628449427,23.6812
"Corpus Christi, TX",2021,0.6072531821655053,0.3927468178344947,0.20688427172372434,0.2519764413323077,0.289535925735275,Lower-Middle Income,7.8,23.4,0.1532790258717341,164.88840658333334,270.96791666666667,2.957692307692308,5.358333333333333,0.6957660381794551,23.6812
"Corvallis, OR",2021,0.5226175349428208,0.4773824650571792,0.4737138604595444,0.4112128782857708,0.2668124532671919,Upper-Middle Income,14.8,54.9,0.1787495964256329,48.76060225,270.96791666666667,2.957692307692308,5.358333333333333,0.5416010165184244,23.6812
"Dover, DE",2021,0.7254264825345248,0.2745735174654752,0.28632249752952466,0.2329404917909996,0.2873692277726828,Low Income,6.9,27.0,0.177568164909937,79.67919775,270.96791666666667,2.957692307692308,5.358333333333333,0.6727378967320821,23.6812
"Dubuque, IA",2021,0.7479867595474532,0.2520132404525468,0.21249535134384656,0.1946532241175064,0.1462099751370612,Upper-Middle Income,20.7,32.6,0.188506655321218,30.10663991666667,270.96791666666667,2.957692307692308,5.358333333333333,0.6484116397411195,23.6812
"East Stroudsburg, PA",2021,0.8148906792905154,0.1851093207094845,0.24694679746854076,0.2237020052127337,0.2359141660369146,Lower-Middle Income,11.9,29.0,0.1853042127214617,105.04724075,270.96791666666667,2.957692307692308,5.358333333333333,0.7230794907976391,23.6812
"El Paso, TX",2021,0.6525869301450312,0.3474130698549688,0.17531460317299694,0.253098431821741,0.2882418080903939,Low Income,4.6,26.0,0.1279735513526597,155.24956733333335,270.96791666666667,2.957692307692308,5.358333333333333,0.7279603712852258,23.6812
"Erie, PA",2021,0.6756179846419623,0.3243820153580376,0.15628340609644076,0.1956047227439757,0.1548200938957322,Lower-Middle Income,11.3,29.2,0.1911854905561482,49.18785883333334,270.96791666666667,2.957692307692308,5.358333333333333,0.5864364468483462,23.6812
"Fairbanks, AK",2021,0.5849393290506781,0.4150606709493219,0.28765534341732135,0.2339089850717341,0.2277459562618458,High Income,4.5,38.1,0.1255322042408963,,270.96791666666667,2.957692307692308,5.358333333333333,0.6190358535112283,23.6812
"Fayetteville, NC",2021,0.5711342912825277,0.4288657087174723,0.18288720868261807,0.2136270258954561,0.2698249571019229,Low Income,6.2,26.6,0.1269948988539577,209.14010475,270.96791666666667,2.957692307692308,5.358333333333333,0.6465652169522674,23.6812
"Flagstaff, AZ",2021,0.5852570495965183,0.4147429504034817,0.5320912230134521,0.4477574797736385,0.3853997364425078,Upper-Middle Income,7.4,39.5,0.1403910321815625,130.985304,270.96791666666667,2.957692307692308,5.358333333333333,0.6006346903617735,23.6812
"Florence, SC",2021,0.6833850971534177,0.3166149028465823,0.15297718419867587,0.1888358288723224,0.3121482912771585,Lower-Middle Income,6.6,21.4,0.1880216201024797,45.51832783333334,270.96791666666667,2.957692307692308,5.358333333333333,0.6267486331784696,23.6812
"Fort Collins, CO",2021,0.6410799155946175,0.3589200844053825,0.5044084321046719,0.3305297378773938,0.2396623596979747,High Income,16.7,51.7,0.1679129899898767,342.1725838333333,270.96791666666667,2.957692307692308,5.358333333333333,0.5933750977827154,23.6812
"Fort Wayne, IN",2021,0.7098375317621555,0.2901624682378445,0.1894249907213104,0.1763596888596838,0.1865216879521348,Upper-Middle Income,13.2,29.7,0.1536032224055522,129.65192091666668,270.96791666666667,2.957692307692308,5.358333333333333,0.6348640372439037,23.6812
"Fresno, CA",2021,0.5580791331676203,0.4419208668323797,0.3498600533905996,0.3013968120324655,0.3216153523566075,Lower-Middle Income,6.4,24.0,0.1260086761689495,364.5993955,270.96791666666667,2.957692307692308,5.358333333333333,0.7169808396818804,23.6812
"Gainesville, FL",2021,0.6121856149867354,0.3878143850132645,0.251342785527191,0.2703807523347618,0.2987857099349668,Lower-Middle Income,15.5,40.1,0.1642247615844305,122.89672241666669,270.96791666666667,2.957692307692308,5.358333333333333,0.5674417915314274,23.6812
"Gainesville, GA",2021,0.6867667761614266,0.3132332238385734,0.31216328750079897,0.2540159393815072,0.2664042347638074,Upper-Middle Income,7.1,25.0,0.1542998230207986,131.58606458333333,270.96791666666667,2.957692307692308,5.358333333333333,0.6991056394401965,23.6812
"Grand Junction, CO",2021,0.7197316446172174,0.2802683553827826,0.35107760233727126,0.2925112947728611,0.2406552849226297,Lower-Middle Income,5.2,31.2,0.2058918867384879,122.850507,270.96791666666667,2.957692307692308,5.358333333333333,0.643488619976174,23.6812
"Great Falls, MT",2021,0.6569104743025391,0.3430895256974609,0.25033055569583695,0.2621615499865616,0.2073568598796171,Upper-Middle Income,8.9,27.4,0.1932529493202068,32.517204666666665,270.96791666666667,2.957692307692308,5.358333333333333,0.6116957700492668,23.6812
"Green Bay, WI",2021,0.6882434444231534,0.3117565555768465,0.24380624690633232,0.2336473970490504,0.1486663869482083,Upper-Middle Income,16.1,31.5,0.1687395672099305,111.6267906666667,270.96791666666667,2.957692307692308,5.358333333333333,0.6265274236103946,23.6812
"Hammond, LA",2021,0.7107282380046078,0.2892717619953922,0.21625788344153427,0.2322114560960805,0.2372228231631571,Low Income,5.9,20.5,0.1610744211156881,30.43585075,270.96791666666667,2.957692307692308,5.358333333333333,0.6126414905339076,23.6812
"Hinesville, GA",2021,0.4518265619665415,0.5481734380334585,0.17864114664475444,0.2095326985113764,0.299143734817715,Low Income,3.9,20.8,0.0999231457333282,31.16710375,270.96791666666667,2.957692307692308,5.358333333333333,0.7108569477637419,23.6812
"Homosassa Springs, FL",2021,0.839912698296445,0.160087301703555,0.23714840389318081,0.2760373398518437,0.338961612614596,Low Income,1.8,20.8,0.3672754186092116,99.32865925,270.96791666666667,2.957692307692308,5.358333333333333,0.6037440126558175,23.6812
"Huntsville, AL",2021,0.7124545516575851,0.2875454483424148,0.27576895047881644,0.2008854534235115,0.2107107909926772,Upper-Middle Income,13.8,42.8,0.1566155058003532,248.0330045833333,270.96791666666667,2.957692307692308,5.358333333333333,0.6600902630886353,23.6812
"Idaho Falls, ID",2021,0.7578751747994407,0.2421248252005593,0.38176196975250015,0.2859213601440281,0.1949910174712574,Lower-Middle Income,6.0,31.0,0.1334288671284133,71.22653133333333,270.96791666666667,2.957692307692308,5.358333333333333,0.7106793258261573,23.6812
"Iowa City, IA",2021,0.615406660170803,0.384593339829197,0.2414583256685804,0.2432268824558942,0.2181500582657083,Upper-Middle Income,21.3,48.7,0.1382370697194184,62.86655575,270.96791666666667,2.957692307692308,5.358333333333333,0.5436321430618445,23.6812
"Jackson, MI",2021,0.7494873823401198,0.2505126176598802,0.1804501890914171,0.1952735446471579,0.1756145773755126,Low Income,7.9,21.9,0.1852920962199312,46.94064483333334,270.96791666666667,2.957692307692308,5.358333333333333,0.6225842388233205,23.6812
"Jackson, MS",2021,0.6638742812531524,0.3361257187468476,0.1721630658766739,0.1798368807448711,0.249530626676719,Lower-Middle Income,11.3,33.0,0.1595700442090265,138.81349408333335,270.96791666666667,2.957692307692308,5.358333333333333,0.6659400616663962,23.6812
"Jackson, TN",2021,0.6824606084352522,0.3175393915647477,0.1709645562517936,0.2016480061902288,0.2371224035816392,Low Income,9.1,25.6,0.1793538681076776,57.749394083333335,270.96791666666667,2.957692307692308,5.358333333333333,0.6559989924715234,23.6812
"Jacksonville, FL",2021,0.6639612831395267,0.3360387168604732,0.3050839918720043,0.2552144850932367,0.2600524583609014,Upper-Middle Income,10.6,35.3,0.167808332101906,1217.0852853333333,270.96791666666667,2.957692307692308,5.358333333333333,0.653257082248518,23.6812
"Jacksonville, NC",2021,0.6301883179934629,0.3698116820065371,0.2128791229783413,0.212412339070026,0.2319789237855922,Lower-Middle Income,1.6,23.8,0.0956587116802483,124.60020891666669,270.96791666666667,2.957692307692308,5.358333333333333,0.7058027105756213,23.6812
"Johnson City, TN",2021,0.6694826374082312,0.3305173625917688,0.211985858763049,0.2267907646865528,0.2556432490096403,Low Income,14.3,29.8,0.2058338026527877,88.43241466666667,270.96791666666667,2.957692307692308,5.358333333333333,0.593751080479906,23.6812
"Johnstown, PA",2021,0.7788289347539027,0.2211710652460973,0.12067912336151472,0.1587161018431402,0.1626345319097065,Low Income,5.5,23.4,0.2356942353234922,14.742694166666666,270.96791666666667,2.957692307692308,5.358333333333333,0.6085053271349239,23.6812
"Jonesboro, AR",2021,0.6559867070667579,0.3440132929332421,0.17011853256884985,0.1885256197718123,0.245108695687989,Low Income,15.4,28.7,0.1449013182283248,41.69341625,270.96791666666667,2.957692307692308,5.358333333333333,0.6638256279933535,23.6812
"Joplin, MO",2021,0.7032708267524337,0.2967291732475662,0.16700285822068248,0.1927823032318617,0.2052576338579432,Low Income,8.4,24.3,0.168389567275297,39.291090916666654,270.96791666666667,2.957692307692308,5.358333333333333,0.679938546363036,23.6812
"Kankakee, IL",2021,0.7208678693320332,0.2791321306679668,0.1687096057935343,0.2022608905117001,0.1979394534247419,Lower-Middle Income,6.4,21.5,0.1836474329509104,30.2279235,270.96791666666667,2.957692307692308,5.358333333333333,0.6450755728912726,23.6812
"Kingston, NY",2021,0.7441008354096439,0.2558991645903561,0.32216130982250785,0.2624542709874599,0.2864555691229998,Upper-Middle Income,12.6,41.1,0.2065963017419965,95.08184758333331,270.96791666666667,2.957692307692308,5.358333333333333,0.6006555367540272,23.6812
"Knoxville, TN",2021,0.6978592325091387,0.3021407674908612,0.25884672288308425,0.2194574651738455,0.2692108982470886,Upper-Middle Income,9.8,32.3,0.1889771803422612,485.8681026666667,270.96791666666667,2.957692307692308,5.358333333333333,0.626587878754362,23.6812
"Kokomo, IN",2021,0.7156583629893238,0.2843416370106761,0.13940169076499176,0.1512550265325367,0.1547725474423951,Low Income,13.8,20.5,0.193697945917526,17.624064083333334,270.96791666666667,2.957692307692308,5.358333333333333,0.6855187517109226,23.6812
"Lafayette, LA",2021,0.6945945369867101,0.3054054630132898,0.19077493361248452,0.2414329168489949,0.2753955800463606,Lower-Middle Income,4.9,24.4,0.1524690533626036,127.77796641666669,270.96791666666667,2.957692307692308,5.358333333333333,0.6509948737624026,23.6812
"Lake Charles, LA",2021,0.7540758254749402,0.2459241745250598,0.2025658003409192,0.2092583968093591,0.2204814505705543,Lower-Middle Income,9.1,25.9,0.1577295380486869,57.20036875,270.96791666666667,2.957692307692308,5.358333333333333,0.6893437439859236,23.6812
"Lancaster, PA",2021,0.6923827613620676,0.3076172386379324,0.2859083088004429,0.2374739073644853,0.1847209402173455,High Income,11.8,29.7,0.1896335604314623,183.42450966666664,270.96791666666667,2.957692307692308,5.358333333333333,0.7008706911736003,23.6812
"Laredo, TX",2021,0.6375714467166265,0.3624285532833735,0.19668148890413426,0.1995929822388956,0.2448969923674925,Low Income,10.9,20.6,0.101177480453078,23.138628416666666,270.96791666666667,2.957692307692308,5.358333333333333,0.7855963419281087,23.6812
"Las Cruces, NM",2021,0.631420472589125,0.3685795274108749,0.2272393628976664,0.2708715935525823,0.2872623330888818,Low Income,11.5,30.1,0.1634523358072846,58.71002025,270.96791666666667,2.957692307692308,5.358333333333333,0.637207278201856,23.6812
"Lawrence, KS",2021,0.5008139231093872,0.4991860768906127,0.2580956376099047,0.2685403324998769,0.236750947074587,Lower-Middle Income,14.8,52.5,0.1370860316848604,36.98402075,270.96791666666667,2.957692307692308,5.358333333333333,0.4967945497296971,23.6812
"Lawton, OK",2021,0.535105294569017,0.464894705430983,0.11795333345969691,0.1602711258726791,0.1920347182320504,Low Income,4.3,24.3,0.1374510143376509,28.49876483333333,270.96791666666667,2.957692307692308,5.358333333333333,0.6431707732969563,23.6812
"Lebanon, PA",2021,0.702218336793793,0.2977816632062069,0.2301929073175673,0.2174254156772657,0.1756566700453515,Upper-Middle Income,9.5,24.9,0.2008042204149331,41.864758083333335,270.96791666666667,2.957692307692308,5.358333333333333,0.6728590682256949,23.6812
"Lincoln, NE",2021,0.6153361937355744,0.3846638062644256,0.2419420300087344,0.2557571319308102,0.1964516530153925,High Income,21.9,42.7,0.1478274811608144,98.83047891666669,270.96791666666667,2.957692307692308,5.358333333333333,0.5902799383542316,23.6812
"Longview, TX",2021,0.7127582406194949,0.2872417593805051,0.1843723290551878,0.2077427515124164,0.2035825905701078,Lower-Middle Income,6.3,21.2,0.1674170105742909,59.98020758333334,270.96791666666667,2.957692307692308,5.358333333333333,0.6944635472110484,23.6812
"Lubbock, TX",2021,0.5679128063706503,0.4320871936293496,0.18236565877167785,0.2260207607137423,0.2540475290926619,Lower-Middle Income,10.0,33.1,0.1293906524655025,135.53691775,270.96791666666667,2.957692307692308,5.358333333333333,0.6221222074179655,23.6812
"Madison, WI",2021,0.6080008466504392,0.3919991533495608,0.3338217323327429,0.2734669470203461,0.2100710963382083,High Income,23.2,48.8,0.1530966080830465,285.9094784166667,270.96791666666667,2.957692307692308,5.358333333333333,0.5577548742143733,23.6812
"Medford, OR",2021,0.6828126892542146,0.3171873107457855,0.4101063998187186,0.3539783067960481,0.2990489468008223,Upper-Middle Income,7.8,33.1,0.2285124299391241,165.765389,270.96791666666667,2.957692307692308,5.358333333333333,0.6111080524571391,23.6812
"Merced, CA",2021,0.5095272282180141,0.4904727717819859,0.37542497593359914,0.3497746943355178,0.3451351116477545,Low Income,8.6,14.4,0.1173562893378156,91.70441516666669,270.96791666666667,2.957692307692308,5.358333333333333,0.7575764708651594,23.6812
"Midland, TX",2021,0.7067840451485847,0.2932159548514153,0.28283675391815205,0.235188921698609,0.1894826311462469,High Income,7.5,34.1,0.1020489923416806,79.26317316666668,270.96791666666667,2.957692307692308,5.358333333333333,0.7074747949795714,23.6812
"Missoula, MT",2021,0.5747637469445888,0.4252362530554112,0.47804070293253453,0.4092564104445626,0.2202919652160934,High Income,22.2,45.6,0.1657868538395255,103.01324675,270.96791666666667,2.957692307692308,5.358333333333333,0.5645437573377986,23.6812
"Mobile, AL",2021,0.649987868171408,0.350012131828592,0.1641295102463136,0.1924963363049796,0.2492534100834564,Low Income,7.0,22.3,0.1703613070390096,131.01334275,270.96791666666667,2.957692307692308,5.358333333333333,0.6395722494777396,23.6812
"Modesto, CA",2021,0.6156972372265497,0.3843027627734502,0.42363406697881045,0.316490357908862,0.2953995874359611,Lower-Middle Income,8.5,19.3,0.1352769173181145,264.99439533333333,270.96791666666667,2.957692307692308,5.358333333333333,0.7527797071333857,23.6812
"Monroe, MI",2021,0.814126092181765,0.1858739078182349,0.20937258906588688,0.189817287808425,0.2077557420674214,Upper-Middle Income,8.2,22.6,0.1975540013138065,46.87145375,270.96791666666667,2.957692307692308,5.358333333333333,0.6523532659888914,23.6812
"Montgomery, AL",2021,0.6508781689581181,0.3491218310418819,0.1680959129613681,0.1742304791651316,0.2427531685167028,Lower-Middle Income,8.2,29.1,0.1632412477314678,135.80301983333334,270.96791666666667,2.957692307692308,5.358333333333333,0.6396659514159315,23.6812
"Muncie, IN",2021,0.6633316658329165,0.3366683341670835,0.12039160578217484,0.1465924930947374,0.1817587817304375,Low Income,6.3,24.5,0.1722430299183881,25.499704083333327,270.96791666666667,2.957692307692308,5.358333333333333,0.5898818974704744,23.6812
"Muskegon, MI",2021,0.7517834197350348,0.2482165802649652,0.1894411863350541,0.2040199604972963,0.1965099317252086,Low Income,5.2,19.6,0.1845664009608466,53.13626,270.96791666666667,2.957692307692308,5.358333333333333,0.6736969589554994,23.6812
"Napa, CA",2021,0.6812461233718161,0.3187538766281838,0.8328877048789722,0.4696709389162866,0.3362609018367532,High Income,9.0,37.7,0.2037193389473375,185.45293875,270.96791666666667,2.957692307692308,5.358333333333333,0.6793053082294563,23.6812
"New Bern, NC",2021,0.681836890692068,0.318163109307932,0.19128208387714582,0.184503543098923,0.2413731143257969,Lower-Middle Income,8.0,27.7,0.2183506489195738,62.11653725,270.96791666666667,2.957692307692308,5.358333333333333,0.6222339820858078,23.6812
"Ocala, FL",2021,0.785056054096652,0.214943945903348,0.23026277285278857,0.2592741400113924,0.3187964183407368,Low Income,4.9,23.1,0.2865423733205499,199.913139,270.96791666666667,2.957692307692308,5.358333333333333,0.6716895035208582,23.6812
"Odessa, TX",2021,0.6723651607474014,0.3276348392525986,0.2177430053756993,0.2334724138895346,0.2249592166604887,Upper-Middle Income,9.5,16.2,0.1018740960078465,23.879809666666667,270.96791666666667,2.957692307692308,5.358333333333333,0.7325032336486466,23.6812
"Oklahoma City, OK",2021,0.6388258456879335,0.3611741543120665,0.19350632849660687,0.2058203230679967,0.2304945926645807,Upper-Middle Income,9.8,33.2,0.1465705543728804,566.82579275,270.96791666666667,2.957692307692308,5.358333333333333,0.6456734281605281,23.6812
"Panama City, FL",2021,0.6334934366041342,0.3665065633958658,0.2948802247145729,0.2872250197022362,0.3161194825005461,Lower-Middle Income,9.6,29.9,0.1785642525450973,265.93409391666665,270.96791666666667,2.957692307692308,5.358333333333333,0.6618216566916462,23.6812
"Peoria, IL",2021,0.7368516429235329,0.2631483570764671,0.12360336063388487,0.1482074360947938,0.1550624242958679,Upper-Middle Income,15.3,30.9,0.1895987933937807,107.62188683333332,270.96791666666667,2.957692307692308,5.358333333333333,0.6252813225227543,23.6812
"Pittsburgh, PA",2021,0.7145173335621207,0.2854826664378794,0.18701580759785164,0.1514161566384084,0.224985749834301,High Income,16.9,38.1,0.2083229588814797,733.73367825,270.96791666666667,2.957692307692308,5.358333333333333,0.5962963757363279,23.6812
"Pittsfield, MA",2021,0.7011339046135203,0.2988660953864797,0.29267070025272185,0.2635231169959512,0.2139924389466208,High Income,7.5,38.4,0.2459252119977925,79.76303266666667,270.96791666666667,2.957692307692308,5.358333333333333,0.5887301999480654,23.6812
"Port St. Lucie, FL",2021,0.7882152134319297,0.2117847865680703,0.33024827763420456,0.3194299633830556,0.3794819034195947,High Income,7.0,30.1,0.2681735220576698,508.56639233333334,270.96791666666667,2.957692307692308,5.358333333333333,0.6512037580739871,23.6812
"Pueblo, CO",2021,0.6827209820782304,0.3172790179217696,0.2715369525735742,0.2735059601913075,0.2580287950197648,Low Income,4.5,26.6,0.1918147410123686,79.73934133333333,270.96791666666667,2.957692307692308,5.358333333333333,0.6277107038420336,23.6812
"Punta Gorda, FL",2021,0.8274823571717534,0.1725176428282465,0.30706999855092826,0.3062862664645731,0.4143406202910652,Lower-Middle Income,2.2,25.9,0.4074408626432563,248.33191375,270.96791666666667,2.957692307692308,5.358333333333333,0.6591675282060503,23.6812
"Racine, WI",2021,0.6700814488794455,0.3299185511205544,0.2258321111414178,0.2157043512608145,0.1875528172179019,Upper-Middle Income,10.9,24.6,0.1756815780919876,48.82909366666666,270.96791666666667,2.957692307692308,5.358333333333333,0.6510851419031719,23.6812
"Rapid City, SD",2021,0.7209552944448308,0.2790447055551693,0.2984339114034469,0.2620085857782457,0.2138632206386805,High Income,3.6,34.6,0.1892201997308591,64.02170141666666,270.96791666666667,2.957692307692308,5.358333333333333,0.6144580407425433,23.6812
"Reading, PA",2021,0.7201543405229076,0.2798456594770923,0.22267758021461279,0.2208902303126125,0.1897491069860673,Upper-Middle Income,8.3,26.2,0.177296886864085,133.30766825,270.96791666666667,2.957692307692308,5.358333333333333,0.6590389016018307,23.6812
"Redding, CA",2021,0.6088579979302436,0.3911420020697564,0.3502704540327592,0.3084177172897627,0.2479439446755897,Lower-Middle Income,5.5,23.6,0.2097409121604928,108.5573645,270.96791666666667,2.957692307692308,5.358333333333333,0.602466925852376,23.6812
"Reno, NV",2021,0.6017775329845029,0.3982224670154971,0.5169282255836725,0.3484502845480035,0.2640269547279197,High Income,12.5,34.3,0.1736791167753527,467.137338,270.96791666666667,2.957692307692308,5.358333333333333,0.6021480609869063,23.6812
"Rochester, MN",2021,0.7506156823079291,0.2493843176920709,0.28099424317584104,0.2113354143912809,0.2118998630471649,High Income,21.6,42.1,0.1682184978274363,98.19717283333331,270.96791666666667,2.957692307692308,5.358333333333333,0.6470491226527112,23.6812
"Rockford, IL",2021,0.6663557399558235,0.3336442600441764,0.14555671892166597,0.1852272186907349,0.2021814109059461,Lower-Middle Income,14.3,24.6,0.1811239510167183,81.69120641666667,270.96791666666667,2.957692307692308,5.358333333333333,0.6466404990746821,23.6812
"Saginaw, MI",2021,0.7173283757143214,0.2826716242856786,0.12100422225506326,0.1606412182498391,0.1964968464410654,Low Income,4.4,22.5,0.1974777283731822,46.9878435,270.96791666666667,2.957692307692308,5.358333333333333,0.6023382327252764,23.6812
"St. Cloud, MN",2021,0.6837187543462594,0.3162812456537406,0.254969721724786,0.2298366428052047,0.1967229300154768,Upper-Middle Income,8.1,27.1,0.1508188377593485,76.26055066666667,270.96791666666667,2.957692307692308,5.358333333333333,0.6287946795463454,23.6812
"St. George, UT",2021,0.7003671611102952,0.2996328388897048,0.49361183313977525,0.3619894982578746,0.2865376137213132,Lower-Middle Income,3.6,34.3,0.2189974166692813,189.49576041666663,270.96791666666667,2.957692307692308,5.358333333333333,0.733646644147452,23.6812
"Salem, OR",2021,0.6314624645892352,0.3685375354107649,0.4058839500596121,0.3446414500262535,0.2553385878166399,Lower-Middle Income,7.3,26.8,0.1682898485615988,221.710624,270.96791666666667,2.957692307692308,5.358333333333333,0.673708771752327,23.6812
"Salinas, CA",2021,0.5085420044436438,0.4914579955563562,0.7410555875968035,0.4597926055524785,0.3184362380492381,High Income,6.6,27.2,0.1448899559823929,414.07531575,270.96791666666667,2.957692307692308,5.358333333333333,0.7194049120278628,23.6812
"Salt Lake City, UT",2021,0.6695568704680959,0.3304431295319041,0.5046828794342489,0.3150262614965158,0.215698684037882,High Income,10.8,36.2,0.1150055302158803,981.87650575,270.96791666666667,2.957692307692308,5.358333333333333,0.6714428636451719,23.6812
"San Angelo, TX",2021,0.6854561840185391,0.3145438159814608,0.2131718426400108,0.2477394859535689,0.2369754871512418,Upper-Middle Income,7.5,23.9,0.1621581767240673,,270.96791666666667,2.957692307692308,5.358333333333333,0.6102909621491718,23.6812
"Santa Fe, NM",2021,0.7441840574751967,0.2558159425248033,0.480943734612903,0.3821215330743329,0.2971889218735444,High Income,16.6,46.2,0.2674725033988183,159.975248,270.96791666666667,2.957692307692308,5.358333333333333,0.5879518759265595,23.6812
"Savannah, GA",2021,0.626573139307632,0.373426860692368,0.25824921785743477,0.2365978617012127,0.2657639094189837,Lower-Middle Income,10.2,35.5,0.1548433201303389,262.1908024166666,270.96791666666667,2.957692307692308,5.358333333333333,0.6640421744488566,23.6812
"Sioux Falls, SD",2021,0.6694007845729644,0.3305992154270356,0.27887119356410117,0.2328396325539643,0.1643198284139279,High Income,13.9,37.0,0.1426437851477754,83.14838708333333,270.96791666666667,2.957692307692308,5.358333333333333,0.6525176789861439,23.6812
"Springfield, IL",2021,0.7216700246250279,0.278329975374972,0.15066163507677346,0.1635517297307918,0.1554299062799868,Upper-Middle Income,15.9,36.4,0.1887910444160293,63.12965608333334,270.96791666666667,2.957692307692308,5.358333333333333,0.5827512872173718,23.6812
"Springfield, MA",2021,0.6412244187564361,0.3587755812435639,0.2806752330594877,0.2785092759623959,0.2599528417115979,Upper-Middle Income,12.0,36.8,0.1855904962570382,212.99121266666663,270.96791666666667,2.957692307692308,5.358333333333333,0.6092687136496149,23.6812
"Springfield, MO",2021,0.6549370070674998,0.3450629929325002,0.210130452338584,0.2250889126175573,0.230334492909982,Lower-Middle Income,17.8,31.2,0.1713059687488271,209.95782075,270.96791666666667,2.957692307692308,5.358333333333333,0.620721089828946,23.6812
"State College, PA",2021,0.6565596856636183,0.3434403143363816,0.2814743302116448,0.2657586385589824,0.3021606116507021,Lower-Middle Income,12.0,45.3,0.1555161972233331,50.32906591666666,270.96791666666667,2.957692307692308,5.358333333333333,0.5707083000104315,23.6812
"Stockton, CA",2021,0.6130832230311052,0.3869167769688947,0.5073287318257217,0.3495399951657006,0.3199156014384804,Upper-Middle Income,6.5,20.1,0.1319377763139559,412.3899333333333,270.96791666666667,2.957692307692308,5.358333333333333,0.7515428524156188,23.6812
"Sumter, SC",2021,0.6655691525361722,0.3344308474638278,0.1624073837772824,0.1809442692386456,0.2598604604874881,Low Income,6.5,22.0,0.1902534945721818,34.98111158333334,270.96791666666667,2.957692307692308,5.358333333333333,0.6256562219905248,23.6812
"Tallahassee, FL",2021,0.5905041655710264,0.4094958344289736,0.2364496618783029,0.2527585590292202,0.2542655534729455,Lower-Middle Income,15.7,40.4,0.1558919941001273,137.33724475,270.96791666666667,2.957692307692308,5.358333333333333,0.5701861840290916,23.6812
"Terre Haute, IN",2021,0.6838436678352322,0.3161563321647677,0.1258268461183276,0.1598003026438854,0.1859914532161642,Low Income,4.8,19.7,0.1758607922991484,25.38007733333333,270.96791666666667,2.957692307692308,5.358333333333333,0.5953111305872042,23.6812
"Toledo, OH",2021,0.6541540826972709,0.3458459173027291,0.15099049658918254,0.1876421707739191,0.2036516643980237,Lower-Middle Income,14.3,30.2,0.1753322250111375,117.95045608333331,270.96791666666667,2.957692307692308,5.358333333333333,0.5812823751212637,23.6812
"Topeka, KS",2021,0.6960453390007084,0.3039546609992916,0.16231168860894685,0.18708857887657,0.1863539637034864,Lower-Middle Income,8.4,31.4,0.195564533459406,51.55408241666666,270.96791666666667,2.957692307692308,5.358333333333333,0.5960745093136642,23.6812
"Tucson, AZ",2021,0.6463841458346801,0.3536158541653199,0.3124150849396952,0.2860006479667112,0.2746029481118484,Lower-Middle Income,11.2,34.9,0.2066851705749836,660.8254725,270.96791666666667,2.957692307692308,5.358333333333333,0.6182644269395218,23.6812
"Tulsa, OK",2021,0.654517981113256,0.345482018886744,0.19648593504845563,0.2120185754104281,0.2435352193198693,High Income,8.4,30.7,0.1605511081429147,410.1592469166667,270.96791666666667,2.957692307692308,5.358333333333333,0.6428589151287485,23.6812
"Tuscaloosa, AL",2021,0.6412177755953843,0.3587822244046157,0.191945160070808,0.1909378236696758,0.2808655672884733,Low Income,12.8,26.4,0.1551841822995972,86.36609166666668,270.96791666666667,2.957692307692308,5.358333333333333,0.6450773385710779,23.6812
"Tyler, TX",2021,0.6891653834308592,0.3108346165691407,0.2240281260204704,0.2249163958094804,0.2490626729643849,High Income,10.6,27.7,0.1708321739057111,58.74199041666666,270.96791666666667,2.957692307692308,5.358333333333333,0.6967908838928242,23.6812
"Urban Honolulu, HI",2021,0.5931622364260721,0.4068377635739278,0.7875412571015754,0.4283486181809093,0.3023751944658399,High Income,15.0,37.1,0.1877179310413732,869.7217150833334,270.96791666666667,2.957692307692308,5.358333333333333,0.6868760962220454,23.6812
"Valdosta, GA",2021,0.5498109589536714,0.4501890410463286,0.16344515687179387,0.2197233453655442,0.2885652873558664,Low Income,5.1,22.3,0.1313110143595013,47.46623,270.96791666666667,2.957692307692308,5.358333333333333,0.6042439262649469,23.6812
"Vallejo, CA",2021,0.6202249757323132,0.3797750242676868,0.5653125626447567,0.3533844099350597,0.3022213621656868,Upper-Middle Income,5.3,29.4,0.1691682384507079,315.84026166666666,270.96791666666667,2.957692307692308,5.358333333333333,0.696644397495194,23.6812
"Visalia, CA",2021,0.5728885823562606,0.4271114176437394,0.3045895155687606,0.269935998079051,0.3023358198771287,Low Income,4.9,16.2,0.1166576530120279,136.96410841666665,270.96791666666667,2.957692307692308,5.358333333333333,0.784312496081259,23.6812
"Waco, TX",2021,0.6190546123871624,0.3809453876128375,0.21894946571463558,0.2420516397506817,0.2550202440447834,Lower-Middle Income,11.4,27.3,0.1494661033566857,84.28967516666667,270.96791666666667,2.957692307692308,5.358333333333333,0.6352190174078208,23.6812
"Warner Robins, GA",2021,0.659991187799366,0.3400088122006339,0.1871367412068478,0.1903807251957979,0.248571489428634,Low Income,4.7,28.8,0.1426559314915542,61.364343833333336,270.96791666666667,2.957692307692308,5.358333333333333,0.7151669343491053,23.6812
"Wenatchee, WA",2021,0.6151306797872117,0.3848693202127883,0.45945955126692023,0.3492057803546536,0.2702723972203263,Upper-Middle Income,10.3,29.2,0.1965672682460151,110.62987675,270.96791666666667,2.957692307692308,5.358333333333333,0.6623772577219874,23.6812
"Wichita, KS",2021,0.6511797110487475,0.3488202889512524,0.16857966923175427,0.1826614737809404,0.1833511033368333,Upper-Middle Income,10.2,30.9,0.160418200423201,187.51148591666663,270.96791666666667,2.957692307692308,5.358333333333333,0.6474338986032158,23.6812
"Wichita Falls, TX",2021,0.65190162896246,0.34809837103754,0.14348203269379933,0.1873384694576779,0.2063985505960409,Lower-Middle Income,3.3,23.7,0.1597712951219021,31.56425,270.96791666666667,2.957692307692308,5.358333333333333,0.6363508426274496,23.6812
"Wilmington, NC",2021,0.6403713757425548,0.3596286242574452,0.3435019927668227,0.2775756696703253,0.2617742315456114,Upper-Middle Income,22.2,39.7,0.1872303680529618,292.1902551666667,270.96791666666667,2.957692307692308,5.358333333333333,0.5752075219324128,23.6812
"Yuba City, CA",2021,0.5771872006753576,0.4228127993246424,0.39715471825380877,0.3501800665460458,0.3294692568225596,Low Income,5.5,18.1,0.1482047741171828,85.88004425,270.96791666666667,2.957692307692308,5.358333333333333,0.7348734516291378,23.6812
"Yuma, AZ",2021,0.7010976113948867,0.2989023886051133,0.22984280403558704,0.2307341790102789,0.274961026667901,Low Income,4.4,17.3,0.194067346248611,70.58000491666667,270.96791666666667,2.957692307692308,5.358333333333333,0.7467225030341019,23.6812
"Abilene, TX",2022,0.6064514166653993,0.3935485833346007,0.18135901848967584,0.2598339203301849,0.2320888638149365,Lower-Middle Income,12.7,25.5,0.1507940016134201,50.385648166666655,292.6254166666667,5.344038461538462,3.641666666666667,0.6857481787903213,26.0069
"Akron, OH",2022,0.6848169598654495,0.3151830401345504,0.1927921989859229,0.2376662888930234,0.1945456575396418,Upper-Middle Income,11.5,36.8,0.194135261393266,182.59920575,292.6254166666667,5.344038461538462,3.641666666666667,0.6103666228111818,26.0069
"Albany, GA",2022,0.5866051609322974,0.4133948390677026,0.14146674468455198,0.2167872841785269,0.1962539897480887,Low Income,5.1,22.0,0.1681296836467719,32.67519541666667,292.6254166666667,5.344038461538462,3.641666666666667,0.652122641509434,26.0069
"Albuquerque, NM",2022,0.7122046216970467,0.2877953783029533,0.30401385513222234,0.3491891988382298,0.2629357292497459,Lower-Middle Income,9.5,36.0,0.1857174554211651,349.2001554166667,292.6254166666667,5.344038461538462,3.641666666666667,0.596335424841424,26.0069
"Amarillo, TX",2022,0.6557167615746472,0.3442832384253528,0.19565669081136716,0.2799863879926739,0.2322514284824908,Upper-Middle Income,9.6,25.7,0.1498195078827169,77.0222615,292.6254166666667,5.344038461538462,3.641666666666667,0.6474077742015351,26.0069
"Ames, IA",2022,0.5969953125306451,0.4030046874693549,0.2318167159219745,0.2797400114112606,0.1787295801479594,Lower-Middle Income,10.0,50.8,0.1472973186994187,34.007573,292.6254166666667,5.344038461538462,3.641666666666667,0.5458254064761606,26.0069
"Anchorage, AK",2022,0.6789743521275318,0.3210256478724682,0.3669279034634439,0.323046676175509,0.2009115465154911,High Income,5.2,33.4,0.1299922590955627,,292.6254166666667,5.344038461538462,3.641666666666667,0.6559700396534,26.0069
"Appleton, WI",2022,0.7392587440381558,0.2607412559618442,0.26825451141416246,0.2673491397869323,0.1647769740619085,Upper-Middle Income,13.2,36.0,0.1688782699258714,59.306031916666655,292.6254166666667,5.344038461538462,3.641666666666667,0.6581875993640699,26.0069
"Asheville, NC",2022,0.6967365307150051,0.303263469284995,0.39631240317902905,0.4247405671112315,0.3109609483781772,Upper-Middle Income,9.0,41.4,0.2402010620242316,380.67055525,292.6254166666667,5.344038461538462,3.641666666666667,0.6419310171198389,26.0069
"Bakersfield, CA",2022,0.609608126697471,0.390391873302529,0.327364879389073,0.3806174258621173,0.2999854040072708,Low Income,6.5,19.0,0.1179282355355482,327.2266621666667,292.6254166666667,5.344038461538462,3.641666666666667,0.7429438115057669,26.0069
"Bangor, ME",2022,0.680952380952381,0.319047619047619,0.22919320104053023,0.2906400982210596,0.2396312239792472,Lower-Middle Income,12.3,27.5,0.2018880445531671,38.74115866666666,292.6254166666667,5.344038461538462,3.641666666666667,0.6025174400970579,26.0069
"Barnstable Town, MA",2022,0.821601500181925,0.1783984998180749,0.6563107001039973,0.5357407761479804,0.3190464859055739,High Income,19.0,50.1,0.33656117045303,427.684593,292.6254166666667,5.344038461538462,3.641666666666667,0.6110069318107606,26.0069
"Baton Rouge, LA",2022,0.6980144217243881,0.3019855782756119,0.22421937959897695,0.2769473124561164,0.2369342677982954,Upper-Middle Income,9.7,30.1,0.1558850479921196,254.5083245,292.6254166666667,5.344038461538462,3.641666666666667,0.6326280409257148,26.0069
"Bay City, MI",2022,0.7469550420920652,0.2530449579079348,0.14050146966603855,0.2030542111324984,0.1945922152616269,Low Income,17.8,22.4,0.2149269118176248,29.455738166666666,292.6254166666667,5.344038461538462,3.641666666666667,0.5962967938384381,26.0069
"Bellingham, WA",2022,0.6525370993429171,0.3474629006570829,0.5690942855340857,0.5633894290201226,0.2945556984899445,Upper-Middle Income,17.0,40.4,0.1903527443134773,184.27179725,292.6254166666667,5.344038461538462,3.641666666666667,0.5695210572389862,26.0069
"Bend, OR",2022,0.6834492644639751,0.3165507355360248,0.6435427825983501,0.5043088587147612,0.2748969463038163,High Income,10.8,44.8,0.2153338917157672,334.90095875,292.6254166666667,5.344038461538462,3.641666666666667,0.6466489636696903,26.0069
"Billings, MT",2022,0.7242959969693143,0.2757040030306857,0.36355530969601035,0.3887826283326266,0.2210418200780209,High Income,12.6,35.1,0.1937352792732166,39.764844166666656,292.6254166666667,5.344038461538462,3.641666666666667,0.637605758302816,26.0069
"Bismarck, ND",2022,0.7202061527017694,0.2797938472982307,0.310496330397753,0.2994613986173137,0.1680749568888532,High Income,20.8,33.5,0.1826641969247249,54.56285516666666,292.6254166666667,5.344038461538462,3.641666666666667,0.6245328799390751,26.0069
"Bloomington, IL",2022,0.6434907591573629,0.3565092408426371,0.2100438365739736,0.2622285501245662,0.1924878059025961,Upper-Middle Income,9.3,47.5,0.1453304585108185,56.08819991666666,292.6254166666667,5.344038461538462,3.641666666666667,0.5652666269835509,26.0069
"Bloomington, IN",2022,0.564206915597157,0.435793084402843,0.2675453245104738,0.344731292230825,0.3033185773420779,Lower-Middle Income,17.0,46.6,0.1577589361583357,64.53249266666666,292.6254166666667,5.344038461538462,3.641666666666667,0.5149925146436825,26.0069
"Boise City, ID",2022,0.7336804707156489,0.2663195292843511,0.47314855514137544,0.4112490784808434,0.2494666757312719,Upper-Middle Income,10.9,37.9,0.160018235416275,529.6360190833333,292.6254166666667,5.344038461538462,3.641666666666667,0.678776852518342,26.0069
"Brunswick, GA",2022,0.6919204578685717,0.3080795421314283,0.2771680485216434,0.3241355006335177,0.3164727327705296,Lower-Middle Income,8.9,29.9,0.2383751811806224,103.11393033333331,292.6254166666667,5.344038461538462,3.641666666666667,0.6449429753101893,26.0069
"Burlington, NC",2022,0.6247130124777184,0.3752869875222816,0.25785342154912727,0.2914050409203056,0.2277208389474762,Low Income,4.1,26.3,0.1730052791843631,62.022758333333336,292.6254166666667,5.344038461538462,3.641666666666667,0.6584812834224599,26.0069
"Carson City, NV",2022,0.596854126265891,0.403145873734109,0.43818643980621835,0.4465396181563556,0.2930448108661226,Upper-Middle Income,8.3,24.0,0.2285566832960605,33.31212525,292.6254166666667,5.344038461538462,3.641666666666667,0.5626804567981039,26.0069
"Casper, WY",2022,0.7492083408018163,0.2507916591981837,0.26829296475360426,0.2862153820786082,0.1803080369677644,High Income,3.7,31.6,0.1742817301290185,38.85812866666666,292.6254166666667,5.344038461538462,3.641666666666667,0.6484435681424389,26.0069
"Cedar Rapids, IA",2022,0.7648725461728656,0.2351274538271344,0.2008503340398564,0.234691310712613,0.1524876533637811,Upper-Middle Income,9.5,35.0,0.1815655026270719,83.909558,292.6254166666667,5.344038461538462,3.641666666666667,0.6079331978284015,26.0069
"Charleston, WV",2022,0.6892674871010179,0.310732512898982,0.12713573367594408,0.1789493197792531,0.1791622830374636,Lower-Middle Income,7.9,24.5,0.2131676205528548,35.05825333333333,292.6254166666667,5.344038461538462,3.641666666666667,0.5997443529049534,26.0069
"Cheyenne, WY",2022,0.7231842853450504,0.2768157146549496,0.35175648204346277,0.3619765407056278,0.1949319591029487,Upper-Middle Income,8.9,28.4,0.1740813915391718,55.426641833333335,292.6254166666667,5.344038461538462,3.641666666666667,0.6429897319015955,26.0069
"Chico, CA",2022,0.5729265158678207,0.4270734841321793,0.4053416815770039,0.4887496105248675,0.2901087764609405,Lower-Middle Income,7.1,34.5,0.1855737736549881,94.0750995,292.6254166666667,5.344038461538462,3.641666666666667,0.5426334036414769,26.0069
"Cleveland, TN",2022,0.7205087182810507,0.2794912817189493,0.25999430943695284,0.3140844788360877,0.2719102759884662,Low Income,12.0,24.1,0.1747523259321129,57.97971125,292.6254166666667,5.344038461538462,3.641666666666667,0.6972194657647988,26.0069
"Coeur d'Alene, ID",2022,0.7090689814749891,0.2909310185250108,0.5470129515541667,0.5264614291273614,0.2775923295772842,Upper-Middle Income,7.6,29.6,0.2034230681236313,168.48596166666667,292.6254166666667,5.344038461538462,3.641666666666667,0.6624128791597134,26.0069
"Colorado Springs, CO",2022,0.6522690601707593,0.3477309398292407,0.45395084948127434,0.3684358304117436,0.2391788975595055,Upper-Middle Income,14.5,42.3,0.1457610422458663,666.87590125,292.6254166666667,5.344038461538462,3.641666666666667,0.6606927051691588,26.0069
"Columbia, MO",2022,0.6097233749843667,0.3902766250156333,0.2692828464734621,0.3061292637972405,0.1788146510132286,Upper-Middle Income,12.2,47.3,0.1435629502349254,67.9680375,292.6254166666667,5.344038461538462,3.641666666666667,0.5510670471729219,26.0069
"Columbia, SC",2022,0.7007408672504873,0.2992591327495126,0.23378793253468558,0.2669002069292685,0.2607879715262314,Lower-Middle Income,12.9,36.7,0.1608874220928422,349.90791125,292.6254166666667,5.344038461538462,3.641666666666667,0.6359355951967303,26.0069
"Columbus, IN",2022,0.7088221628528284,0.2911778371471715,0.231450939378902,0.2273524959982323,0.1916305342938287,Upper-Middle Income,19.7,33.7,0.1707445535073019,33.1069105,292.6254166666667,5.344038461538462,3.641666666666667,0.6142699500522709,26.0069
"Columbus, OH",2022,0.6119882827904352,0.3880117172095648,0.28569074476014117,0.3023911189496898,0.207109563977907,Upper-Middle Income,13.0,40.0,0.1457966209748643,731.147079,292.6254166666667,5.344038461538462,3.641666666666667,0.6200372147457358,26.0069
"Corpus Christi, TX",2022,0.6184951875419691,0.3815048124580308,0.21846713369130447,0.3157802310162184,0.2767123166541225,Lower-Middle Income,9.6,22.3,0.1564815429715294,164.54781125,292.6254166666667,5.344038461538462,3.641666666666667,0.7020880631854954,26.0069
"Corvallis, OR",2022,0.562488733228606,0.437511266771394,0.5113553569438234,0.5424409571998929,0.2787964436672711,Upper-Middle Income,9.6,55.8,0.1793506094438185,45.7519265,292.6254166666667,5.344038461538462,3.641666666666667,0.534238108727563,26.0069
"Danville, IL",2022,0.6526302192656699,0.3473697807343301,0.07728654816187902,0.1624563463305874,0.1473083046426422,Low Income,1.7,15.5,0.2032293293888328,9.300724916666667,292.6254166666667,5.344038461538462,3.641666666666667,0.54099525301127,26.0069
"Decatur, AL",2022,0.7671521655806822,0.2328478344193177,0.2088968840143208,0.2295364853473539,0.2069538839957812,Low Income,5.3,22.4,0.1838399237732253,35.23663716666666,292.6254166666667,5.344038461538462,3.641666666666667,0.6660597930241472,26.0069
"Dothan, AL",2022,0.7022926163777327,0.2977073836222673,0.16673023977277576,0.2266645336687072,0.2537219812007901,Low Income,9.7,21.5,0.1958732469167371,39.64381483333334,292.6254166666667,5.344038461538462,3.641666666666667,0.6430140085848335,26.0069
"Dover, DE",2022,0.7400574173095501,0.2599425826904499,0.3141749271757561,0.3132514270413714,0.2765895411828161,Low Income,5.0,25.3,0.1850534378911557,72.5629985,292.6254166666667,5.344038461538462,3.641666666666667,0.6948855055308379,26.0069
"Dubuque, IA",2022,0.7238706820194862,0.2761293179805137,0.23141814557083712,0.2602097643724649,0.1525714377164654,Upper-Middle Income,17.4,33.5,0.1950505183578746,35.159324833333336,292.6254166666667,5.344038461538462,3.641666666666667,0.6202637535675622,26.0069
"East Stroudsburg, PA",2022,0.8184340214357101,0.1815659785642899,0.2818013775282327,0.3236285546899072,0.2663567203140236,Lower-Middle Income,14.2,29.2,0.1948468283113434,107.10995008333332,292.6254166666667,5.344038461538462,3.641666666666667,0.6920770582761829,26.0069
"Eau Claire, WI",2022,0.6780877816662747,0.3219122183337252,0.2653761189135624,0.2973027874575399,0.1707532914910651,Upper-Middle Income,13.6,33.9,0.1814056345165971,54.926008166666655,292.6254166666667,5.344038461538462,3.641666666666667,0.5972639121353381,26.0069
"El Paso, TX",2022,0.62662319354935,0.3733768064506499,0.20031442836217708,0.3163330780808798,0.2875684135752042,Low Income,12.7,25.8,0.1308848727739311,164.80275775,292.6254166666667,5.344038461538462,3.641666666666667,0.7039858833987309,26.0069
"Enid, OK",2022,0.6584540643706082,0.3415459356293918,0.11731515163111438,0.1685588495179101,0.1916970496577727,Low Income,10.0,22.6,0.1799418604651163,15.46221825,292.6254166666667,5.344038461538462,3.641666666666667,0.6611434024464301,26.0069
"Erie, PA",2022,0.6969070682745359,0.3030929317254641,0.17151825459271342,0.249391608542147,0.1610514528864805,Lower-Middle Income,14.5,31.3,0.1965751300949983,48.357953166666654,292.6254166666667,5.344038461538462,3.641666666666667,0.597235950613734,26.0069
"Fairbanks, AK",2022,0.5958079023450048,0.4041920976549952,0.2922928737315815,0.2826318065452479,0.2210413919202582,High Income,18.7,28.5,0.1205587482696421,,292.6254166666667,5.344038461538462,3.641666666666667,0.6060338365992076,26.0069
"Fayetteville, NC",2022,0.618471057430479,0.3815289425695209,0.217281099079188,0.2937471203983064,0.2692776187520169,Low Income,8.2,26.6,0.1329522139810095,225.13604416666664,292.6254166666667,5.344038461538462,3.641666666666667,0.6603393147482814,26.0069
"Flagstaff, AZ",2022,0.5643105875379714,0.4356894124620286,0.5791069755587213,0.5916400298696483,0.3673951334614945,Upper-Middle Income,5.2,42.1,0.1425655976676385,138.081873,292.6254166666667,5.344038461538462,3.641666666666667,0.5775172260502334,26.0069
"Florence, SC",2022,0.6454607199456645,0.3545392800543355,0.16877532256194194,0.2556733920470807,0.3298820531154843,Lower-Middle Income,5.1,24.3,0.1857231103008753,48.73353083333333,292.6254166666667,5.344038461538462,3.641666666666667,0.6738359369104219,26.0069
"Fond du Lac, WI",2022,0.6774876018017199,0.3225123981982802,0.22652174418159304,0.2690812498209151,0.141676456658217,Upper-Middle Income,11.8,21.6,0.2036191686890866,24.176694,292.6254166666667,5.344038461538462,3.641666666666667,0.625233177123618,26.0069
"Fort Collins, CO",2022,0.6395903906315783,0.3604096093684217,0.5460726783677403,0.4540317736774936,0.2430831949978403,High Income,16.7,52.9,0.1755666915681965,313.5915270833333,292.6254166666667,5.344038461538462,3.641666666666667,0.6015570855814134,26.0069
"Fort Wayne, IN",2022,0.7067252995997477,0.2932747004002523,0.20980015475853148,0.2447380082603671,0.1919547163506284,Upper-Middle Income,13.0,30.6,0.1603094283648926,134.85820925,292.6254166666667,5.344038461538462,3.641666666666667,0.6422310381212311,26.0069
"Fresno, CA",2022,0.5498515204247342,0.4501484795752658,0.3775878114399646,0.40632063114113,0.3229538303140627,Lower-Middle Income,8.4,24.2,0.1290221534885095,345.95420975,292.6254166666667,5.344038461538462,3.641666666666667,0.7028267697511477,26.0069
"Gainesville, FL",2022,0.5893209177467388,0.4106790822532611,0.28356265676238057,0.364053990717296,0.2953412401218425,Lower-Middle Income,19.3,41.9,0.1734410934075798,132.65942041666668,292.6254166666667,5.344038461538462,3.641666666666667,0.5612110789536233,26.0069
"Gainesville, GA",2022,0.6985241689201006,0.3014758310798994,0.35579708314892977,0.3528546544639308,0.2651849466774439,Upper-Middle Income,5.1,30.4,0.1601658736576834,129.74001675,292.6254166666667,5.344038461538462,3.641666666666667,0.7362473261492514,26.0069
"Gettysburg, PA",2022,0.7642344379978365,0.2357655620021634,0.2756481151167734,0.2971009052923899,0.1630343691633402,Upper-Middle Income,10.7,24.3,0.2179916436379412,31.271618916666668,292.6254166666667,5.344038461538462,3.641666666666667,0.6731487855246336,26.0069
"Grand Junction, CO",2022,0.7529107569480147,0.2470892430519853,0.37561196203508546,0.4210391269416617,0.260722466761317,Lower-Middle Income,10.6,32.0,0.2113706850903956,112.64380908333331,292.6254166666667,5.344038461538462,3.641666666666667,0.6685366074938761,26.0069
"Great Falls, MT",2022,0.6926972809325751,0.3073027190674249,0.2803043767459138,0.3392333124853808,0.2210093498892387,Upper-Middle Income,4.4,28.0,0.1949118589743589,32.83439275,292.6254166666667,5.344038461538462,3.641666666666667,0.5814729932376991,26.0069
"Green Bay, WI",2022,0.6883800500065798,0.3116199499934202,0.265577807354029,0.2951571097137302,0.1459647611092527,Upper-Middle Income,13.7,30.0,0.1752388795368946,108.48290208333331,292.6254166666667,5.344038461538462,3.641666666666667,0.6043704581012121,26.0069
"Greenville, NC",2022,0.5283167418399211,0.471683258160079,0.2217644066930517,0.2978055146355036,0.2723997090018277,Lower-Middle Income,14.0,36.4,0.1483675421511795,53.0274595,292.6254166666667,5.344038461538462,3.641666666666667,0.5543115642264271,26.0069
"Hammond, LA",2022,0.7261506316624426,0.2738493683375573,0.2206155964787572,0.3037883067956292,0.2358200767252625,Low Income,2.7,20.3,0.1547924814663475,33.42211075,292.6254166666667,5.344038461538462,3.641666666666667,0.6531950705179052,26.0069
"Hattiesburg, MS",2022,0.661898823564764,0.3381011764352359,0.1836081222135996,0.2657203838051501,0.2445314991637134,Low Income,11.4,29.3,0.1605452128431526,38.58021108333334,292.6254166666667,5.344038461538462,3.641666666666667,0.6142254007842901,26.0069
"Hinesville, GA",2022,0.5324623115577889,0.467537688442211,0.2110266564887826,0.292445946092179,0.3007884373650766,Low Income,7.3,21.6,0.0939098254203588,35.93764766666666,292.6254166666667,5.344038461538462,3.641666666666667,0.7090117252931323,26.0069
"Homosassa Springs, FL",2022,0.8690780915614116,0.1309219084385884,0.27853198323915385,0.3974466181189875,0.3407329469516518,Low Income,6.8,19.4,0.3676636169545127,110.80894233333332,292.6254166666667,5.344038461538462,3.641666666666667,0.6455876799127187,26.0069
"Hot Springs, AR",2022,0.7150419056021173,0.2849580943978826,0.2281512216824553,0.3278890221544125,0.2787176564178998,Low Income,3.5,25.9,0.2515361328417708,52.40933008333334,292.6254166666667,5.344038461538462,3.641666666666667,0.5771283634759594,26.0069
"Huntsville, AL",2022,0.7046442927018257,0.2953557072981742,0.2986524080232635,0.2654060001007738,0.2026753159569766,Upper-Middle Income,16.1,43.9,0.1595152245536625,247.84121308333332,292.6254166666667,5.344038461538462,3.641666666666667,0.6427187757276381,26.0069
"Idaho Falls, ID",2022,0.7451715663966506,0.2548284336033494,0.3856021122681254,0.3685158124135083,0.1904479967579471,Lower-Middle Income,7.7,32.7,0.1330217823697622,68.7274525,292.6254166666667,5.344038461538462,3.641666666666667,0.7670155638481843,26.0069
"Iowa City, IA",2022,0.6280467629866548,0.3719532370133451,0.26098292227007913,0.3086803393241402,0.2161213687548913,Upper-Middle Income,20.5,51.1,0.1428898659709147,66.02185366666666,292.6254166666667,5.344038461538462,3.641666666666667,0.5061624572626007,26.0069
"Jackson, MS",2022,0.6761251572944463,0.3238748427055537,0.18551577668278532,0.2378075600323088,0.2519181577105269,Lower-Middle Income,10.2,33.0,0.1677071475439197,130.70843441666668,292.6254166666667,5.344038461538462,3.641666666666667,0.6353937046523458,26.0069
"Jackson, TN",2022,0.6602306210335449,0.3397693789664551,0.18467958408872842,0.2625707662208948,0.2440347264802539,Low Income,4.6,20.7,0.1808964693053712,67.858343,292.6254166666667,5.344038461538462,3.641666666666667,0.6440106527651859,26.0069
"Jacksonville, FL",2022,0.6720870918684694,0.3279129081315306,0.35721524428526524,0.362559042883925,0.2578858680779709,Upper-Middle Income,14.0,36.5,0.1729316308481155,1190.2798634166668,292.6254166666667,5.344038461538462,3.641666666666667,0.6707820828360808,26.0069
"Jacksonville, NC",2022,0.6408996284487075,0.3591003715512925,0.24871764843594046,0.2931572629838085,0.2332601659068405,Lower-Middle Income,2.3,28.5,0.1038022556898764,134.36227941666667,292.6254166666667,5.344038461538462,3.641666666666667,0.7143271232443542,26.0069
"Johnson City, TN",2022,0.6872610318924025,0.3127389681075975,0.23155931443965125,0.3080838558562066,0.2684937289020004,Low Income,12.9,32.0,0.2022572681485397,89.20164566666668,292.6254166666667,5.344038461538462,3.641666666666667,0.6149858305969143,26.0069
"Johnstown, PA",2022,0.7522498868266184,0.2477501131733816,0.11648163474056596,0.1864825717310715,0.1670371212723859,Low Income,14.6,23.3,0.2428085604948227,12.39649075,292.6254166666667,5.344038461538462,3.641666666666667,0.6162607514712539,26.0069
"Jonesboro, AR",2022,0.6263312557321205,0.3736687442678795,0.18133298574277873,0.2442483688560789,0.2368859692195331,Low Income,17.2,23.3,0.1455959619812267,41.911504,292.6254166666667,5.344038461538462,3.641666666666667,0.6772605611394987,26.0069
"Joplin, MO",2022,0.6658258173618941,0.334174182638106,0.1878300927537804,0.2664836502272802,0.2136648620368939,Low Income,7.4,24.8,0.171566550416653,41.2827575,292.6254166666667,5.344038461538462,3.641666666666667,0.6490980834272829,26.0069
"Kankakee, IL",2022,0.700800788468646,0.2991992115313539,0.18065980752682137,0.2565079928651145,0.2153393515241412,Lower-Middle Income,7.5,21.9,0.1759337820766634,28.750047,292.6254166666667,5.344038461538462,3.641666666666667,0.6431686583713194,26.0069
"Knoxville, TN",2022,0.7002837642998001,0.2997162357001999,0.2987087212563862,0.3123300091847386,0.2834582624233929,Upper-Middle Income,14.8,32.4,0.1892532486869591,518.1938735,292.6254166666667,5.344038461538462,3.641666666666667,0.6500637049500505,26.0069
"Kokomo, IN",2022,0.7430073842022824,0.2569926157977176,0.151175025461351,0.2006165178853965,0.1570171938338559,Low Income,11.3,20.4,0.2083662383037786,18.44935658333333,292.6254166666667,5.344038461538462,3.641666666666667,0.6053087939136272,26.0069
"Lafayette, LA",2022,0.671341736449589,0.328658263550411,0.1949145715140449,0.3016801422524441,0.2634109104641136,Lower-Middle Income,10.3,25.9,0.15764302416212,113.75240483333332,292.6254166666667,5.344038461538462,3.641666666666667,0.6233729470438977,26.0069
"Lake Charles, LA",2022,0.7003192088627402,0.2996807911372598,0.204555800118546,0.2598059774011926,0.1874295913185905,Lower-Middle Income,6.3,24.0,0.1661085193286745,58.39086141666666,292.6254166666667,5.344038461538462,3.641666666666667,0.6504725542968016,26.0069
"Lancaster, PA",2022,0.6973954795864463,0.3026045204135537,0.31656243213047297,0.3203502429918454,0.1920283281066895,High Income,12.9,32.6,0.1976828372219198,184.4669945833333,292.6254166666667,5.344038461538462,3.641666666666667,0.6848681231605162,26.0069
"Laredo, TX",2022,0.636544311007162,0.363455688992838,0.20491246531306742,0.2648740008470894,0.243671193251387,Low Income,7.2,22.4,0.1005825677795205,23.53732791666667,292.6254166666667,5.344038461538462,3.641666666666667,0.8066142342975557,26.0069
"Las Cruces, NM",2022,0.6648356774660042,0.3351643225339957,0.2582023551076752,0.3542588698051453,0.2810647283538569,Low Income,11.2,28.6,0.1665330867702172,59.315703,292.6254166666667,5.344038461538462,3.641666666666667,0.6175914911482752,26.0069
"Lawrence, KS",2022,0.5230257920713263,0.4769742079286738,0.2785603961753948,0.3565307015964717,0.2419904291693265,Lower-Middle Income,10.8,48.9,0.1423176953085926,36.79406625,292.6254166666667,5.344038461538462,3.641666666666667,0.5199211908931699,26.0069
"Lawton, OK",2022,0.569861756917367,0.4301382430826331,0.1296108340395897,0.2059468474294039,0.2067574206356129,Low Income,9.9,25.2,0.1389355173679156,31.354003333333328,292.6254166666667,5.344038461538462,3.641666666666667,0.6267436768906774,26.0069
"Lebanon, PA",2022,0.725821341297855,0.274178658702145,0.25575705670784227,0.2773577920713273,0.1767525402722353,Upper-Middle Income,15.1,25.7,0.2045885383755407,42.215566333333335,292.6254166666667,5.344038461538462,3.641666666666667,0.6902163091682505,26.0069
"Lincoln, NE",2022,0.5954615855635198,0.4045384144364802,0.26277487305859615,0.3250067762264532,0.1985700358669716,High Income,10.5,40.7,0.1567510381591248,101.46284058333332,292.6254166666667,5.344038461538462,3.641666666666667,0.5731513165003782,26.0069
"Longview, TX",2022,0.6980256581903548,0.3019743418096452,0.20336056888560508,0.26873937227842,0.2032066433292203,Lower-Middle Income,4.3,20.5,0.1679732435040296,67.65313541666667,292.6254166666667,5.344038461538462,3.641666666666667,0.6844446074700364,26.0069
"Longview, WA",2022,0.7130014302254307,0.2869985697745692,0.3882987352659956,0.4176202659564136,0.2145562949617142,Lower-Middle Income,3.4,16.6,0.2000696702275894,60.85204441666666,292.6254166666667,5.344038461538462,3.641666666666667,0.6920701945560626,26.0069
"Lubbock, TX",2022,0.5436044971041375,0.4563955028958625,0.2029856351232188,0.3040916894697062,0.2622743057573151,Lower-Middle Income,13.3,34.6,0.1324941418093505,107.07836758333332,292.6254166666667,5.344038461538462,3.641666666666667,0.601748873831245,26.0069
"Madera, CA",2022,0.6895188739322339,0.310481126067766,0.3894536337740565,0.4385683830250507,0.3744922083454495,Low Income,8.2,21.4,0.1498290235623003,72.236671,292.6254166666667,5.344038461538462,3.641666666666667,0.7639605612771471,26.0069
"Madison, WI",2022,0.6094877035669546,0.3905122964330454,0.3622870864586625,0.3653253638430316,0.2181348032779111,High Income,25.1,50.5,0.1623064081609485,263.2027570833333,292.6254166666667,5.344038461538462,3.641666666666667,0.5664600778004879,26.0069
"Manhattan, KS",2022,0.5017057569296375,0.4982942430703624,0.2224679314116351,0.3172321542318001,0.217449951312756,Lower-Middle Income,9.3,38.3,0.1122850787543585,,292.6254166666667,5.344038461538462,3.641666666666667,0.5983330102733088,26.0069
"Mankato, MN",2022,0.6300373405751418,0.3699626594248582,0.27200191156311854,0.3135783416958735,0.2268627575070989,Lower-Middle Income,15.3,35.6,0.1624452302252287,36.64531458333334,292.6254166666667,5.344038461538462,3.641666666666667,0.5687890984918287,26.0069
"Medford, OR",2022,0.6433001274931391,0.3566998725068608,0.4209588650123608,0.4475155137456251,0.2856412382636781,Upper-Middle Income,6.5,30.2,0.2339021132988034,149.29127516666665,292.6254166666667,5.344038461538462,3.641666666666667,0.6375197182185535,26.0069
"Merced, CA",2022,0.5848684959581009,0.4151315040418991,0.3964735500676973,0.5033591470905198,0.3650928401005012,Low Income,5.4,16.2,0.1176839738771231,87.39602666666667,292.6254166666667,5.344038461538462,3.641666666666667,0.7629511556415803,26.0069
"Midland, TX",2022,0.6331654048577299,0.3668345951422701,0.28728567425803814,0.2746512338873455,0.2001898241926517,High Income,5.9,30.0,0.106468153246001,77.87667641666667,292.6254166666667,5.344038461538462,3.641666666666667,0.6495173229011286,26.0069
"Missoula, MT",2022,0.5959931031897747,0.4040068968102253,0.5199616791169488,0.543051413015544,0.221914686039407,High Income,15.3,47.1,0.172586148495138,101.96878583333331,292.6254166666667,5.344038461538462,3.641666666666667,0.5234828891637617,26.0069
"Mobile, AL",2022,0.6633188729160132,0.3366811270839868,0.17659184779698248,0.2532352092737018,0.255960885524753,Low Income,7.1,24.9,0.1758454218946779,127.88281466666669,292.6254166666667,5.344038461538462,3.641666666666667,0.6144276693082081,26.0069
"Modesto, CA",2022,0.6206684321375938,0.3793315678624062,0.4426949848538029,0.4091649991464859,0.2874009720529967,Lower-Middle Income,4.0,18.8,0.1383193505963448,241.57110175,292.6254166666667,5.344038461538462,3.641666666666667,0.7338016160270129,26.0069
"Monroe, LA",2022,0.5934547214324603,0.4065452785675397,0.15201293454585035,0.2320700273108764,0.1956734116086186,Low Income,7.0,25.3,0.1708688858327295,41.96411908333334,292.6254166666667,5.344038461538462,3.641666666666667,0.6472203738430827,26.0069
"Monroe, MI",2022,0.7928065325834842,0.2071934674165157,0.22331464108814325,0.2499083046622528,0.2058665788729147,Upper-Middle Income,7.4,22.4,0.1974950035023681,45.68582008333333,292.6254166666667,5.344038461538462,3.641666666666667,0.6390556985352525,26.0069
"Montgomery, AL",2022,0.680527503082129,0.3194724969178711,0.1832779610970807,0.2288721625420953,0.2316153927919177,Lower-Middle Income,7.1,31.7,0.1647009733594681,126.45855433333331,292.6254166666667,5.344038461538462,3.641666666666667,0.6413451197439866,26.0069
"Morgantown, WV",2022,0.6307145098859713,0.3692854901140286,0.2143178913065721,0.2697629976772609,0.2673667198225543,Lower-Middle Income,19.6,41.1,0.1526010167256329,39.766622,292.6254166666667,5.344038461538462,3.641666666666667,0.5390033825016564,26.0069
"Morristown, TN",2022,0.7530770909945763,0.2469229090054237,0.24134760347525325,0.3086449189206833,0.2660000140037737,Low Income,4.1,20.3,0.2004966751498235,58.47196158333334,292.6254166666667,5.344038461538462,3.641666666666667,0.7074202810941514,26.0069
"Muncie, IN",2022,0.6620540039597287,0.3379459960402712,0.13286238463884337,0.1977849419366361,0.1803992545273164,Low Income,7.0,26.7,0.176299417125617,24.83869,292.6254166666667,5.344038461538462,3.641666666666667,0.5739500400185349,26.0069
"Napa, CA",2022,0.6190102890739834,0.3809897109260166,0.867440686184898,0.6236404934480997,0.3357899033081335,High Income,5.9,39.9,0.2156515264333581,154.9071705,292.6254166666667,5.344038461538462,3.641666666666667,0.6286526212640863,26.0069
"New Bern, NC",2022,0.7479178341610466,0.2520821658389534,0.2210116966917691,0.2635606771293673,0.2616657610469975,Lower-Middle Income,10.3,26.7,0.2240269085585993,59.21648508333334,292.6254166666667,5.344038461538462,3.641666666666667,0.6638389147616379,26.0069
"Niles, MI",2022,0.7570248456034496,0.2429751543965503,0.2302563739521441,0.2958926739983692,0.2454547393303875,Upper-Middle Income,5.8,30.4,0.2153891432308698,68.98457233333333,292.6254166666667,5.344038461538462,3.641666666666667,0.6269684572980998,26.0069
"Ocala, FL",2022,0.7850140355812688,0.2149859644187312,0.2800697825977853,0.3749850593425226,0.3126352680729166,Low Income,4.2,22.9,0.2905969753919503,214.66971858333332,292.6254166666667,5.344038461538462,3.641666666666667,0.643832600466018,26.0069
"Odessa, TX",2022,0.6427405943079482,0.3572594056920518,0.21494802725553488,0.2833117727945052,0.2554939973311357,Upper-Middle Income,5.6,15.3,0.0989376449160497,24.603214416666667,292.6254166666667,5.344038461538462,3.641666666666667,0.6769274216323072,26.0069
"Oklahoma City, OK",2022,0.6325193149468378,0.3674806850531621,0.21816546627633576,0.2670726910053077,0.2219512120381131,Upper-Middle Income,9.5,34.0,0.1492832572736367,583.3960513333334,292.6254166666667,5.344038461538462,3.641666666666667,0.6427954634007645,26.0069
"Panama City, FL",2022,0.6622007995546784,0.3377992004453216,0.3447050618466482,0.3979082231202779,0.2982531273450766,Lower-Middle Income,7.8,28.3,0.1821869564747696,277.29659275,292.6254166666667,5.344038461538462,3.641666666666667,0.644185516927281,26.0069
"Peoria, IL",2022,0.7426801103373322,0.2573198896626678,0.13251668163396263,0.186152278687883,0.1595529544243085,Upper-Middle Income,12.3,31.0,0.1967436506477183,98.18240033333332,292.6254166666667,5.344038461538462,3.641666666666667,0.6236835421355117,26.0069
"Pittsburgh, PA",2022,0.7045237801498854,0.2954762198501146,0.19525709633804728,0.1964687283348443,0.2205446302120795,High Income,16.4,38.1,0.2159245896000803,726.2879734166667,292.6254166666667,5.344038461538462,3.641666666666667,0.5837519117528988,26.0069
"Pittsfield, MA",2022,0.6999314716463937,0.3000685283536063,0.3260677560793962,0.3465618153610036,0.2131143527261366,High Income,11.5,39.0,0.250197483165049,72.45156716666668,292.6254166666667,5.344038461538462,3.641666666666667,0.5932328250813774,26.0069
"Pocatello, ID",2022,0.6891971036098392,0.3108028963901608,0.31399239236526816,0.3533936957021469,0.1672536804372514,Low Income,7.6,29.0,0.1540584415584415,22.01644575,292.6254166666667,5.344038461538462,3.641666666666667,0.6391758066233628,26.0069
"Port St. Lucie, FL",2022,0.8028007917010632,0.1971992082989367,0.3938181091533138,0.4633997320414885,0.3828518637120945,High Income,7.4,30.1,0.2712085421827889,463.0953175,292.6254166666667,5.344038461538462,3.641666666666667,0.6661975473180629,26.0069
"Pueblo, CO",2022,0.6905070754716981,0.3094929245283019,0.28957810661658484,0.3515254778036634,0.2453821455956903,Low Income,8.4,23.8,0.1928407964894068,82.15889991666667,292.6254166666667,5.344038461538462,3.641666666666667,0.6021079009433963,26.0069
"Punta Gorda, FL",2022,0.830991520833103,0.1690084791668969,0.3654721166415952,0.4127089862558727,0.4340259454975833,Lower-Middle Income,5.6,27.5,0.4050063899812988,249.04619475,292.6254166666667,5.344038461538462,3.641666666666667,0.6528405761853698,26.0069
"Racine, WI",2022,0.7207112038792939,0.2792887961207061,0.2393377925892029,0.2767467316081896,0.1942275654534472,Upper-Middle Income,12.8,31.7,0.1815099619088467,42.59356525,292.6254166666667,5.344038461538462,3.641666666666667,0.5991523590128673,26.0069
"Rapid City, SD",2022,0.6838776602864409,0.3161223397135591,0.3352708452798665,0.3524813622215546,0.2126931544489045,High Income,5.3,33.1,0.188922630961419,59.04465541666666,292.6254166666667,5.344038461538462,3.641666666666667,0.6065787712488288,26.0069
"Reading, PA",2022,0.7205379108784521,0.2794620891215479,0.25293361438690226,0.290235955535055,0.194934679407736,Upper-Middle Income,10.3,27.3,0.1813780494321046,124.95406633333332,292.6254166666667,5.344038461538462,3.641666666666667,0.6703230301572914,26.0069
"Redding, CA",2022,0.6792860854057545,0.3207139145942454,0.36205515697684354,0.3808573303797861,0.2359949418184275,Lower-Middle Income,5.3,23.8,0.218935499917095,97.06349541666668,292.6254166666667,5.344038461538462,3.641666666666667,0.5967309339586874,26.0069
"Reno, NV",2022,0.6060288570915404,0.3939711429084596,0.5268770451797139,0.4556779367218502,0.2554650670110419,High Income,13.5,31.6,0.1793893129770992,400.023504,292.6254166666667,5.344038461538462,3.641666666666667,0.6185964597178152,26.0069
"Rochester, MN",2022,0.7388716247427876,0.2611283752572124,0.2993664985842136,0.2825425178479482,0.2167071935864352,High Income,21.1,43.0,0.179894156695444,93.76631808333332,292.6254166666667,5.344038461538462,3.641666666666667,0.6367110401881325,26.0069
"Rockford, IL",2022,0.6915103984001313,0.3084896015998686,0.1585942413450087,0.2305909216263606,0.1992142850798501,Lower-Middle Income,9.0,26.0,0.1860369413911767,71.08270633333333,292.6254166666667,5.344038461538462,3.641666666666667,0.6392460320421458,26.0069
"Rome, GA",2022,0.650773229710925,0.349226770289075,0.20499994018025264,0.2723043156165397,0.2134703923775966,Low Income,4.7,24.1,0.1765031223917219,36.43202475,292.6254166666667,5.344038461538462,3.641666666666667,0.6783154357129729,26.0069
"St. Cloud, MN",2022,0.6833778456060028,0.3166221543939972,0.27363068493879256,0.2960740304114109,0.1949958010667119,Upper-Middle Income,11.7,30.0,0.1578011373768997,70.18084916666668,292.6254166666667,5.344038461538462,3.641666666666667,0.6227394124380008,26.0069
"St. George, UT",2022,0.7607906413876563,0.2392093586123437,0.5161114203740913,0.4793670021778683,0.2825970166511391,Lower-Middle Income,7.4,36.6,0.2236038041278834,193.13729891666662,292.6254166666667,5.344038461538462,3.641666666666667,0.7533349097939936,26.0069
"Salem, OR",2022,0.6277078272939077,0.3722921727060923,0.4272391111173367,0.4430968931877836,0.2582397896542181,Lower-Middle Income,6.2,27.6,0.1743823871176232,203.98517566666663,292.6254166666667,5.344038461538462,3.641666666666667,0.6645206464085659,26.0069
"Salinas, CA",2022,0.5139376637892622,0.4860623362107378,0.7775787747943714,0.6441754845822246,0.3410978502934964,High Income,10.6,27.5,0.1529924363186079,337.59229325,292.6254166666667,5.344038461538462,3.641666666666667,0.7289500117059761,26.0069
"Salt Lake City, UT",2022,0.6764501129030819,0.3235498870969181,0.5328754968551028,0.4175042111147847,0.2131130838703596,High Income,10.5,37.9,0.1185650506124273,852.690548,292.6254166666667,5.344038461538462,3.641666666666667,0.6806516248226128,26.0069
"San Angelo, TX",2022,0.6559908552426478,0.3440091447573521,0.21676283667446056,0.3219935043375165,0.2461782155360851,Upper-Middle Income,9.3,24.3,0.1687624144327527,12.963032181818182,292.6254166666667,5.344038461538462,3.641666666666667,0.6808064013301465,26.0069
"Santa Fe, NM",2022,0.6972006306879478,0.3027993693120522,0.5153639783192228,0.4817899183916709,0.2834842030946397,High Income,6.1,45.5,0.2764993832870798,142.71045266666667,292.6254166666667,5.344038461538462,3.641666666666667,0.5703161738264502,26.0069
"Savannah, GA",2022,0.626596161858778,0.373403838141222,0.3014598341884773,0.3194873222559403,0.2728068029532353,Lower-Middle Income,13.9,33.4,0.1576655281292052,252.48514708333332,292.6254166666667,5.344038461538462,3.641666666666667,0.634408470380628,26.0069
"Sheboygan, WI",2022,0.7166264297304785,0.2833735702695215,0.23897830505162382,0.2731565695534739,0.1624420896907903,Upper-Middle Income,19.2,27.5,0.2011354282465355,32.44812033333333,292.6254166666667,5.344038461538462,3.641666666666667,0.6215617208216251,26.0069
"Sioux Falls, SD",2022,0.675447220051591,0.324552779948409,0.30717117263904586,0.3170280449897636,0.1729407109555782,High Income,18.8,37.1,0.1462451822534091,77.43938033333333,292.6254166666667,5.344038461538462,3.641666666666667,0.6120759916983859,26.0069
"Springfield, IL",2022,0.7433075755485028,0.2566924244514971,0.15854533874159646,0.2029563966895137,0.1609165541479632,Upper-Middle Income,18.5,35.2,0.1967710071868932,55.72657341666665,292.6254166666667,5.344038461538462,3.641666666666667,0.60346810174325,26.0069
"Springfield, MA",2022,0.6389053898855491,0.3610946101144509,0.30653308575409804,0.3695922185667603,0.2821250554823895,Upper-Middle Income,13.2,36.1,0.1923564806349106,215.95254875,292.6254166666667,5.344038461538462,3.641666666666667,0.5953103567455474,26.0069
"Springfield, MO",2022,0.6252708484499713,0.3747291515500288,0.23845801337122008,0.298879569278805,0.2243323779215467,Lower-Middle Income,13.6,29.8,0.1759961041078138,219.2358628333333,292.6254166666667,5.344038461538462,3.641666666666667,0.621592814071609,26.0069
"Springfield, OH",2022,0.6797958345974694,0.3202041654025306,0.15863549399087912,0.229653512640745,0.211642233053996,Low Income,9.6,20.5,0.2049009500782461,27.69004725,292.6254166666667,5.344038461538462,3.641666666666667,0.5857441150750451,26.0069
"State College, PA",2022,0.608730171857684,0.391269828142316,0.30072346215725065,0.3461404451391371,0.2970297227775235,Lower-Middle Income,10.4,46.0,0.1614833517437273,48.11618616666666,292.6254166666667,5.344038461538462,3.641666666666667,0.5514828721239889,26.0069
"Stockton, CA",2022,0.6330884693451507,0.3669115306548492,0.5260851916108349,0.4560183019767467,0.3158673992777586,Upper-Middle Income,7.2,22.9,0.1348198313475679,363.89265133333333,292.6254166666667,5.344038461538462,3.641666666666667,0.7470556380036626,26.0069
"Sumter, SC",2022,0.7080298751486326,0.2919701248513674,0.173851193569461,0.2377262247292728,0.2664897497516257,Low Income,2.6,23.9,0.1927885862516212,35.41144908333334,292.6254166666667,5.344038461538462,3.641666666666667,0.645009661117717,26.0069
"Tallahassee, FL",2022,0.5780423703343713,0.4219576296656286,0.2589188665869921,0.332301193930052,0.2623691745683144,Lower-Middle Income,14.9,40.2,0.1585426879084967,136.7648545,292.6254166666667,5.344038461538462,3.641666666666667,0.5576117608691482,26.0069
"Terre Haute, IN",2022,0.6885406998962712,0.3114593001037288,0.13600487600662087,0.2155294817259123,0.1956912666713634,Low Income,9.6,22.9,0.1893490801924051,29.01453633333333,292.6254166666667,5.344038461538462,3.641666666666667,0.6100889883714582,26.0069
"The Villages, FL",2022,0.8897559472106251,0.1102440527893748,0.4155455762081034,0.4238608349191652,0.2878450949344855,High Income,11.6,38.0,0.5784093260674622,141.53672516666666,292.6254166666667,5.344038461538462,3.641666666666667,0.6485471713973493,26.0069
"Toledo, OH",2022,0.662664754588627,0.337335245411373,0.1635357404097058,0.2312831094294844,0.2011424762425541,Lower-Middle Income,14.2,30.7,0.1828715270837497,122.24289,292.6254166666667,5.344038461538462,3.641666666666667,0.5738972522285558,26.0069
"Topeka, KS",2022,0.6963412526558703,0.3036587473441296,0.17936830597378806,0.2404717152282371,0.1879913109047333,Lower-Middle Income,7.5,28.8,0.197322495610118,39.3898094,292.6254166666667,5.344038461538462,3.641666666666667,0.6216719021623105,26.0069
"Tucson, AZ",2022,0.6531987380547072,0.3468012619452928,0.3389732986244084,0.3719732323605239,0.263477874579094,Lower-Middle Income,8.9,37.1,0.2121620995520978,638.9333989166666,292.6254166666667,5.344038461538462,3.641666666666667,0.5929516185571025,26.0069
"Tulsa, OK",2022,0.657019238538782,0.3429807614612181,0.21670001087222948,0.2751000490618237,0.2392387893959899,High Income,9.6,30.5,0.1645674374756208,398.57185791666666,292.6254166666667,5.344038461538462,3.641666666666667,0.6431308597719387,26.0069
"Tuscaloosa, AL",2022,0.6335761763490931,0.3664238236509069,0.20660323050569024,0.2580136000911719,0.2861295893813998,Low Income,9.8,31.2,0.1506452101531337,86.79259275,292.6254166666667,5.344038461538462,3.641666666666667,0.6162454466934545,26.0069
"Twin Falls, ID",2022,0.7044804139288903,0.2955195860711097,0.35129140091998895,0.4027421766985318,0.2606334579437525,Low Income,7.4,20.2,0.156728872705204,47.48779116666665,292.6254166666667,5.344038461538462,3.641666666666667,0.7332127567023055,26.0069
"Tyler, TX",2022,0.7096020472499351,0.2903979527500649,0.2511507241884544,0.2957004088592575,0.2416646547273631,High Income,4.4,26.9,0.1739651623250469,61.58578358333334,292.6254166666667,5.344038461538462,3.641666666666667,0.6864715845170543,26.0069
"Urban Honolulu, HI",2022,0.5965553513494347,0.4034446486505652,0.859110026546584,0.5908159741835683,0.2897131630048264,High Income,13.9,37.7,0.1961696921973649,821.29201025,292.6254166666667,5.344038461538462,3.641666666666667,0.6782512602012777,26.0069
"Valdosta, GA",2022,0.6091151146305197,0.3908848853694803,0.18140174390852837,0.279927238412139,0.2726506096740211,Low Income,9.2,25.5,0.1453489908062982,49.14534783333334,292.6254166666667,5.344038461538462,3.641666666666667,0.654829005152322,26.0069
"Vallejo, CA",2022,0.6458749230981706,0.3541250769018293,0.5758399224626681,0.4484125249446488,0.287757881684862,Upper-Middle Income,4.5,28.5,0.1762485320236124,277.8476106666667,292.6254166666667,5.344038461538462,3.641666666666667,0.6986829384659812,26.0069
"Victoria, TX",2022,0.6494702287224106,0.3505297712775895,0.20924524401582903,0.2702068371519877,0.208150849636425,Upper-Middle Income,10.6,17.9,0.1777789213668176,24.608245833333328,292.6254166666667,5.344038461538462,3.641666666666667,0.6730897541968027,26.0069
"Visalia, CA",2022,0.5848500303921638,0.4151499696078363,0.3303063906003395,0.3514749850814268,0.2826759348488865,Low Income,4.6,16.1,0.1182341313051781,141.7615785,292.6254166666667,5.344038461538462,3.641666666666667,0.7640380356182185,26.0069
"Waco, TX",2022,0.6194865892019012,0.3805134107980987,0.2501576695503893,0.3238980175764493,0.2614788788044515,Lower-Middle Income,14.1,26.6,0.1600386120864316,99.47200658333331,292.6254166666667,5.344038461538462,3.641666666666667,0.6742808378895978,26.0069
"Walla Walla, WA",2022,0.6400872204882637,0.3599127795117363,0.3884368793441653,0.4029189878480793,0.2433673850550206,Lower-Middle Income,3.8,35.0,0.2096461463887542,32.45382566666667,292.6254166666667,5.344038461538462,3.641666666666667,0.5978878960194963,26.0069
"Warner Robins, GA",2022,0.6520315603027212,0.3479684396972787,0.21621033567759762,0.2658784684285213,0.2603880202217964,Low Income,10.7,31.9,0.151074962284238,63.86502358333333,292.6254166666667,5.344038461538462,3.641666666666667,0.6965943857012507,26.0069
"Wenatchee, WA",2022,0.6889969905594261,0.3110030094405738,0.479759954494467,0.4774754939727634,0.2834564099362843,Upper-Middle Income,14.1,31.3,0.2035240658083436,104.55354208333331,292.6254166666667,5.344038461538462,3.641666666666667,0.7213793956383724,26.0069
"Wichita, KS",2022,0.6710702222081589,0.328929777791841,0.1863979219211508,0.2415345432385553,0.1863538100908568,Upper-Middle Income,10.2,32.9,0.1645855094848155,184.714382,292.6254166666667,5.344038461538462,3.641666666666667,0.6386447596370627,26.0069
"Wichita Falls, TX",2022,0.6300027601435275,0.3699972398564725,0.15794093955468527,0.2319253235880643,0.2061098039665376,Lower-Middle Income,7.9,24.1,0.1622582870615342,36.34032425,292.6254166666667,5.344038461538462,3.641666666666667,0.6351435274634281,26.0069
"Wilmington, NC",2022,0.6685664182376151,0.3314335817623849,0.3951643631279558,0.3839861308114032,0.2665234606610276,Upper-Middle Income,18.3,42.1,0.1897371764596318,269.4295064166667,292.6254166666667,5.344038461538462,3.641666666666667,0.6147349961928056,26.0069
"Yakima, WA",2022,0.6297936449963477,0.3702063550036523,0.31832687217050587,0.3673121851424062,0.2165504409410654,Low Income,8.0,18.9,0.1439877665845658,84.4431685,292.6254166666667,5.344038461538462,3.641666666666667,0.6938230460189919,26.0069
"Yuba City, CA",2022,0.6316139450935689,0.368386054906431,0.41410060202678434,0.4316114246859231,0.3098298729080492,Low Income,5.5,20.7,0.1522047119187366,82.51677391666666,292.6254166666667,5.344038461538462,3.641666666666667,0.7117887337323074,26.0069
"Yuma, AZ",2022,0.7027591921540497,0.2972408078459502,0.26321302142468933,0.3174358401313764,0.2653915372463084,Low Income,3.8,16.6,0.2059352777590669,64.14811083333333,292.6254166666667,5.344038461538462,3.641666666666667,0.7252062282795553,26.0069
"Abilene, TX",2015,0.6071212019133598,0.3928787980866401,0.11851042804122834,0.1874155391236813,0.2038306014250609,Lower-Middle Income,5.7,20.7,0.1420182095878571,,237.00175,3.850576923076922,5.275,0.6344573199487974,18.295
"Akron, OH",2015,0.6549020024357776,0.3450979975642224,0.11948554737922204,0.1774195815938127,0.1734832525498003,Upper-Middle Income,12.9,30.1,0.1622877330694092,,237.00175,3.850576923076922,5.275,0.6293511201744697,18.295
"Albuquerque, NM",2015,0.6652879535304591,0.3347120464695408,0.17254501003890602,1.180276960291653,0.2225215049913244,Lower-Middle Income,5.2,30.2,0.1497060832545251,,237.00175,3.850576923076922,5.275,0.6188300884439125,18.295
"Anchorage, AK",2015,0.6466692723504989,0.3533307276495011,0.29510548406130815,0.2492258475542215,0.1970497870441745,High Income,6.9,31.7,0.0932464543885539,,237.00175,3.850576923076922,5.275,0.6597148988576781,18.295
"Ann Arbor, MI",2015,0.586839875741316,0.413160124258684,0.240032918256185,0.268556511596366,0.3040703422298704,High Income,20.8,55.2,0.1247659384752563,,237.00175,3.850576923076922,5.275,0.571459605065931,18.295
"Asheville, NC",2015,0.6658287518312493,0.3341712481687506,0.2128659131810573,0.272565634517775,0.2550145625099653,Upper-Middle Income,7.5,32.8,0.2098290215737176,,237.00175,3.850576923076922,5.275,0.6105317785958709,18.295
"Bakersfield, CA",2015,0.5659182673498612,0.4340817326501388,0.18676371851528092,0.2468288348248558,0.2433975401992631,Low Income,3.5,16.2,0.1008914320951828,,237.00175,3.850576923076922,5.275,0.7554857505327169,18.295
"Baton Rouge, LA",2015,0.6949240521070758,0.3050759478929243,0.1775730214468677,0.2154313963637645,0.2309314809617774,Upper-Middle Income,9.9,28.2,0.1281150659859358,,237.00175,3.850576923076922,5.275,0.644334270550851,18.295
"Bellingham, WA",2015,0.6370793396898392,0.3629206603101608,0.28393920958341096,0.3181497886531611,0.2208658192966687,Upper-Middle Income,8.6,33.0,0.1585234874036667,,237.00175,3.850576923076922,5.275,0.5986403908876198,18.295
"Billings, MT",2015,0.6749533232384116,0.3250466767615883,0.2353674444227448,0.2670051112742148,0.1865141260891538,High Income,7.4,29.9,0.1628132215981905,,237.00175,3.850576923076922,5.275,0.6149571455873921,18.295
"Boise City, ID",2015,0.683793740743914,0.3162062592560861,0.1967476428804549,0.2309972901402808,0.2078018564796999,Upper-Middle Income,5.1,30.1,0.1323601657295057,,237.00175,3.850576923076922,5.275,0.6346482585298785,18.295
"Casper, WY",2015,0.6204397494165336,0.3795602505834664,0.21541254902073426,0.2265883793241943,0.1861512285065184,High Income,2.5,22.2,0.1265302148993648,,237.00175,3.850576923076922,5.275,0.584019162265078,18.295
"Cedar Rapids, IA",2015,0.7324466008588478,0.2675533991411521,0.14176546070371956,0.1749508199874695,0.1465571582383933,Upper-Middle Income,10.5,28.1,0.1515937453014584,,237.00175,3.850576923076922,5.275,0.6309092261074861,18.295
"Cheyenne, WY",2015,0.6536301006889242,0.3463698993110757,0.24010614843469918,0.2559884994168655,0.1796110189296774,Upper-Middle Income,7.2,27.5,0.1429351015743248,,237.00175,3.850576923076922,5.275,0.6419183889772125,18.295
"Chico, CA",2015,0.5753848679196614,0.4246151320803386,0.24423382041148245,0.3396944255681349,0.2676632177724679,Lower-Middle Income,9.3,27.8,0.1743481906384338,,237.00175,3.850576923076922,5.275,0.595610219371783,18.295
"Colorado Springs, CO",2015,0.6181919023849141,0.381808097615086,0.2382271695686773,0.2291551693058539,0.207518268170272,Upper-Middle Income,7.7,36.5,0.120595079787234,,237.00175,3.850576923076922,5.275,0.6929447090098877,18.295
"Columbia, MO",2015,0.5579303563165201,0.4420696436834799,0.16482385532682753,0.2222020884619084,0.1723837473657815,Upper-Middle Income,19.1,48.5,0.1041068958816738,,237.00175,3.850576923076922,5.275,0.5364848449791763,18.295
"Columbia, SC",2015,0.6658372819973962,0.3341627180026038,0.1356452269134369,0.1708373360278582,0.2180142400649526,Lower-Middle Income,10.5,31.4,0.1362269206759654,,237.00175,3.850576923076922,5.275,0.6401594004639267,18.295
"Columbus, OH",2015,0.6050609604508069,0.394939039549193,0.1578047442306664,0.1972346240068551,0.1788450924589616,Upper-Middle Income,10.9,35.1,0.1225079539698619,,237.00175,3.850576923076922,5.275,0.6389155047753217,18.295
"Corpus Christi, TX",2015,0.5734746402365839,0.4265253597634161,0.1531041859483131,0.2305983376197106,0.2568675364526542,Lower-Middle Income,5.6,20.5,0.1428571428571428,,237.00175,3.850576923076922,5.275,0.6731628246532289,18.295
"Dover, DE",2015,0.6775133249035645,0.3224866750964354,0.19422571803946317,0.2064431549599172,0.2383734143537058,Low Income,7.6,21.3,0.1601424512916851,,237.00175,3.850576923076922,5.275,0.6823791155145094,18.295
"East Stroudsburg, PA",2015,0.7734595283849068,0.2265404716150931,0.1378538660235841,0.2059206809528866,0.1877893894321841,Lower-Middle Income,6.0,24.9,0.1540111901055908,,237.00175,3.850576923076922,5.275,0.7128643522925234,18.295
"El Paso, TX",2015,0.6153390255000402,0.3846609744999598,0.1262186400349062,0.2397310972297336,0.2658901513679486,Low Income,4.3,22.8,0.1164209880682896,,237.00175,3.850576923076922,5.275,0.7422733234172884,18.295
"Fayetteville, NC",2015,0.5215444961285525,0.4784555038714475,0.13062915127615607,0.2159321858531261,0.2259297931685663,Low Income,5.5,25.2,0.1091527692565118,,237.00175,3.850576923076922,5.275,0.6519853016229458,18.295
"Flint, MI",2015,0.7054034546878059,0.2945965453121941,0.0782462194378561,0.1389993834182524,0.1726092887526848,Low Income,5.7,20.8,0.1602048441154779,,237.00175,3.850576923076922,5.275,0.6303826580544137,18.295
"Fort Collins, CO",2015,0.6449810386193019,0.3550189613806981,0.31810891064297353,0.2913638045135424,0.2342527881568732,High Income,15.0,46.2,0.1426477245133807,,237.00175,3.850576923076922,5.275,0.6040476743286123,18.295
"Fresno, CA",2015,0.5207571110650902,0.4792428889349099,0.2085244131533423,0.279997119741302,0.2754780613521386,Lower-Middle Income,5.8,19.2,0.1147517440947991,,237.00175,3.850576923076922,5.275,0.7169248773047477,18.295
"Gainesville, FL",2015,0.5550240170614074,0.4449759829385926,0.15344149034280322,0.24436845371752,0.2484904976167702,Lower-Middle Income,13.7,42.0,0.1314969246716098,,237.00175,3.850576923076922,5.275,0.5944980874397128,18.295
"Gainesville, GA",2015,0.6451421338042476,0.3548578661957524,0.1793164467941221,0.207132460457235,0.211321523756595,Upper-Middle Income,2.6,22.7,0.1372568269305293,,237.00175,3.850576923076922,5.275,0.7720858272515588,18.295
"Grand Junction, CO",2015,0.6699624149256763,0.3300375850743236,0.2032021444909598,0.2449884030171136,0.2040107159860794,Lower-Middle Income,2.3,30.3,0.1760519281140371,,237.00175,3.850576923076922,5.275,0.6565875461348322,18.295
"Greenville, NC",2015,0.5231081990230204,0.4768918009769795,0.1268631965433227,0.2028587889493743,0.227382781346648,Lower-Middle Income,7.5,31.6,0.1175657692701402,,237.00175,3.850576923076922,5.275,0.5854272091730774,18.295
"Hinesville, GA",2015,0.4973451962402239,0.5026548037597761,0.1296682388639561,0.2261267328735056,0.2603848806893168,Low Income,2.0,17.5,0.0793290276738018,,237.00175,3.850576923076922,5.275,0.6866614048934491,18.295
"Huntsville, AL",2015,0.689044851027824,0.310955148972176,0.16400447659786868,0.1831138124769359,0.1693570133936356,Upper-Middle Income,9.2,38.1,0.1411393315825448,,237.00175,3.850576923076922,5.275,0.6571640519504605,18.295
"Idaho Falls, ID",2015,0.701694766613317,0.298305233386683,0.16276881396270976,0.1851055605831469,0.138929238479855,Lower-Middle Income,5.1,27.1,0.1254424414904647,,237.00175,3.850576923076922,5.275,0.7524281423340861,18.295
"Iowa City, IA",2015,0.5993487372045557,0.4006512627954443,0.18812895103252142,0.2396091852586012,0.2277724668012948,Upper-Middle Income,11.6,43.6,0.1131244819757594,,237.00175,3.850576923076922,5.275,0.5797952728915756,18.295
"Jacksonville, FL",2015,0.6323599335445339,0.3676400664554661,0.1748683563564374,0.2201451695307735,0.2221753643218964,Upper-Middle Income,10.7,30.0,0.1461074688112503,,237.00175,3.850576923076922,5.275,0.6587966787184015,18.295
"Jacksonville, NC",2015,0.5190131385959766,0.4809868614040234,0.14645002394376308,0.2072139123128225,0.1996732460984625,Lower-Middle Income,5.4,20.8,0.0882234543317356,,237.00175,3.850576923076922,5.275,0.7128498865232897,18.295
"Knoxville, TN",2015,0.6776143138836865,0.3223856861163134,0.15220142208627763,0.1956828046309808,0.2269820162907204,Upper-Middle Income,11.1,27.9,0.1742783565573722,,237.00175,3.850576923076922,5.275,0.6536287139815513,18.295
"Lancaster, PA",2015,0.6738642226336075,0.3261357773663925,0.1984556408050912,0.2244607217324292,0.1662713438375719,High Income,8.2,25.8,0.1691277318942127,,237.00175,3.850576923076922,5.275,0.702922521319535,18.295
"Las Cruces, NM",2015,0.6287601666867656,0.3712398333132344,0.1626976454351677,0.2630257431157412,0.2593122741045274,Low Income,5.0,26.4,0.1442077509974567,,237.00175,3.850576923076922,5.275,0.7047473569964224,18.295
"Lawton, OK",2015,0.5353038142772105,0.4646961857227895,0.09851249364348566,0.1524232048857069,0.1635493460999505,Low Income,9.6,19.9,0.1149324940075508,,237.00175,3.850576923076922,5.275,0.6531892485919685,18.295
"Lubbock, TX",2015,0.5462415708931088,0.4537584291068913,0.1256553781430932,0.2098437608569642,0.257966524833197,Lower-Middle Income,11.1,25.8,0.1206978776249628,,237.00175,3.850576923076922,5.275,0.6149327000611415,18.295
"Madison, WI",2015,0.606147385942347,0.393852614057653,0.22539119869692825,0.2511871864526888,0.2020701292313605,High Income,24.9,43.5,0.1307576572573415,,237.00175,3.850576923076922,5.275,0.584364833169403,18.295
"Medford, OR",2015,0.6098287948876914,0.3901712051123086,0.2508393137338416,0.3453261677653411,0.2707454151113547,Upper-Middle Income,6.5,25.6,0.2109029153161121,,237.00175,3.850576923076922,5.275,0.6314917258810625,18.295
"Merced, CA",2015,0.5117196389289236,0.4882803610710763,0.20268465912152137,0.2789672249499285,0.254997449733513,Low Income,5.3,14.4,0.1075673762828034,,237.00175,3.850576923076922,5.275,0.7602088548383018,18.295
"Missoula, MT",2015,0.5870173241494469,0.4129826758505531,0.26125962413674025,0.3647677358615742,0.2005674319759812,High Income,6.8,42.9,0.1395153309219572,,237.00175,3.850576923076922,5.275,0.5511792945105406,18.295
"Mobile, AL",2015,0.654042814735383,0.345957185264617,0.10658945587896872,0.1681076634963632,0.2086030153781322,Low Income,11.0,23.5,0.1477750093284704,,237.00175,3.850576923076922,5.275,0.649531182570715,18.295
"Modesto, CA",2015,0.5645324494068388,0.4354675505931612,0.2437793740143081,0.2783598343817917,0.2404501164010267,Lower-Middle Income,4.8,16.4,0.1241966760031798,,237.00175,3.850576923076922,5.275,0.7338567108629914,18.295
"Montgomery, AL",2015,0.6310128204240228,0.3689871795759771,0.12840388036129258,0.1722324030795652,0.2216475388685454,Lower-Middle Income,8.0,28.0,0.1376509915165075,,237.00175,3.850576923076922,5.275,0.6642309477140027,18.295
"Ocala, FL",2015,0.7603152674742667,0.2396847325257332,0.12389006138951784,0.2124436957445259,0.2471087257148816,Low Income,9.2,19.7,0.2833907252355399,,237.00175,3.850576923076922,5.275,0.620640916096369,18.295
"Oklahoma City, OK",2015,0.6393261185489651,0.3606738814510349,0.13809478792496271,0.1921827191761166,0.2113749575793819,Upper-Middle Income,9.8,29.3,0.1295003430375162,,237.00175,3.850576923076922,5.275,0.6504571607328827,18.295
"Panama City, FL",2015,0.6207657924497819,0.3792342075502181,0.1732976113598236,0.2532783894756975,0.2407337802106788,Lower-Middle Income,8.1,22.4,0.1636430764250997,,237.00175,3.850576923076922,5.275,0.6145322849911142,18.295
"Peoria, IL",2015,0.7237236041131446,0.2762763958868553,0.11028415259257313,0.1585933572531721,0.1467505192154503,Upper-Middle Income,7.9,27.4,0.1659473668853302,,237.00175,3.850576923076922,5.275,0.6415802016742013,18.295
"Pittsburgh, PA",2015,0.6918397948210491,0.308160205178951,0.13376614236966297,0.1808862361510509,0.2220610391496652,High Income,14.8,33.0,0.1867541844716101,,237.00175,3.850576923076922,5.275,0.6145786107002035,18.295
"Port St. Lucie, FL",2015,0.7294321265927596,0.2705678734072404,0.17550483970805494,0.2623543851483087,0.29480617585575,High Income,4.8,25.0,0.251817098534449,,237.00175,3.850576923076922,5.275,0.6472066332397994,18.295
"Pueblo, CO",2015,0.6341230848794362,0.3658769151205637,0.13210569831146746,0.2045799357334613,0.2192049716139891,Low Income,6.7,21.6,0.1756147954349567,,237.00175,3.850576923076922,5.275,0.653759131165557,18.295
"Punta Gorda, FL",2015,0.758638246343108,0.241361753656892,0.1687809067455594,0.2656754385357851,0.3554276194093708,Lower-Middle Income,1.7,21.0,0.384403431245126,,237.00175,3.850576923076922,5.275,0.6608138046813722,18.295
"Reading, PA",2015,0.7156108358806789,0.2843891641193212,0.15409591980851142,0.1674268147670447,0.1568955172339052,Upper-Middle Income,8.4,24.4,0.161482501787989,,237.00175,3.850576923076922,5.275,0.6795417413302414,18.295
"Redding, CA",2015,0.615281021218069,0.3847189787819309,0.22080720484149988,0.301583484499614,0.2325626443374726,Lower-Middle Income,8.6,22.0,0.198676566425114,,237.00175,3.850576923076922,5.275,0.6360979383658791,18.295
"Reno, NV",2015,0.5595889351610519,0.440411064838948,0.2781329746073353,0.2947352445552329,0.2153223288378379,High Income,4.2,29.6,0.1525364744268937,,237.00175,3.850576923076922,5.275,0.6177142824409553,18.295
"Rochester, MN",2015,0.758133736124098,0.241866263875902,0.1801708978827624,0.1855229962904444,0.2061674579724238,High Income,13.1,37.3,0.1535069877918203,,237.00175,3.850576923076922,5.275,0.6669543743556546,18.295
"Rochester, NY",2015,0.6712083645209581,0.3287916354790419,0.1304584785188238,0.1952388745332574,0.2047589135322923,Upper-Middle Income,11.9,33.0,0.1640199121219571,,237.00175,3.850576923076922,5.275,0.6257274513473053,18.295
"Rockford, IL",2015,0.6776306831076481,0.3223693168923519,0.0919493650121506,0.1691194424966796,0.1719257089583513,Lower-Middle Income,8.3,22.1,0.1571641182047947,,237.00175,3.850576923076922,5.275,0.6437325062410167,18.295
"St. Cloud, MN",2015,0.6536446118176823,0.3463553881823177,0.16725552760124066,0.2063361662414471,0.1703864246781747,Upper-Middle Income,8.1,25.6,0.1357384604306185,,237.00175,3.850576923076922,5.275,0.643057212163448,18.295
"St. George, UT",2015,0.6637942539034946,0.3362057460965054,0.24148204176244922,0.2651054438039151,0.2403197073028531,Lower-Middle Income,3.3,26.0,0.1986606855953008,,237.00175,3.850576923076922,5.275,0.7539320915867539,18.295
"Salem, OR",2015,0.6011410788381742,0.3988589211618257,0.21151046997819745,0.2689152448008771,0.2066540386182568,Lower-Middle Income,9.2,23.0,0.1516638989882733,,237.00175,3.850576923076922,5.275,0.6912793914246197,18.295
"Salinas, CA",2015,0.4905834331463153,0.5094165668536846,0.4548385721019166,0.4307716591363118,0.299317013617484,High Income,4.5,23.3,0.123934657454056,,237.00175,3.850576923076922,5.275,0.7106316585765619,18.295
"Salt Lake City, UT",2015,0.6620838173437509,0.3379161826562492,0.2659000168232115,0.2420808346582209,0.1822170815673224,High Income,8.1,32.7,0.0986476578829086,,237.00175,3.850576923076922,5.275,0.6973913827580903,18.295
"Savannah, GA",2015,0.5513171547152409,0.448682845284759,0.1752509338171701,0.2288876632237357,0.2222732982853739,Lower-Middle Income,7.4,28.9,0.1301137397514234,,237.00175,3.850576923076922,5.275,0.6601049112289601,18.295
"Spartanburg, SC",2015,0.6863369992775147,0.3136630007224854,0.12793061726968608,0.1800636147071973,0.2283656759556273,Lower-Middle Income,7.5,22.2,0.1583307442190975,,237.00175,3.850576923076922,5.275,0.6617805250060207,18.295
"Springfield, MA",2015,0.6248806817938609,0.375119318206139,0.1992904574295785,0.2709826698913438,0.2335201945522907,Upper-Middle Income,7.3,31.1,0.1541357190552895,,237.00175,3.850576923076922,5.275,0.6161356738963869,18.295
"Springfield, MO",2015,0.6143297432017446,0.3856702567982554,0.12699317882241407,0.1970115445700833,0.1920053966801918,Lower-Middle Income,9.8,27.1,0.1564097267697121,,237.00175,3.850576923076922,5.275,0.6380012461613779,18.295
"Sumter, SC",2015,0.6392227612940976,0.3607772387059024,0.11599473908691832,0.181427174208085,0.2341456232614671,Low Income,2.5,17.3,0.1469110532192035,,237.00175,3.850576923076922,5.275,0.6740619743033376,18.295
"Tallahassee, FL",2015,0.5684950279349239,0.4315049720650761,0.15553221088136013,0.2298451110288102,0.2261732404275297,Lower-Middle Income,12.0,35.3,0.1274244373245147,,237.00175,3.850576923076922,5.275,0.5640465230682736,18.295
"Toledo, OH",2015,0.6230562847993538,0.3769437152006462,0.10350356186873289,0.1795196365042987,0.1786800659084447,Lower-Middle Income,10.1,25.5,0.1490388741096713,,237.00175,3.850576923076922,5.275,0.6069707922403881,18.295
"Topeka, KS",2015,0.6687939147811512,0.3312060852188487,0.10845243703317456,0.1563715028441335,0.1556156185192726,Lower-Middle Income,6.7,27.4,0.1714137841063172,,237.00175,3.850576923076922,5.275,0.6386901308579901,18.295
"Tucson, AZ",2015,0.6075046970645872,0.3924953029354128,0.1764571448449787,0.2389201958394899,0.2180462821019654,Lower-Middle Income,7.9,31.1,0.1839657434221925,,237.00175,3.850576923076922,5.275,0.6089617972080245,18.295
"Tulsa, OK",2015,0.6377438353538616,0.3622561646461384,0.1295971803765034,0.1938299887593059,0.2147762741074319,High Income,7.8,26.7,0.1434684551496032,,237.00175,3.850576923076922,5.275,0.669505121559916,18.295
"Urban Honolulu, HI",2015,0.5354838919347553,0.4645161080652447,0.5702610935053312,0.399768178731118,0.2950378913868222,High Income,8.6,33.2,0.1618241058000588,,237.00175,3.850576923076922,5.275,0.6992782000825472,18.295
"Waco, TX",2015,0.5973037033859222,0.4026962966140778,0.12025328661294873,0.2099782803563303,0.2419521882130053,Lower-Middle Income,10.3,22.5,0.1425702581690006,,237.00175,3.850576923076922,5.275,0.6812492626476045,18.295
"Warner Robins, GA",2015,0.6283890629941635,0.3716109370058365,0.13048195293421955,0.1646470820224923,0.1944903391556755,Low Income,5.8,20.7,0.1326927476549988,,237.00175,3.850576923076922,5.275,0.7298381300135132,18.295
"Wichita, KS",2015,0.6526324829667678,0.3473675170332322,0.11621779223755033,0.1671855970598817,0.1727907946809421,Upper-Middle Income,7.3,27.7,0.1381221470220418,,237.00175,3.850576923076922,5.275,0.6357587456343397,18.295
"Wichita Falls, TX",2015,0.6234116842446277,0.3765883157553724,0.09119348424160509,0.1683217091831055,0.1767963403232562,Lower-Middle Income,6.9,21.8,0.1438784984745987,,237.00175,3.850576923076922,5.275,0.6169504337496851,18.295
"Wilmington, NC",2015,0.6180140928406218,0.3819859071593782,0.2147283748773991,0.2645857698261613,0.2196314878515988,Upper-Middle Income,15.8,34.3,0.1646766366033622,,237.00175,3.850576923076922,5.275,0.6161045667258351,18.295
"Yuba City, CA",2015,0.5864542926779033,0.4135457073220967,0.21558488772835768,0.2722679055297023,0.24694861562801,Low Income,8.5,15.2,0.1395922903688105,,237.00175,3.850576923076922,5.275,0.7146682228553775,18.295
"Abilene, TX",2016,0.6026525825557262,0.3973474174442738,0.123651769132083,0.196697097379361,0.2016067892722623,Lower-Middle Income,7.7,20.4,0.1526395879667564,,240.00541666666663,3.6540384615384616,4.875,0.6515026238968665,18.8049
"Akron, OH",2016,0.6559665577686444,0.3440334422313556,0.1246678038995932,0.178624708110943,0.1701702015272161,Upper-Middle Income,13.6,31.0,0.1667665877266558,,240.00541666666663,3.6540384615384616,4.875,0.6227315839392982,18.8049
"Albuquerque, NM",2016,0.6814185024075926,0.3185814975924073,0.1802597279191096,0.2412844647184526,0.2221102331449984,Lower-Middle Income,7.8,31.8,0.1563707704360537,,240.00541666666663,3.6540384615384616,4.875,0.6296668915303915,18.8049
"Amarillo, TX",2016,0.630931091101141,0.369068908898859,0.13106702418724558,0.2009008491026228,0.2100089899353813,Upper-Middle Income,5.9,23.7,0.1321563165345305,,240.00541666666663,3.6540384615384616,4.875,0.6853135883035798,18.8049
"Anchorage, AK",2016,0.6448500228691149,0.3551499771308851,0.29666810022599827,0.2558901339513528,0.1910576379784949,High Income,7.1,32.2,0.0987388121433734,,240.00541666666663,3.6540384615384616,4.875,0.6674314295409948,18.8049
"Ann Arbor, MI",2016,0.5920873221539275,0.4079126778460725,0.25192158765504646,0.2773375234559193,0.3050600261420243,High Income,20.6,54.8,0.1288506727281202,,240.00541666666663,3.6540384615384616,4.875,0.5790946537311089,18.8049
"Asheville, NC",2016,0.683305117435282,0.316694882564718,0.2290276207455352,0.290197033931178,0.2600587674034638,Upper-Middle Income,11.8,33.4,0.2138269672509888,,240.00541666666663,3.6540384615384616,4.875,0.6098277044402537,18.8049
"Bakersfield, CA",2016,0.5697202608383668,0.4302797391616332,0.19469507437763886,0.2592657213294519,0.2484274250869692,Low Income,4.3,16.3,0.1034971089119653,,240.00541666666663,3.6540384615384616,4.875,0.7316087128595682,18.8049
"Baton Rouge, LA",2016,0.6654950461683629,0.3345049538316371,0.17915091149233803,0.2196336279548875,0.241162634399139,Upper-Middle Income,7.6,26.9,0.131453886909929,,240.00541666666663,3.6540384615384616,4.875,0.6469569319943385,18.8049
"Bellingham, WA",2016,0.5931366130625751,0.4068633869374248,0.3108973865735676,0.3464156392961668,0.2300731152108209,Upper-Middle Income,11.0,32.9,0.1643911439114391,,240.00541666666663,3.6540384615384616,4.875,0.5821261501470045,18.8049
"Billings, MT",2016,0.7006649012722354,0.2993350987277646,0.2302433122417661,0.2614227981113346,0.1814444618946219,High Income,3.9,31.6,0.1682730829052175,,240.00541666666663,3.6540384615384616,4.875,0.6376431984341719,18.8049
"Bloomington, IL",2016,0.6615539070779185,0.3384460929220815,0.16431217793541317,0.2118078446704947,0.1484393948289027,Upper-Middle Income,13.1,42.2,0.1248518625284263,,240.00541666666663,3.6540384615384616,4.875,0.6230548273746445,18.8049
"Bloomington, IN",2016,0.5849156777014366,0.4150843222985634,0.1613206870455794,0.2312131050836663,0.2683236515288291,Lower-Middle Income,13.1,38.9,0.125853693728357,,240.00541666666663,3.6540384615384616,4.875,0.5135071830106184,18.8049
"Boise City, ID",2016,0.6805910600377476,0.3194089399622524,0.21662480562805533,0.2467671229452341,0.2142716078834813,Upper-Middle Income,5.7,31.3,0.1416053571790778,,240.00541666666663,3.6540384615384616,4.875,0.6527900550286292,18.8049
"Burlington, NC",2016,0.6372477434790038,0.3627522565209961,0.1435926409461501,0.2009564131304948,0.1807658399991087,Low Income,6.1,22.4,0.1663932167727067,,240.00541666666663,3.6540384615384616,4.875,0.6492566297441315,18.8049
"Cedar Rapids, IA",2016,0.743777058785356,0.2562229412146439,0.14296240202745245,0.1796016911538062,0.1489628067786566,Upper-Middle Income,11.0,32.7,0.1549146934827986,,240.00541666666663,3.6540384615384616,4.875,0.6370993909165917,18.8049
"Charleston, WV",2016,0.695418938260005,0.304581061739995,0.09682416627217427,0.1619208097936975,0.1941218521102211,Lower-Middle Income,6.0,22.7,0.1864431480241735,,240.00541666666663,3.6540384615384616,4.875,0.6073594161413323,18.8049
"Cheyenne, WY",2016,0.6806264896152536,0.3193735103847463,0.2489368258750116,0.2668852069524409,0.1827729021269309,Upper-Middle Income,11.4,27.3,0.1510862476563136,,240.00541666666663,3.6540384615384616,4.875,0.6670857232654985,18.8049
"Chico, CA",2016,0.5911891594860343,0.4088108405139657,0.2617041566575069,0.355292633718222,0.2715096159462643,Lower-Middle Income,9.9,25.8,0.1809718597926511,,240.00541666666663,3.6540384615384616,4.875,0.5907565677941331,18.8049
"Colorado Springs, CO",2016,0.6306044742378214,0.3693955257621786,0.2585801096198604,0.2473336367152623,0.214992555007131,Upper-Middle Income,11.2,38.4,0.1240624039240405,,240.00541666666663,3.6540384615384616,4.875,0.6763632151438042,18.8049
"Columbia, MO",2016,0.5182721357192657,0.4817278642807344,0.17191088010817443,0.2277438590374398,0.167525169725618,Upper-Middle Income,17.5,43.9,0.1164705482632479,,240.00541666666663,3.6540384615384616,4.875,0.580496165465954,18.8049
"Columbia, SC",2016,0.6682922567116266,0.3317077432883734,0.1424140427545691,0.1787517294441739,0.2193661397809099,Lower-Middle Income,9.9,32.9,0.1409896503153898,,240.00541666666663,3.6540384615384616,4.875,0.6436365754524037,18.8049
"Columbus, OH",2016,0.6041483066447565,0.3958516933552435,0.1663072804085176,0.2047538354517833,0.1799521545377062,Upper-Middle Income,12.5,36.0,0.1257131940906775,,240.00541666666663,3.6540384615384616,4.875,0.6303045230114412,18.8049
"Corpus Christi, TX",2016,0.6030752449598086,0.3969247550401913,0.1602365696323838,0.2411614185102953,0.2560830105378019,Lower-Middle Income,7.1,21.2,0.1455487091146005,,240.00541666666663,3.6540384615384616,4.875,0.6883603031861818,18.8049
"Corvallis, OR",2016,0.5852705323799322,0.4147294676200677,0.31665345743223144,0.3673272448089814,0.2397869194770022,Upper-Middle Income,15.6,54.2,0.1523521843709794,,240.00541666666663,3.6540384615384616,4.875,0.5891497553773558,18.8049
"Dover, DE",2016,0.6698938745112641,0.3301061254887358,0.20255963333599505,0.2200014335199606,0.2374879840020124,Low Income,5.3,22.6,0.1655236319332826,,240.00541666666663,3.6540384615384616,4.875,0.6715385092782226,18.8049
"East Stroudsburg, PA",2016,0.7560924516444383,0.2439075483555617,0.13971471401244703,0.151074267269503,0.1905558070768807,Lower-Middle Income,8.4,25.6,0.1610434803549711,,240.00541666666663,3.6540384615384616,4.875,0.6576181830877732,18.8049
"El Paso, TX",2016,0.6005287651208926,0.3994712348791074,0.12977536470433873,0.2463025986689297,0.2639277163833271,Low Income,5.2,21.9,0.1191905133984234,,240.00541666666663,3.6540384615384616,4.875,0.7295467088286622,18.8049
"Erie, PA",2016,0.6601613417802288,0.3398386582197712,0.1218409513277916,0.2064963958887468,0.1452492478244688,Lower-Middle Income,12.1,28.0,0.1647568671322595,,240.00541666666663,3.6540384615384616,4.875,0.6193427829178251,18.8049
"Fayetteville, NC",2016,0.5372256501281943,0.4627743498718057,0.1319571427830715,0.2170827045058277,0.2233163894771325,Low Income,4.3,23.7,0.1111520049212779,,240.00541666666663,3.6540384615384616,4.875,0.6392880286253627,18.8049
"Flint, MI",2016,0.6800282345622147,0.3199717654377852,0.08770395366545797,0.1497629078418142,0.1759614368944769,Low Income,8.1,20.1,0.1647222936015565,,240.00541666666663,3.6540384615384616,4.875,0.6366893779423465,18.8049
"Fort Collins, CO",2016,0.6376753141004665,0.3623246858995335,0.3494073648445036,0.3142414328399557,0.2282926731026194,High Income,15.2,46.8,0.1475118605383052,,240.00541666666663,3.6540384615384616,4.875,0.6308872434497401,18.8049
"Fort Wayne, IN",2016,0.6875477874414604,0.3124522125585396,0.12196512248467258,0.1579185604691637,0.1593664928684161,Upper-Middle Income,6.7,27.1,0.1427436649204959,,240.00541666666663,3.6540384615384616,4.875,0.6433623243811526,18.8049
"Fresno, CA",2016,0.5290848767875046,0.4709151232124954,0.22175394829016087,0.2890132992180781,0.2739116596188965,Lower-Middle Income,4.3,20.2,0.1184735410724399,,240.00541666666663,3.6540384615384616,4.875,0.7244340668038626,18.8049
"Gainesville, FL",2016,0.5486062286478189,0.451393771352181,0.16345405348329478,0.2656101718155631,0.2602723900666227,Lower-Middle Income,14.4,37.5,0.134238953001462,,240.00541666666663,3.6540384615384616,4.875,0.4920235678566124,18.8049
"Gainesville, GA",2016,0.6543086495373803,0.3456913504626197,0.19221447796289642,0.2178404810279924,0.2152129000724336,Upper-Middle Income,8.4,21.5,0.1431012474763142,,240.00541666666663,3.6540384615384616,4.875,0.7389503207711403,18.8049
"Grand Junction, CO",2016,0.63937994284575,0.36062005715425,0.21332573045792222,0.2624835475090079,0.2084447234981077,Lower-Middle Income,7.8,25.0,0.1795673060906298,,240.00541666666663,3.6540384615384616,4.875,0.6245929421147073,18.8049
"Greenville, NC",2016,0.5277139062254531,0.4722860937745469,0.129188665480257,0.2067546637892623,0.2309442437111268,Lower-Middle Income,11.6,31.6,0.1172948877101907,,240.00541666666663,3.6540384615384616,4.875,0.581927762464474,18.8049
"Hinesville, GA",2016,0.4494284377297948,0.5505715622702052,0.12599445632447762,0.2114362381475185,0.2513685667690813,Low Income,3.8,16.0,0.0958554549082685,,240.00541666666663,3.6540384615384616,4.875,0.6918911691958018,18.8049
"Homosassa Springs, FL",2016,0.8082131454365298,0.1917868545634702,0.13171124167035866,0.2212256663174218,0.2632415549959387,Low Income,7.5,20.4,0.35391760257901,,240.00541666666663,3.6540384615384616,4.875,0.5797329390855759,18.8049
"Huntsville, AL",2016,0.6889244598374243,0.3110755401625757,0.1693946039930071,0.1872744172394006,0.1696686276773844,Upper-Middle Income,8.1,36.8,0.144398736991906,,240.00541666666663,3.6540384615384616,4.875,0.6329173051398754,18.8049
"Idaho Falls, ID",2016,0.7234614907089352,0.2765385092910648,0.17933680309453762,0.1986720903783614,0.1433923509684776,Lower-Middle Income,4.6,31.3,0.1320943690184731,,240.00541666666663,3.6540384615384616,4.875,0.7263377891818069,18.8049
"Iowa City, IA",2016,0.5992531717245918,0.4007468282754082,0.19357319772282708,0.246786714157795,0.2238081739021292,Upper-Middle Income,15.5,49.1,0.1153481649963276,,240.00541666666663,3.6540384615384616,4.875,0.5805518571231808,18.8049
"Jackson, MI",2016,0.7347023819445602,0.2652976180554398,0.12060692544071648,0.1741850768022202,0.1428893885412932,Low Income,5.3,21.9,0.1679351255837435,,240.00541666666663,3.6540384615384616,4.875,0.6597436367576217,18.8049
"Jackson, MS",2016,0.675194358219313,0.324805641780687,0.12865273632794313,0.1758318897363476,0.2307786067550208,Lower-Middle Income,8.9,29.9,0.1361875148661273,,240.00541666666663,3.6540384615384616,4.875,0.6803663031144205,18.8049
"Jacksonville, FL",2016,0.6457621214430341,0.3542378785569658,0.1881593637769364,0.2302166891940878,0.2201913180540372,Upper-Middle Income,10.2,30.7,0.1503667944787351,,240.00541666666663,3.6540384615384616,4.875,0.6567913464399497,18.8049
"Jacksonville, NC",2016,0.5032056471197747,0.4967943528802254,0.1466212061080439,0.208306574599948,0.1956411780607922,Lower-Middle Income,2.5,18.6,0.092515603625171,,240.00541666666663,3.6540384615384616,4.875,0.6928245312955348,18.8049
"Johnson City, TN",2016,0.6457905913688227,0.3542094086311773,0.1409202120019662,0.2248712271575222,0.233719671651161,Low Income,11.9,25.5,0.1913603959111794,,240.00541666666663,3.6540384615384616,4.875,0.6371162221502358,18.8049
"Jonesboro, AR",2016,0.5589037222547614,0.4410962777452386,0.12323462422197083,0.1916483636443388,0.25094974395359,Low Income,3.6,21.4,0.1444962959540421,,240.00541666666663,3.6540384615384616,4.875,0.6360551774281502,18.8049
"Knoxville, TN",2016,0.6800897904020556,0.3199102095979443,0.1596642448053296,0.2014700359556657,0.2231224139417977,Upper-Middle Income,10.3,29.2,0.1767279271318043,,240.00541666666663,3.6540384615384616,4.875,0.6425205117124851,18.8049
"Lafayette, LA",2016,0.7010004227138228,0.2989995772861772,0.17586707211672842,0.2505023656203342,0.2344037698105521,Lower-Middle Income,4.6,22.9,0.1298278022818639,,240.00541666666663,3.6540384615384616,4.875,0.658768493729745,18.8049
"Lake Charles, LA",2016,0.6500012622119001,0.3499987377880998,0.19462311992267123,0.2607435211136311,0.2299623844291193,Lower-Middle Income,4.0,20.1,0.1432517644336457,,240.00541666666663,3.6540384615384616,4.875,0.6492691793098225,18.8049
"Lancaster, PA",2016,0.6761852982871545,0.3238147017128456,0.205959015184636,0.2447299904357385,0.1649190205751122,High Income,11.9,25.0,0.1702636954503249,,240.00541666666663,3.6540384615384616,4.875,0.6921806643056395,18.8049
"Las Cruces, NM",2016,0.5976451642709117,0.4023548357290883,0.16322009968702336,0.2718771498476309,0.2669691667998755,Low Income,7.8,26.1,0.1515496692451693,,240.00541666666663,3.6540384615384616,4.875,0.6951253316437651,18.8049
"Lawrence, KS",2016,0.5018871236724305,0.4981128763275695,0.17823284125551536,0.2378766653179059,0.2207305447915828,Lower-Middle Income,12.1,52.0,0.1119725385130609,,240.00541666666663,3.6540384615384616,4.875,0.5386421486877907,18.8049
"Lawton, OK",2016,0.5280530247611447,0.4719469752388552,0.0960733950608081,0.1512338813329165,0.1621378783798175,Low Income,5.1,20.4,0.1190886178989057,,240.00541666666663,3.6540384615384616,4.875,0.6636075458313937,18.8049
"Lincoln, NE",2016,0.5954151466965983,0.4045848533034016,0.1711864027387846,0.2221002099443843,0.1774176152904792,High Income,14.2,39.8,0.1318958575098517,,240.00541666666663,3.6540384615384616,4.875,0.6149331213169956,18.8049
"Longview, TX",2016,0.65613527069652,0.34386472930348,0.1381633492192387,0.2138643046976533,0.1957317018991151,Lower-Middle Income,5.1,19.8,0.1516606421824269,,240.00541666666663,3.6540384615384616,4.875,0.6828688143130461,18.8049
"Lubbock, TX",2016,0.561874580182911,0.4381254198170889,0.13830825954923112,0.2315457830495895,0.2596484994389147,Lower-Middle Income,8.8,30.2,0.1227581153833901,,240.00541666666663,3.6540384615384616,4.875,0.6280205301321025,18.8049
"Madison, WI",2016,0.6243985036127495,0.3756014963872505,0.24056833904354422,0.2633450668122913,0.1988916581660448,High Income,23.0,46.6,0.13610888094075,,240.00541666666663,3.6540384615384616,4.875,0.5871811503476988,18.8049
"Manhattan, KS",2016,0.5030415926885351,0.4969584073114649,0.16791629133597394,0.245472398872294,0.2294598303680254,Lower-Middle Income,9.2,42.8,0.0976866933322337,,240.00541666666663,3.6540384615384616,4.875,0.579648979829438,18.8049
"Medford, OR",2016,0.6253040521067497,0.3746959478932503,0.2739882299759926,0.3610560445223223,0.2799627042263388,Upper-Middle Income,5.2,26.5,0.2096874754649535,,240.00541666666663,3.6540384615384616,4.875,0.6320018444867139,18.8049
"Merced, CA",2016,0.5219332672783189,0.478066732721681,0.22048452451672043,0.2918739742232697,0.2664423415430841,Low Income,4.1,13.5,0.1078750297760838,,240.00541666666663,3.6540384615384616,4.875,0.7726635183302665,18.8049
"Midland, TX",2016,0.6269242743972049,0.3730757256027951,0.21491037312690098,0.2206165852288078,0.1866223781421426,High Income,5.2,26.0,0.1037766674785976,,240.00541666666663,3.6540384615384616,4.875,0.6937765939045906,18.8049
"Missoula, MT",2016,0.5954531168150864,0.4045468831849135,0.2735671560176261,0.3659641981574226,0.19425845817432,High Income,4.9,41.1,0.1440024110910187,,240.00541666666663,3.6540384615384616,4.875,0.552875851231011,18.8049
"Mobile, AL",2016,0.6556022934816502,0.3443977065183498,0.11233769431921309,0.1823326286539009,0.2140306743537934,Low Income,4.7,23.7,0.1533690422239149,,240.00541666666663,3.6540384615384616,4.875,0.6504095048396027,18.8049
"Modesto, CA",2016,0.5665457742609078,0.4334542257390922,0.2651524307488666,0.2963648721244588,0.2551677262542013,Lower-Middle Income,4.1,16.2,0.1277106876431051,,240.00541666666663,3.6540384615384616,4.875,0.7583424436462075,18.8049
"Montgomery, AL",2016,0.6301809430430519,0.369819056956948,0.129545712584101,0.1738445090626571,0.2196977685820198,Lower-Middle Income,7.3,28.4,0.1432916049691224,,240.00541666666663,3.6540384615384616,4.875,0.6394989269577023,18.8049
"Morgantown, WV",2016,0.6310643098909364,0.3689356901090636,0.1733251975795847,0.2202223706729394,0.268586827028959,Lower-Middle Income,10.9,32.7,0.1353085706026882,,240.00541666666663,3.6540384615384616,4.875,0.5612913441935037,18.8049
"Napa, CA",2016,0.6366094308024455,0.3633905691975545,0.6136097317063389,0.4770737994380455,0.3154368272861292,High Income,4.9,35.1,0.1813865481198036,,240.00541666666663,3.6540384615384616,4.875,0.6541232017110228,18.8049
"Ocala, FL",2016,0.714926362681486,0.285073637318514,0.1342721694691373,0.2252839908964309,0.2524867480021378,Low Income,4.7,18.0,0.285442095008882,,240.00541666666663,3.6540384615384616,4.875,0.6580948904565738,18.8049
"Oklahoma City, OK",2016,0.6328774580645666,0.3671225419354333,0.14201103890069408,0.1989197556326031,0.2072651232844442,Upper-Middle Income,7.8,29.8,0.1316469209757277,,240.00541666666663,3.6540384615384616,4.875,0.6442782562379324,18.8049
"Panama City, FL",2016,0.6523331488946855,0.3476668511053145,0.1800073227831023,0.2583934362969895,0.2354186777068105,Lower-Middle Income,1.4,22.8,0.1713250337244204,,240.00541666666663,3.6540384615384616,4.875,0.6178431217558559,18.8049
"Peoria, IL",2016,0.7147126102421029,0.2852873897578971,0.10880094423316758,0.1619235718404984,0.1441149975994587,Upper-Middle Income,8.5,27.7,0.1704960057865568,,240.00541666666663,3.6540384615384616,4.875,0.6579354480424175,18.8049
"Pittsburgh, PA",2016,0.6973149364470277,0.3026850635529723,0.13812589857841717,0.1498055887595956,0.2135709820935324,High Income,17.2,34.6,0.1907847802522222,,240.00541666666663,3.6540384615384616,4.875,0.6048306557878363,18.8049
"Port St. Lucie, FL",2016,0.7251264369132783,0.2748735630867217,0.1974185585176076,0.2835891223432982,0.297678005510809,High Income,5.8,24.1,0.2581425942804079,,240.00541666666663,3.6540384615384616,4.875,0.6472195334291753,18.8049
"Pueblo, CO",2016,0.6477719791248494,0.3522280208751505,0.1452695040698303,0.2194813657371247,0.2251399331090002,Low Income,4.1,21.2,0.1785880828231076,,240.00541666666663,3.6540384615384616,4.875,0.6063749498193497,18.8049
"Punta Gorda, FL",2016,0.7781814310617856,0.2218185689382144,0.18505591161795018,0.27847893062139,0.3466485216743922,Lower-Middle Income,5.5,23.7,0.3890790911383184,,240.00541666666663,3.6540384615384616,4.875,0.6234314077740961,18.8049
"Reading, PA",2016,0.7116727171181234,0.2883272828818766,0.15957019805218853,0.1712982100505876,0.1594767073338653,Upper-Middle Income,9.3,25.0,0.1645805810825145,,240.00541666666663,3.6540384615384616,4.875,0.6813606202045186,18.8049
"Redding, CA",2016,0.6539565850613773,0.3460434149386227,0.23048988519149,0.3048745516677251,0.2330271220441614,Lower-Middle Income,5.6,21.8,0.2031553573715004,,240.00541666666663,3.6540384615384616,4.875,0.6453568208613635,18.8049
"Reno, NV",2016,0.5772163938695669,0.4227836061304331,0.3025557136049567,0.31018387360498,0.223445472112293,High Income,7.9,29.2,0.1578881778450196,,240.00541666666663,3.6540384615384616,4.875,0.6274748481262774,18.8049
"Rochester, MN",2016,0.7689416856704053,0.2310583143295946,0.19442068678845012,0.1940200624012325,0.2048464672913368,High Income,16.0,36.7,0.1599053195234477,,240.00541666666663,3.6540384615384616,4.875,0.6543956811095081,18.8049
"Rochester, NY",2016,0.6646111499212065,0.3353888500787935,0.14069544431239364,0.1726888690446749,0.2036228494561359,Upper-Middle Income,13.8,33.7,0.1689976355087085,,240.00541666666663,3.6540384615384616,4.875,0.6173211131818425,18.8049
"Rockford, IL",2016,0.6446921523154036,0.3553078476845964,0.10059399063216823,0.1769712623696254,0.1742949703250784,Lower-Middle Income,8.1,21.8,0.1635324831455377,,240.00541666666663,3.6540384615384616,4.875,0.6693274481933119,18.8049
"St. Cloud, MN",2016,0.6848224069273325,0.3151775930726675,0.17773792954435888,0.2116159739426992,0.1731453519249433,Upper-Middle Income,10.2,25.1,0.144635153646419,,240.00541666666663,3.6540384615384616,4.875,0.6250501109121522,18.8049
"St. George, UT",2016,0.7397342295360606,0.2602657704639394,0.26047109604002455,0.2836674246422794,0.2542065859763849,Lower-Middle Income,1.1,28.3,0.2039814034759275,,240.00541666666663,3.6540384615384616,4.875,0.7623131301425425,18.8049
"Salem, OR",2016,0.6032735935596052,0.3967264064403948,0.23900796298422797,0.2937258118221979,0.222348496111325,Lower-Middle Income,5.8,24.0,0.1571702232989508,,240.00541666666663,3.6540384615384616,4.875,0.667047741617492,18.8049
"Salinas, CA",2016,0.4917925878797519,0.5082074121202481,0.4892382655906568,0.4482228030747324,0.3016808078596379,High Income,5.5,24.8,0.1269231122711565,,240.00541666666663,3.6540384615384616,4.875,0.7203038014951487,18.8049
"Salt Lake City, UT",2016,0.6687236888747442,0.3312763111252558,0.2851664310714691,0.2534166674414424,0.1826069632180616,High Income,8.2,33.0,0.1009115763366147,,240.00541666666663,3.6540384615384616,4.875,0.7133960013558235,18.8049
"Santa Fe, NM",2016,0.6985989084132055,0.3014010915867944,0.2972956331215561,0.3145812743279972,0.2308139654680958,High Income,2.5,41.7,0.2215995856065549,,240.00541666666663,3.6540384615384616,4.875,0.5595879925452609,18.8049
"Savannah, GA",2016,0.5843403386892739,0.415659661310726,0.17911028839509674,0.2307169006466654,0.2228463154031098,Lower-Middle Income,11.9,31.0,0.1377127471199716,,240.00541666666663,3.6540384615384616,4.875,0.6547689770130206,18.8049
"Sioux Falls, SD",2016,0.6715694263363755,0.3284305736636245,0.19072596018198715,0.2206314597887542,0.1559541335014444,High Income,11.4,34.1,0.1288253619204691,,240.00541666666663,3.6540384615384616,4.875,0.6409815026075619,18.8049
"Spartanburg, SC",2016,0.6927959327236682,0.3072040672763317,0.13526936291675096,0.1836167721054705,0.2282082827156568,Lower-Middle Income,7.8,21.2,0.1596695590880365,,240.00541666666663,3.6540384615384616,4.875,0.6655688431284773,18.8049
"Springfield, IL",2016,0.7056718942892415,0.2943281057107585,0.13309297416397373,0.1859053279641183,0.1543679838104095,Upper-Middle Income,12.1,34.9,0.1661049729046588,,240.00541666666663,3.6540384615384616,4.875,0.6104887750903022,18.8049
"Springfield, MA",2016,0.6294733730309557,0.3705266269690443,0.20571883186416293,0.2796267961599238,0.2359882048685094,Upper-Middle Income,10.2,31.1,0.1595489645127664,,240.00541666666663,3.6540384615384616,4.875,0.6265467291693061,18.8049
"Springfield, MO",2016,0.6149382654995632,0.3850617345004368,0.13331632965686635,0.2010611558271848,0.192974206777337,Lower-Middle Income,7.2,26.5,0.1595564747586726,,240.00541666666663,3.6540384615384616,4.875,0.6293622141997594,18.8049
"Sumter, SC",2016,0.6534424093245493,0.3465575906754506,0.11812652686508196,0.1809421633161417,0.2310524157240757,Low Income,6.2,19.5,0.1555365190509888,,240.00541666666663,3.6540384615384616,4.875,0.6521634209319723,18.8049
"Syracuse, NY",2016,0.6709026217376367,0.3290973782623633,0.12572374557263105,0.159089666506994,0.2049023992029791,Upper-Middle Income,12.5,31.2,0.1594918584636943,,240.00541666666663,3.6540384615384616,4.875,0.61240616201146,18.8049
"Tallahassee, FL",2016,0.5684203900944814,0.4315796099055185,0.16375098689876974,0.233755960764067,0.2213584497101137,Lower-Middle Income,10.0,39.3,0.1282391939175501,,240.00541666666663,3.6540384615384616,4.875,0.5845962333293704,18.8049
"Toledo, OH",2016,0.6094370398552631,0.3905629601447369,0.10803350872605941,0.1838071227813656,0.1807511675039781,Lower-Middle Income,8.2,27.1,0.1538198443213305,,240.00541666666663,3.6540384615384616,4.875,0.5922839368759334,18.8049
"Topeka, KS",2016,0.6736854679321503,0.3263145320678496,0.1103088848553648,0.15763134284718,0.1576289784066271,Lower-Middle Income,10.2,28.2,0.1757684452606106,,240.00541666666663,3.6540384615384616,4.875,0.6392176878135656,18.8049
"Tucson, AZ",2016,0.6273753539486322,0.3726246460513677,0.18441274121041978,0.2471811160092178,0.2168425370238449,Lower-Middle Income,7.7,31.9,0.1906444165848263,,240.00541666666663,3.6540384615384616,4.875,0.6190602118078511,18.8049
"Tulsa, OK",2016,0.6426456950346063,0.3573543049653936,0.13757543220439705,0.2047122405122474,0.2171440076312716,High Income,7.4,27.2,0.1477512201935709,,240.00541666666663,3.6540384615384616,4.875,0.6552281503292973,18.8049
"Tuscaloosa, AL",2016,0.6341370558375634,0.3658629441624365,0.14157170979235614,0.1857660151386091,0.2485146412805801,Low Income,11.1,27.7,0.1327125583802531,,240.00541666666663,3.6540384615384616,4.875,0.6234310106137517,18.8049
"Tyler, TX",2016,0.6664687565970023,0.3335312434029976,0.15350799807365148,0.218237796171215,0.2347194043197355,High Income,4.5,24.9,0.159110479826002,,240.00541666666663,3.6540384615384616,4.875,0.6951261346843994,18.8049
"Urban Honolulu, HI",2016,0.5412638395181923,0.4587361604818077,0.6077830758126235,0.4267312716494827,0.2897597895960811,High Income,9.9,34.4,0.1658776653351534,,240.00541666666663,3.6540384615384616,4.875,0.698410901481067,18.8049
"Waco, TX",2016,0.5994515261879986,0.4005484738120013,0.1295082932428191,0.2268410606133309,0.2512849074566229,Lower-Middle Income,9.7,21.1,0.1404316850971612,,240.00541666666663,3.6540384615384616,4.875,0.6588839750260146,18.8049
"Warner Robins, GA",2016,0.6586422372792062,0.3413577627207937,0.13221640818438396,0.1516474306707145,0.19657697531885,Low Income,6.2,26.8,0.1310176914198985,,240.00541666666663,3.6540384615384616,4.875,0.7123937189937511,18.8049
"Wichita, KS",2016,0.6552979388392949,0.3447020611607052,0.119278410750118,0.1567895358776164,0.1712483528039185,Upper-Middle Income,9.3,30.7,0.1412896798652716,,240.00541666666663,3.6540384615384616,4.875,0.6423426551998856,18.8049
"Wichita Falls, TX",2016,0.6086182653115711,0.3913817346884289,0.09259760274976549,0.1723629196714698,0.182665023692588,Lower-Middle Income,2.6,23.4,0.1532633646025449,,240.00541666666663,3.6540384615384616,4.875,0.6565331149991991,18.8049
"Wilmington, NC",2016,0.6080825089454852,0.3919174910545148,0.2239352718597342,0.2777749007880553,0.2278201594686091,Upper-Middle Income,15.6,36.5,0.1686573027146967,,240.00541666666663,3.6540384615384616,4.875,0.5893496106082929,18.8049
"Yuba City, CA",2016,0.5273524828941129,0.4726475171058871,0.23735861494612656,0.2899658179674365,0.2538300290697973,Low Income,2.2,17.2,0.131696194874539,,240.00541666666663,3.6540384615384616,4.875,0.7254251067000881,18.8049
"Abilene, TX",2017,0.6504878009187864,0.3495121990812135,0.1273982356048137,0.1941447347319664,0.2060018171512234,Lower-Middle Income,8.3,22.2,0.1523149157275239,,245.121,3.989807692307693,4.358333333333333,0.6758437089102803,19.6121
"Akron, OH",2017,0.6674283225364869,0.3325716774635131,0.13186947968648732,0.1744665375138449,0.1670127767688752,Upper-Middle Income,10.5,32.2,0.1708232350871706,,245.121,3.989807692307693,4.358333333333333,0.6142138121279582,19.6121
"Albany, GA",2017,0.524276563612061,0.4757234363879389,0.08805630862845919,0.1628386942511144,0.1715871004356933,Low Income,2.4,21.2,0.1540190044413985,,245.121,3.989807692307693,4.358333333333333,0.6756296977797837,19.6121
"Albuquerque, NM",2017,0.6722017981500301,0.3277982018499699,0.18608719438236512,0.2417127886916596,0.2247439238093621,Lower-Middle Income,7.9,32.1,0.1613973297937933,,245.121,3.989807692307693,4.358333333333333,0.6112904015177468,19.6121
"Amarillo, TX",2017,0.6477139328113676,0.3522860671886324,0.1348498584194023,0.2036486672117171,0.2111601500332065,Upper-Middle Income,6.9,24.2,0.1321954421832505,,245.121,3.989807692307693,4.358333333333333,0.670610332472464,19.6121
"Ames, IA",2017,0.5214784154527846,0.4785215845472154,0.17663884404094304,0.2121172646411648,0.1888378997495752,Lower-Middle Income,8.2,53.0,0.1150130253738384,,245.121,3.989807692307693,4.358333333333333,0.5120326885828757,19.6121
"Anchorage, AK",2017,0.62626447199158,0.3737355280084201,0.2976128143496967,0.2484405422521921,0.1901589665723336,High Income,7.1,31.6,0.107566203029275,,245.121,3.989807692307693,4.358333333333333,0.6667202666354812,19.6121
"Ann Arbor, MI",2017,0.6175273042514337,0.3824726957485664,0.2688772305519411,0.2700456770189262,0.302480165019646,High Income,19.1,54.5,0.1338068205001265,,245.121,3.989807692307693,4.358333333333333,0.5601190941454853,19.6121
"Asheville, NC",2017,0.6804593587503421,0.3195406412496579,0.24862773679177008,0.2871368786455215,0.2653561658479896,Upper-Middle Income,9.4,37.1,0.2167534446283528,,245.121,3.989807692307693,4.358333333333333,0.5984979263594451,19.6121
"Bakersfield, CA",2017,0.578546296261894,0.4214537037381059,0.20617768096274547,0.2674493407593841,0.2559411437874512,Low Income,3.3,16.0,0.1063408123665491,,245.121,3.989807692307693,4.358333333333333,0.7334653553634259,19.6121
"Bangor, ME",2017,0.7167106565489937,0.2832893434510062,0.14080101583840302,0.2183769839108927,0.2184113753720111,Lower-Middle Income,9.7,29.1,0.1798403495725764,,245.121,3.989807692307693,4.358333333333333,0.6065324975255691,19.6121
"Baton Rouge, LA",2017,0.6796148904573593,0.3203851095426407,0.1841129375081356,0.2141910040922084,0.2327275968289981,Upper-Middle Income,7.8,27.8,0.1350641784120293,,245.121,3.989807692307693,4.358333333333333,0.6642805893444127,19.6121
"Bellingham, WA",2017,0.6162056049460716,0.3837943950539284,0.34600555398303495,0.3464953537462228,0.2344116889339894,Upper-Middle Income,8.1,35.8,0.170471174865856,,245.121,3.989807692307693,4.358333333333333,0.614716368067151,19.6121
"Billings, MT",2017,0.6902464109102693,0.3097535890897308,0.23857622522856403,0.261787912939417,0.1820523409239067,High Income,11.2,32.2,0.1720468848972286,,245.121,3.989807692307693,4.358333333333333,0.638315558122825,19.6121
"Bismarck, ND",2017,0.6742162784009204,0.3257837215990796,0.2569343252165055,0.2343430029999046,0.1755459731306176,High Income,15.9,33.0,0.1529371003336672,,245.121,3.989807692307693,4.358333333333333,0.6330888697152718,19.6121
"Bloomington, IL",2017,0.6653422127707203,0.3346577872292797,0.16415525426716993,0.2107491653521205,0.1532155601628883,Upper-Middle Income,9.2,43.1,0.1337815793427633,,245.121,3.989807692307693,4.358333333333333,0.6015165929822598,19.6121
"Bloomington, IN",2017,0.5658477834566034,0.4341522165433967,0.17164842303970215,0.2279197482298182,0.270784923133977,Lower-Middle Income,12.9,40.9,0.1297601668404588,,245.121,3.989807692307693,4.358333333333333,0.5644889829069067,19.6121
"Boise City, ID",2017,0.6811063301934334,0.3188936698065666,0.2383541631206681,0.2469827658927383,0.2164132104101434,Upper-Middle Income,9.2,30.1,0.1401052760504728,,245.121,3.989807692307693,4.358333333333333,0.6342753033298446,19.6121
"Bowling Green, KY",2017,0.62450339221319,0.3754966077868101,0.15080461350780533,0.2018542219086656,0.224799325424646,Low Income,9.1,23.9,0.136327980546186,,245.121,3.989807692307693,4.358333333333333,0.6700385062037773,19.6121
"Burlington, NC",2017,0.6375075732861071,0.3624924267138929,0.1520920918556356,0.1865694549532628,0.1803128367220201,Low Income,6.0,23.4,0.166597902593124,,245.121,3.989807692307693,4.358333333333333,0.6645073091920275,19.6121
"Casper, WY",2017,0.7238297088094361,0.2761702911905639,0.1990933581173672,0.1999282919786771,0.1575025244815139,High Income,4.7,24.2,0.1423812337360302,,245.121,3.989807692307693,4.358333333333333,0.6326944342056764,19.6121
"Cedar Rapids, IA",2017,0.7646796905437747,0.2353203094562253,0.14844613552937377,0.178507706191897,0.1480212730018965,Upper-Middle Income,10.9,31.0,0.1599338495632517,,245.121,3.989807692307693,4.358333333333333,0.6406652937793362,19.6121
"Charleston, WV",2017,0.7109977933526177,0.2890022066473823,0.09800102298925718,0.158839465872002,0.1940325900092051,Lower-Middle Income,5.4,23.3,0.2006053308165457,,245.121,3.989807692307693,4.358333333333333,0.6464219155528623,19.6121
"Cheyenne, WY",2017,0.7166743483381984,0.2833256516618016,0.2600189551194362,0.2586038056499392,0.1762655753034842,Upper-Middle Income,5.6,27.9,0.1542607828978815,,245.121,3.989807692307693,4.358333333333333,0.6541967532134992,19.6121
"Chico, CA",2017,0.5799858103314302,0.4200141896685699,0.28191615348030064,0.3499467361563227,0.2645393792895888,Lower-Middle Income,8.2,26.6,0.1806545308643052,,245.121,3.989807692307693,4.358333333333333,0.5898735317634605,19.6121
"Coeur d'Alene, ID",2017,0.730387691900038,0.2696123080999619,0.26828719966679543,0.2848005961797061,0.2181649122370564,Upper-Middle Income,1.2,26.0,0.1833008747946231,,245.121,3.989807692307693,4.358333333333333,0.689647748538496,19.6121
"Colorado Springs, CO",2017,0.6369152848330237,0.3630847151669762,0.2819922051635722,0.2494841999929453,0.2206121703604859,Upper-Middle Income,9.9,39.2,0.1271084353993352,,245.121,3.989807692307693,4.358333333333333,0.6876608409604583,19.6121
"Columbia, MO",2017,0.5626892189609836,0.4373107810390164,0.1798939997996375,0.2273041967032578,0.1654283446215736,Upper-Middle Income,15.0,45.7,0.1207431382558015,,245.121,3.989807692307693,4.358333333333333,0.5539762632364438,19.6121
"Columbia, SC",2017,0.6772888688016528,0.3227111311983471,0.1479979699872128,0.1780488132063332,0.2229638265429182,Lower-Middle Income,9.5,31.9,0.1455908092566823,,245.121,3.989807692307693,4.358333333333333,0.6395176911157024,19.6121
"Columbus, OH",2017,0.6178394972532975,0.3821605027467025,0.17881616592201113,0.2070498194954222,0.1824359234726066,Upper-Middle Income,12.6,35.9,0.1292017943691445,,245.121,3.989807692307693,4.358333333333333,0.6418056495628345,19.6121
"Corpus Christi, TX",2017,0.6004005074753104,0.3995994925246897,0.16298866620024943,0.2393463548806588,0.2573517766838947,Lower-Middle Income,4.2,19.7,0.1525131716426205,,245.121,3.989807692307693,4.358333333333333,0.6913853578447225,19.6121
"Corvallis, OR",2017,0.5535618563972352,0.4464381436027648,0.33978679086645913,0.3624897980887325,0.2319525686609181,Upper-Middle Income,11.8,53.8,0.1549735571901353,,245.121,3.989807692307693,4.358333333333333,0.5832416419805332,19.6121
"Dover, DE",2017,0.7037158932405535,0.2962841067594464,0.2049139234179887,0.2182937040494021,0.2510151869929517,Low Income,10.8,23.3,0.1641802017825634,,245.121,3.989807692307693,4.358333333333333,0.6979014841631795,19.6121
"East Stroudsburg, PA",2017,0.7933689394464868,0.2066310605535132,0.14806603559594617,0.2100221544528816,0.1968425267857046,Lower-Middle Income,8.1,24.1,0.1676862287706937,,245.121,3.989807692307693,4.358333333333333,0.7208330443226746,19.6121
"El Paso, TX",2017,0.6123646677231595,0.3876353322768406,0.1325264629663617,0.239755778746932,0.2607460895933691,Low Income,6.2,22.8,0.1187738599724449,,245.121,3.989807692307693,4.358333333333333,0.7434536945156178,19.6121
"Erie, PA",2017,0.6655848346825499,0.3344151653174501,0.12461090082071373,0.2046472025321957,0.1469468767301861,Lower-Middle Income,13.6,27.1,0.1723531275838581,,245.121,3.989807692307693,4.358333333333333,0.6169945969868521,19.6121
"Fayetteville, NC",2017,0.5205015840229997,0.4794984159770002,0.1359913403626393,0.2159782398797149,0.2247173110044448,Low Income,6.5,23.6,0.1156591545070371,,245.121,3.989807692307693,4.358333333333333,0.6191087602752152,19.6121
"Flint, MI",2017,0.7122840470917637,0.2877159529082362,0.09720107201876095,0.1541716658726906,0.175958099381335,Low Income,6.8,20.9,0.1692379444505811,,245.121,3.989807692307693,4.358333333333333,0.6304829259167627,19.6121
"Fort Collins, CO",2017,0.6655086148661188,0.3344913851338811,0.3741268491499454,0.3165033135350485,0.2278058205025266,High Income,19.7,47.9,0.1512402028048468,,245.121,3.989807692307693,4.358333333333333,0.6002494265416565,19.6121
"Fort Wayne, IN",2017,0.6948722670008731,0.3051277329991269,0.1300599765326094,0.1595920023548034,0.1621516820262582,Upper-Middle Income,8.2,25.7,0.1473941424288511,,245.121,3.989807692307693,4.358333333333333,0.6503246039712757,19.6121
"Fresno, CA",2017,0.5339367403594937,0.4660632596405063,0.24136651770524556,0.2933050554098826,0.2806089907665682,Lower-Middle Income,5.2,20.4,0.1198073297582524,,245.121,3.989807692307693,4.358333333333333,0.7315863304765237,19.6121
"Gainesville, FL",2017,0.5739618255348171,0.4260381744651828,0.176809297744545,0.2588547920422941,0.2557100870434278,Lower-Middle Income,17.9,38.7,0.1411165698346731,,245.121,3.989807692307693,4.358333333333333,0.4814362974419073,19.6121
"Gainesville, GA",2017,0.7046200373206357,0.2953799626793643,0.2059135029310941,0.2212545690533173,0.2161352252007213,Upper-Middle Income,6.7,26.3,0.1446359144154313,,245.121,3.989807692307693,4.358333333333333,0.7367608262016602,19.6121
"Grand Junction, CO",2017,0.6808445185628936,0.3191554814371063,0.229286035164096,0.2661314289426096,0.2171009361766689,Lower-Middle Income,6.6,25.8,0.1897688898269312,,245.121,3.989807692307693,4.358333333333333,0.6392986091996826,19.6121
"Great Falls, MT",2017,0.6864991303304744,0.3135008696695255,0.18054584903813087,0.248824937192801,0.1873862962350419,Upper-Middle Income,7.2,26.3,0.1849266416831998,,245.121,3.989807692307693,4.358333333333333,0.6166856594494092,19.6121
"Greenville, NC",2017,0.5363988030070798,0.4636011969929202,0.1349492486868908,0.2029446470705568,0.2327903359011012,Lower-Middle Income,9.4,34.6,0.1276516124708169,,245.121,3.989807692307693,4.358333333333333,0.6333990219691993,19.6121
"Hinesville, GA",2017,0.5391604640246764,0.4608395359753235,0.12748821612556427,0.189264261942641,0.2393596033989117,Low Income,4.9,21.9,0.0871872069493114,,245.121,3.989807692307693,4.358333333333333,0.6765238382619191,19.6121
"Homosassa Springs, FL",2017,0.8139174416707456,0.1860825583292543,0.14479222814425544,0.2248797261778171,0.2730247680527783,Low Income,3.7,16.8,0.3638454619731268,,245.121,3.989807692307693,4.358333333333333,0.6215859030837004,19.6121
"Huntsville, AL",2017,0.6781492795006309,0.3218507204993691,0.1743033938673472,0.1794123995273413,0.1691816415763339,Upper-Middle Income,10.0,38.8,0.1487831761254852,,245.121,3.989807692307693,4.358333333333333,0.6622894393164663,19.6121
"Idaho Falls, ID",2017,0.72978543805579,0.2702145619442099,0.1941101403023194,0.2078534284342767,0.1506103740489442,Lower-Middle Income,11.0,29.6,0.1270115377470777,,245.121,3.989807692307693,4.358333333333333,0.742584558607016,19.6121
"Iowa City, IA",2017,0.6258736103329303,0.3741263896670697,0.20137633408043198,0.2403202231906274,0.2229271642385172,Upper-Middle Income,17.4,51.5,0.1237907528674974,,245.121,3.989807692307693,4.358333333333333,0.5365073280056619,19.6121
"Jackson, MI",2017,0.7372388299582128,0.2627611700417872,0.12898341075363884,0.1785871295411005,0.1545823945675302,Low Income,5.9,22.2,0.1718986384266263,,245.121,3.989807692307693,4.358333333333333,0.6320315011250401,19.6121
"Jackson, MS",2017,0.6727215903171732,0.3272784096828268,0.13211549161076852,0.1655836937460211,0.2213196212005574,Lower-Middle Income,12.5,30.5,0.1417136321385501,,245.121,3.989807692307693,4.358333333333333,0.6773385485230469,19.6121
"Jacksonville, FL",2017,0.6364490002124359,0.3635509997875641,0.20369085118994826,0.2290347645939786,0.2200926240822148,Upper-Middle Income,8.7,30.7,0.1529774482052917,,245.121,3.989807692307693,4.358333333333333,0.6731093652094279,19.6121
"Jacksonville, NC",2017,0.5466706916000699,0.4533293083999301,0.15040822584978594,0.2026330257804937,0.1953551427472518,Lower-Middle Income,1.1,22.3,0.0927676605137885,,245.121,3.989807692307693,4.358333333333333,0.7023561748303967,19.6121
"Johnson City, TN",2017,0.664413309563407,0.3355866904365929,0.14619684364492752,0.2183151257388377,0.2312644714213055,Low Income,10.1,26.7,0.1884332209454345,,245.121,3.989807692307693,4.358333333333333,0.6230392802019646,19.6121
"Jonesboro, AR",2017,0.5873509894885196,0.4126490105114804,0.12744459919261328,0.1865948785159222,0.2437612756354844,Low Income,14.2,24.0,0.1474072324768224,,245.121,3.989807692307693,4.358333333333333,0.6597177364104371,19.6121
"Kingston, NY",2017,0.7006335183516899,0.2993664816483101,0.20995230800221887,0.2750208294715422,0.2405538024448495,Upper-Middle Income,11.3,32.7,0.1900321597173066,,245.121,3.989807692307693,4.358333333333333,0.6401150794803987,19.6121
"Knoxville, TN",2017,0.6768178796416474,0.3231821203583526,0.16885598067603583,0.198684219093822,0.2272919525936365,Upper-Middle Income,10.1,28.8,0.1793047749449237,,245.121,3.989807692307693,4.358333333333333,0.6556971788223174,19.6121
"Kokomo, IN",2017,0.7147154162894607,0.2852845837105394,0.09833394610711575,0.1291820727378229,0.1347871952408159,Low Income,3.2,20.4,0.1895996988939208,,245.121,3.989807692307693,4.358333333333333,0.6324796308734632,19.6121
"Lafayette, LA",2017,0.6874497408863474,0.3125502591136526,0.17633069686636116,0.2362154178239379,0.2334467627506011,Lower-Middle Income,4.9,22.5,0.1356096330443203,,245.121,3.989807692307693,4.358333333333333,0.6494650196568977,19.6121
"Lake Charles, LA",2017,0.7029261929958408,0.2970738070041592,0.2002006696252711,0.2566797064985749,0.2355764104681811,Lower-Middle Income,11.0,24.1,0.1434665958798266,,245.121,3.989807692307693,4.358333333333333,0.6337828858317132,19.6121
"Lancaster, PA",2017,0.6692518021377082,0.3307481978622918,0.21588365516854224,0.2422412399735516,0.1682758570413203,High Income,11.5,28.0,0.1744878919438647,,245.121,3.989807692307693,4.358333333333333,0.7048719860800398,19.6121
"Laredo, TX",2017,0.6084678236207711,0.3915321763792288,0.15467085191508398,0.247705850717044,0.2718920039835669,Low Income,5.0,17.1,0.0927312823424092,,245.121,3.989807692307693,4.358333333333333,0.8003781484232562,19.6121
"Las Cruces, NM",2017,0.6433901989634284,0.3566098010365716,0.1660361283648531,0.2743159374648768,0.2710104160255682,Low Income,8.4,24.9,0.1536977163823934,,245.121,3.989807692307693,4.358333333333333,0.6597473522355218,19.6121
"Lawrence, KS",2017,0.5120164557227714,0.4879835442772285,0.1882264983598909,0.2416116117308094,0.2197938770934363,Lower-Middle Income,17.3,47.3,0.1179786908181765,,245.121,3.989807692307693,4.358333333333333,0.5479503809583779,19.6121
"Lawton, OK",2017,0.5486100545545437,0.4513899454454563,0.09684973873453603,0.1466142496065222,0.1615204526969797,Low Income,7.6,23.7,0.132250362077739,,245.121,3.989807692307693,4.358333333333333,0.6413745136821056,19.6121
"Lincoln, NE",2017,0.6218393203620819,0.3781606796379181,0.1812776026564906,0.229893292115844,0.1809096557076542,High Income,14.2,38.1,0.1351630919925691,,245.121,3.989807692307693,4.358333333333333,0.6123157317007182,19.6121
"Longview, TX",2017,0.6788639800144632,0.3211360199855367,0.13671117684688164,0.2026498512814962,0.1923347484191295,Lower-Middle Income,3.8,18.2,0.1622394599988044,,245.121,3.989807692307693,4.358333333333333,0.6665702452172769,19.6121
"Lubbock, TX",2017,0.5337060744161203,0.4662939255838796,0.1497595138648258,0.2367097583648296,0.2564865086408403,Lower-Middle Income,10.4,29.5,0.1213983164104386,,245.121,3.989807692307693,4.358333333333333,0.6229485600075811,19.6121
"Madison, WI",2017,0.6135175175468833,0.3864824824531166,0.2547353618847689,0.2618421468175563,0.1980569774731503,High Income,23.6,45.9,0.1416734176054292,,245.121,3.989807692307693,4.358333333333333,0.592508929291744,19.6121
"Manhattan, KS",2017,0.530502409197216,0.4694975908027839,0.17522276587675012,0.256742425845876,0.2397973556352916,Lower-Middle Income,8.7,44.4,0.1045371125611745,,245.121,3.989807692307693,4.358333333333333,0.5757840457606582,19.6121
"Medford, OR",2017,0.6348201246362917,0.3651798753637083,0.29725887814201424,0.3530414882597961,0.2861211319894692,Upper-Middle Income,3.2,28.4,0.2152713595335641,,245.121,3.989807692307693,4.358333333333333,0.6197701251936991,19.6121
"Merced, CA",2017,0.4877175215205819,0.5122824784794181,0.24453355684909112,0.284741952775818,0.2639046714946316,Low Income,6.9,13.4,0.109633150330249,,245.121,3.989807692307693,4.358333333333333,0.742172930380763,19.6121
"Midland, TX",2017,0.6689177637202941,0.3310822362797059,0.22449016595671206,0.2179643031325712,0.2240353070748657,High Income,4.5,27.6,0.1051384377781576,,245.121,3.989807692307693,4.358333333333333,0.7168062916737904,19.6121
"Missoula, MT",2017,0.5789452116543048,0.4210547883456952,0.29206022965719247,0.3559921741379246,0.1845310055393969,High Income,13.7,46.0,0.15176130993435,,245.121,3.989807692307693,4.358333333333333,0.5584149489816825,19.6121
"Mobile, AL",2017,0.6426110173710103,0.3573889826289896,0.11654340939254029,0.1767998736768781,0.216479934603842,Low Income,6.0,23.0,0.1581041417545385,,245.121,3.989807692307693,4.358333333333333,0.6411434999321193,19.6121
"Modesto, CA",2017,0.5720878247192823,0.4279121752807176,0.2896102953827051,0.298818485655814,0.2591945617262825,Lower-Middle Income,6.7,17.5,0.1292628750919421,,245.121,3.989807692307693,4.358333333333333,0.7503989675813635,19.6121
"Montgomery, AL",2017,0.6358129050436743,0.3641870949563257,0.13137228919186533,0.1654923231051568,0.2120674201815774,Lower-Middle Income,5.1,29.4,0.1485280390704192,,245.121,3.989807692307693,4.358333333333333,0.6564454775993237,19.6121
"Morgantown, WV",2017,0.6162451266579159,0.3837548733420841,0.17584650674000885,0.2110085165447037,0.2596513309635232,Lower-Middle Income,13.3,34.0,0.1381309071509419,,245.121,3.989807692307693,4.358333333333333,0.5381736966871069,19.6121
"Muncie, IN",2017,0.6138919893534815,0.3861080106465184,0.0836678624784975,0.1417499705815362,0.1628795485175783,Low Income,6.4,24.7,0.1677837199611057,,245.121,3.989807692307693,4.358333333333333,0.5851721473340774,19.6121
"Napa, CA",2017,0.6609053669954857,0.3390946330045143,0.6523646438397751,0.4651238573594604,0.3213885559500166,High Income,9.5,36.2,0.1848580933937704,,245.121,3.989807692307693,4.358333333333333,0.6882001337568968,19.6121
"Ocala, FL",2017,0.7687099985777273,0.2312900014222728,0.1470240842763918,0.2248679974609843,0.2576622894459425,Low Income,2.9,21.9,0.2856755833871873,,245.121,3.989807692307693,4.358333333333333,0.6454487270658512,19.6121
"Odessa, TX",2017,0.6467657818946058,0.3532342181053942,0.1637133703512541,0.1990921093038622,0.2573381978046941,Upper-Middle Income,2.8,13.9,0.0960614181950129,,245.121,3.989807692307693,4.358333333333333,0.6902195064995719,19.6121
"Oklahoma City, OK",2017,0.6350651941741876,0.3649348058258124,0.14721024030058386,0.1940178368371476,0.2024032512010709,Upper-Middle Income,9.1,31.0,0.1346289070827765,,245.121,3.989807692307693,4.358333333333333,0.6417665215299212,19.6121
"Panama City, FL",2017,0.6254418348912104,0.3745581651087896,0.1917256655856652,0.261170884076005,0.2426325536040938,Lower-Middle Income,7.2,23.4,0.171799284004826,,245.121,3.989807692307693,4.358333333333333,0.6423035634802189,19.6121
"Peoria, IL",2017,0.7201205154478275,0.2798794845521725,0.10795878125192558,0.1559306013158466,0.1444478824733323,Upper-Middle Income,7.6,30.0,0.1760023766382879,,245.121,3.989807692307693,4.358333333333333,0.6404486757550877,19.6121
"Pittsburgh, PA",2017,0.6990373174906049,0.300962682509395,0.14391664447377917,0.1763478797744861,0.2148722911682838,High Income,16.7,35.1,0.1949590441623628,,245.121,3.989807692307693,4.358333333333333,0.6054747300857345,19.6121
"Port St. Lucie, FL",2017,0.7339511382753953,0.2660488617246047,0.2148241271615424,0.2822404368297201,0.299535488420517,High Income,6.7,25.4,0.2591539597278578,,245.121,3.989807692307693,4.358333333333333,0.6550224029817774,19.6121
"Pueblo, CO",2017,0.6288979692156441,0.3711020307843559,0.1591636053900359,0.2216179780980576,0.2221295696983617,Low Income,9.1,22.2,0.1797747409520949,,245.121,3.989807692307693,4.358333333333333,0.6423853267381486,19.6121
"Punta Gorda, FL",2017,0.8057878405385506,0.1942121594614494,0.19588405660304978,0.2699504581776642,0.3460756938750372,Lower-Middle Income,5.3,23.6,0.3939065993528646,,245.121,3.989807692307693,4.358333333333333,0.614113284947933,19.6121
"Rapid City, SD",2017,0.6801155214797752,0.3198844785202248,0.20456650957329411,0.2509684303481734,0.2014613080405197,High Income,10.1,28.6,0.172788893647977,,245.121,3.989807692307693,4.358333333333333,0.6572175138814873,19.6121
"Reading, PA",2017,0.7225917475540431,0.2774082524459569,0.16694356064505098,0.2159387405718426,0.1585135988041187,Upper-Middle Income,10.0,23.8,0.169523326329292,,245.121,3.989807692307693,4.358333333333333,0.6778104335047759,19.6121
"Redding, CA",2017,0.6452728990662516,0.3547271009337483,0.24731637422619282,0.2984416776227913,0.2248602075587453,Lower-Middle Income,7.1,23.0,0.2034003812784499,,245.121,3.989807692307693,4.358333333333333,0.6611688528234771,19.6121
"Reno, NV",2017,0.5836168141496122,0.4163831858503877,0.33169849181303684,0.3105840590479281,0.2353686407017546,High Income,8.6,31.0,0.1605174459596567,,245.121,3.989807692307693,4.358333333333333,0.6060345864826138,19.6121
"Rochester, MN",2017,0.7474940112100844,0.2525059887899156,0.21050134396990008,0.2019070374442667,0.2028778983371654,High Income,22.2,39.2,0.1605644126809602,,245.121,3.989807692307693,4.358333333333333,0.6800823313254413,19.6121
"Rochester, NY",2017,0.6661605906783572,0.3338394093216428,0.1415905861506752,0.1840849611320295,0.1997389975884716,Upper-Middle Income,13.7,34.1,0.1722253763632383,,245.121,3.989807692307693,4.358333333333333,0.621481310567605,19.6121
"Rockford, IL",2017,0.6903131817118184,0.3096868182881815,0.10750957311722992,0.1735295494027481,0.1719674914046637,Lower-Middle Income,6.1,21.8,0.1688428010204232,,245.121,3.989807692307693,4.358333333333333,0.6663244740675881,19.6121
"St. Cloud, MN",2017,0.7010950721752115,0.2989049278247884,0.1871878393402233,0.2070867418174844,0.1714675970045286,Upper-Middle Income,9.9,29.0,0.1437305002553613,,245.121,3.989807692307693,4.358333333333333,0.6414293573655393,19.6121
"St. George, UT",2017,0.6889328274461605,0.3110671725538396,0.2834362182445143,0.2903161866020058,0.264062279200881,Lower-Middle Income,3.2,26.9,0.2102051164419118,,245.121,3.989807692307693,4.358333333333333,0.7126418354441654,19.6121
"Salem, OR",2017,0.6151002221026639,0.3848997778973361,0.26569681581698884,0.3055057987809867,0.2271293188182559,Lower-Middle Income,6.6,24.5,0.1569854723258867,,245.121,3.989807692307693,4.358333333333333,0.6654664845700727,19.6121
"Salinas, CA",2017,0.5127232747494384,0.4872767252505616,0.5251159158650424,0.4446142332994857,0.3125706085205273,High Income,6.6,24.8,0.1320417348889147,,245.121,3.989807692307693,4.358333333333333,0.7347551745566373,19.6121
"Salt Lake City, UT",2017,0.6803302853082503,0.3196697146917496,0.31375600350875904,0.2581311272766347,0.1853170893637977,High Income,8.3,35.5,0.104497113718254,,245.121,3.989807692307693,4.358333333333333,0.7052301893067989,19.6121
"San Angelo, TX",2017,0.6465652612088968,0.3534347387911032,0.14347896136170102,0.2194344236293724,0.2231791092864394,Upper-Middle Income,6.4,23.2,0.1517721699338736,,245.121,3.989807692307693,4.358333333333333,0.6315419410785853,19.6121
"Santa Fe, NM",2017,0.7099041113884146,0.2900958886115855,0.3276617879280208,0.3315534562311095,0.2425321663732568,High Income,5.2,40.3,0.2297142857142857,,245.121,3.989807692307693,4.358333333333333,0.5785005910941811,19.6121
"Savannah, GA",2017,0.5980519708850522,0.4019480291149477,0.185301874302782,0.2269432595951102,0.2244851288161495,Lower-Middle Income,10.8,30.4,0.1398090018397958,,245.121,3.989807692307693,4.358333333333333,0.6536798059003481,19.6121
"Sioux Falls, SD",2017,0.6758333820406414,0.3241666179593586,0.20184403585141902,0.2269628705246788,0.1622760669486777,High Income,15.6,32.2,0.1314615829000577,,245.121,3.989807692307693,4.358333333333333,0.6365363259103396,19.6121
"Spartanburg, SC",2017,0.6897229131350897,0.3102770868649102,0.14513065508421133,0.182981303275001,0.2231599419030195,Lower-Middle Income,8.1,24.1,0.1611347195349157,,245.121,3.989807692307693,4.358333333333333,0.6873227610462446,19.6121
"Springfield, IL",2017,0.7069459042422345,0.2930540957577655,0.1337283798685304,0.1775674281659762,0.1489815791026217,Upper-Middle Income,12.4,32.2,0.171563999306345,,245.121,3.989807692307693,4.358333333333333,0.6251649260907485,19.6121
"Springfield, MA",2017,0.6084152424187854,0.3915847575812146,0.2140903580138923,0.274838735875246,0.2379311438208945,Upper-Middle Income,6.9,32.0,0.165412283979153,,245.121,3.989807692307693,4.358333333333333,0.6342464433937374,19.6121
"Springfield, MO",2017,0.6347648796868697,0.3652351203131303,0.14094073996273793,0.2048680707855313,0.1939747810616817,Lower-Middle Income,9.1,28.4,0.164076026775363,,245.121,3.989807692307693,4.358333333333333,0.6264296383519227,19.6121
"Sumter, SC",2017,0.6493624337360906,0.3506375662639094,0.12016226217347542,0.1706599255621807,0.2306012755740894,Low Income,2.5,19.6,0.162334927513173,,245.121,3.989807692307693,4.358333333333333,0.6755336931085534,19.6121
"Syracuse, NY",2017,0.6680338683140347,0.3319661316859653,0.1296592890134217,0.1948320381934067,0.2061279698818426,Upper-Middle Income,10.6,31.8,0.1644964197415861,,245.121,3.989807692307693,4.358333333333333,0.6267888740570577,19.6121
"Tallahassee, FL",2017,0.5923957924377597,0.4076042075622402,0.17231363694894508,0.2327877552106627,0.2239380454850187,Lower-Middle Income,13.7,39.4,0.1367333120607669,,245.121,3.989807692307693,4.358333333333333,0.5814639825632556,19.6121
"Toledo, OH",2017,0.6150753973922093,0.3849246026077907,0.11437903588162583,0.1824632784214614,0.179446375902363,Lower-Middle Income,12.2,27.1,0.1567881683309368,,245.121,3.989807692307693,4.358333333333333,0.6241638949537821,19.6121
"Topeka, KS",2017,0.6764784862944372,0.3235215137055627,0.11508112430178977,0.158685110620741,0.1579376552975471,Lower-Middle Income,8.8,31.3,0.1795804399761525,,245.121,3.989807692307693,4.358333333333333,0.635836896573093,19.6121
"Tucson, AZ",2017,0.6386610633985341,0.3613389366014659,0.1987504345855868,0.243902479870563,0.2179902662350156,Lower-Middle Income,7.8,33.6,0.1921479825845327,,245.121,3.989807692307693,4.358333333333333,0.6153270527833805,19.6121
"Tulsa, OK",2017,0.6487938339517112,0.3512061660482887,0.14007801927377445,0.1959153617314174,0.2099551434982003,High Income,8.1,27.6,0.14971239628048,,245.121,3.989807692307693,4.358333333333333,0.6597245080406681,19.6121
"Tuscaloosa, AL",2017,0.6487079965340835,0.3512920034659165,0.14341098714110706,0.1796684714870872,0.2593812401237738,Low Income,4.7,29.4,0.1372508554187527,,245.121,3.989807692307693,4.358333333333333,0.6637467507032725,19.6121
"Tyler, TX",2017,0.6707809346374787,0.3292190653625213,0.16228769203642177,0.2186139824303317,0.2289558061514439,High Income,6.1,26.8,0.1621195554326013,,245.121,3.989807692307693,4.358333333333333,0.7085726854008176,19.6121
"Urban Honolulu, HI",2017,0.5638928428628549,0.4361071571371451,0.6422700577525754,0.4262760514156171,0.2911280909231695,High Income,9.2,34.7,0.1726475496889698,,245.121,3.989807692307693,4.358333333333333,0.7038400639744102,19.6121
"Waco, TX",2017,0.5924159901346213,0.4075840098653787,0.1423473768756207,0.238115500461024,0.2543828958080819,Lower-Middle Income,6.9,24.1,0.1451594818242298,,245.121,3.989807692307693,4.358333333333333,0.6621210564176344,19.6121
"Warner Robins, GA",2017,0.6506760879127116,0.3493239120872884,0.13787986927884036,0.157022495447435,0.2038663370345451,Low Income,9.6,27.7,0.1344012948341512,,245.121,3.989807692307693,4.358333333333333,0.7208530200485251,19.6121
"Wichita, KS",2017,0.648464246888741,0.3515357531112589,0.12345185756505565,0.1673864217044312,0.168292056066913,Upper-Middle Income,10.0,31.1,0.146230252636333,,245.121,3.989807692307693,4.358333333333333,0.6617408447047752,19.6121
"Wichita Falls, TX",2017,0.6298848915671346,0.3701151084328654,0.09580574928316601,0.166595252912323,0.1845329567130728,Lower-Middle Income,5.1,22.5,0.1523903987304106,,245.121,3.989807692307693,4.358333333333333,0.6200339190993397,19.6121
"Wilmington, NC",2017,0.6362919767422149,0.363708023257785,0.2377626307927008,0.2806169952581657,0.2344009482503097,Upper-Middle Income,10.3,38.3,0.1719693499354516,,245.121,3.989807692307693,4.358333333333333,0.5763845332338832,19.6121
"Yuba City, CA",2017,0.600295669812456,0.399704330187544,0.2649311483847853,0.2993253736720113,0.2618905653540038,Low Income,4.2,17.3,0.1331767225744045,,245.121,3.989807692307693,4.358333333333333,0.678459078954154,19.6121
"Abilene, TX",2023,0.6228257598555522,0.3771742401444478,0.18384932590559266,0.2628517827879101,0.2352409717232766,Lower-Middle Income,9.8,27.0,0.1682683771306818,41.05801575,300.456,6.80673076923077,3.633333333333333,0.6629852542882937,27.7207
"Akron, OH",2023,0.6814479213127068,0.3185520786872931,0.20361017677636073,0.2528413574856402,0.197670968575007,Upper-Middle Income,15.1,36.6,0.1962562893937267,148.70124333333334,300.456,6.80673076923077,3.633333333333333,0.592740272239791,27.7207
"Albany, GA",2023,0.5317417437698386,0.4682582562301614,0.148001754011156,0.2304632397538973,0.2047353801085345,Low Income,6.2,20.9,0.1745250302593464,27.144927833333327,300.456,6.80673076923077,3.633333333333333,0.6655973526034984,27.7207
"Albuquerque, NM",2023,0.6824475645510666,0.3175524354489334,0.3219495114656083,0.3790389190878834,0.2689230246612824,Lower-Middle Income,9.6,35.7,0.1913411541518411,272.7060950833333,300.456,6.80673076923077,3.633333333333333,0.5974389367627699,27.7207
"Altoona, PA",2023,0.7165899982231347,0.2834100017768652,0.1606204030541504,0.253635989325043,0.2021182499506727,Lower-Middle Income,9.6,22.3,0.2229012330281942,17.3737285,300.456,6.80673076923077,3.633333333333333,0.582792047541016,27.7207
"Amarillo, TX",2023,0.6505513972298738,0.3494486027701262,0.1995821165606404,0.2853140363054421,0.2338836764183066,Upper-Middle Income,9.6,26.5,0.1530135481508605,62.400438083333334,300.456,6.80673076923077,3.633333333333333,0.6257020216276195,27.7207
"Ames, IA",2023,0.6206316800768584,0.3793683199231416,0.2363755961194334,0.2954343107506888,0.1896141101921988,Lower-Middle Income,12.3,48.3,0.1499568538463997,27.11060108333333,300.456,6.80673076923077,3.633333333333333,0.5377887194267643,27.7207
"Anchorage, AK",2023,0.6694989764757207,0.3305010235242793,0.377327501430344,0.3405518196793063,0.2106610631490991,High Income,4.1,36.2,0.1348096502987685,,300.456,6.80673076923077,3.633333333333333,0.6190476190476191,27.7207
"Appleton, WI",2023,0.7304580045378792,0.2695419954621207,0.29266205214768576,0.2829948645217239,0.1636755976123665,Upper-Middle Income,7.7,31.6,0.1778779627728429,47.84744241666666,300.456,6.80673076923077,3.633333333333333,0.6593377908961308,27.7207
"Asheville, NC",2023,0.6945501556838253,0.3054498443161747,0.4140860739766581,0.4560324937387794,0.3185804283513461,Upper-Middle Income,8.7,44.7,0.2342917819185909,303.9145505833333,300.456,6.80673076923077,3.633333333333333,0.6143107728351451,27.7207
"Bangor, ME",2023,0.7151421359456698,0.2848578640543301,0.2461164621917531,0.3083276779513538,0.2404990690895732,Lower-Middle Income,7.8,30.6,0.2078654579169671,30.629318666666666,300.456,6.80673076923077,3.633333333333333,0.5742532604122844,27.7207
"Barnstable Town, MA",2023,0.7848549897236812,0.2151450102763188,0.702722877857584,0.5930657041960598,0.344918635250303,High Income,6.8,49.8,0.3427665221049906,339.9194239166667,300.456,6.80673076923077,3.633333333333333,0.6392509705412195,27.7207
"Bay City, MI",2023,0.7766620888398587,0.2233379111601414,0.15337089361972095,0.227646557658773,0.1977309339794646,Low Income,3.9,23.1,0.2281170731707317,21.01937441666667,300.456,6.80673076923077,3.633333333333333,0.5817142085237634,27.7207
"Bellingham, WA",2023,0.6303652259521236,0.3696347740478763,0.5749001270443405,0.5935497192108307,0.3044107179281733,Upper-Middle Income,16.2,40.0,0.1921532949003747,136.68596358333335,300.456,6.80673076923077,3.633333333333333,0.573703303406136,27.7207
"Bend, OR",2023,0.7175598028386043,0.2824401971613957,0.6581044474737393,0.4945695108744508,0.2590638801644725,High Income,9.3,42.1,0.2105634315630521,214.93034616666662,300.456,6.80673076923077,3.633333333333333,0.6737554418958683,27.7207
"Billings, MT",2023,0.6799510703363915,0.3200489296636085,0.3794486497836199,0.4275662336787278,0.2327978670389646,High Income,9.8,30.9,0.1975553059785305,32.4993425,300.456,6.80673076923077,3.633333333333333,0.6289418960244648,27.7207
"Bismarck, ND",2023,0.7359320805508102,0.2640679194491898,0.31943923921945844,0.3151678099234453,0.1741636038308724,High Income,17.9,38.5,0.1839677259954716,44.20148691666666,300.456,6.80673076923077,3.633333333333333,0.6056668564822005,27.7207
"Bloomington, IL",2023,0.6546861806923726,0.3453138193076273,0.2197323738671004,0.2769753482965796,0.2036930628597496,Upper-Middle Income,13.7,49.6,0.1454872947236873,42.199512916666656,300.456,6.80673076923077,3.633333333333333,0.5636504362510555,27.7207
"Bloomington, IN",2023,0.5550430808845376,0.4449569191154624,0.274918296580808,0.3761279352192733,0.3151143105499935,Lower-Middle Income,14.2,47.7,0.1666832427862799,49.92184458333334,300.456,6.80673076923077,3.633333333333333,0.5045627537810727,27.7207
"Boise City, ID",2023,0.7220418871448263,0.2779581128551736,0.46170030968646725,0.4122242819668337,0.2466162068931276,Upper-Middle Income,10.0,37.4,0.166003041665003,383.942143,300.456,6.80673076923077,3.633333333333333,0.6889495181771406,27.7207
"Burlington, NC",2023,0.6602924793050443,0.3397075206949556,0.27210955696565386,0.3081609788632421,0.2247058215099577,Low Income,11.2,29.3,0.1731309128457009,46.42401766666666,300.456,6.80673076923077,3.633333333333333,0.6516478402504547,27.7207
"Carson City, NV",2023,0.6327660613956518,0.3672339386043481,0.4481394354881145,0.4421722539533805,0.2798366706142243,Upper-Middle Income,8.5,21.9,0.2071817492590805,24.25056525,300.456,6.80673076923077,3.633333333333333,0.6464864424721114,27.7207
"Casper, WY",2023,0.7328439939415123,0.2671560060584877,0.2807751026826194,0.3032992374310901,0.1838171733262936,High Income,4.0,29.2,0.1731902277929973,30.50697725,300.456,6.80673076923077,3.633333333333333,0.6414132587673308,27.7207
"Cedar Rapids, IA",2023,0.7379607726752966,0.2620392273247034,0.20817600918356,0.2573573506432473,0.1632420314627536,Upper-Middle Income,8.9,33.3,0.1837572732417255,65.7269075,300.456,6.80673076923077,3.633333333333333,0.6216143082845247,27.7207
"Charleston, WV",2023,0.7062139940712567,0.2937860059287432,0.13363330880028673,0.196744543367601,0.184765598316308,Lower-Middle Income,10.3,27.7,0.2304694995055569,33.81030008333334,300.456,6.80673076923077,3.633333333333333,0.5639017842161195,27.7207
"Cheyenne, WY",2023,0.6793972109761583,0.3206027890238416,0.3579787925459868,0.3765133732915516,0.2006370079858951,Upper-Middle Income,19.3,33.4,0.1846530143389051,46.07700525,300.456,6.80673076923077,3.633333333333333,0.6281601439496176,27.7207
"Chico, CA",2023,0.5650853626027191,0.4349146373972809,0.38729855118470874,0.4899393418527435,0.2935391451732242,Lower-Middle Income,12.0,29.9,0.1866323634467978,69.597949,300.456,6.80673076923077,3.633333333333333,0.5802454826782879,27.7207
"Cleveland, TN",2023,0.6893462130757385,0.3106537869242615,0.27750658900674124,0.3405318445040856,0.2729985791283045,Low Income,10.8,23.0,0.1774912816714501,45.592300083333335,300.456,6.80673076923077,3.633333333333333,0.6477470450590989,27.7207
"Coeur d'Alene, ID",2023,0.7335191844100575,0.2664808155899425,0.5429576169343375,0.5454682812337379,0.2844625302677748,Upper-Middle Income,4.8,32.1,0.2064266796389384,135.93906833333335,300.456,6.80673076923077,3.633333333333333,0.6908138391714813,27.7207
"Colorado Springs, CO",2023,0.6726896286071967,0.3273103713928033,0.4507150310159242,0.3628486973496163,0.2332889910412521,Upper-Middle Income,12.4,44.2,0.1481376945808707,476.27806241666667,300.456,6.80673076923077,3.633333333333333,0.674853144159471,27.7207
"Columbia, MO",2023,0.58791372513065,0.4120862748693499,0.27654087515990217,0.3201858585038875,0.1878558119362937,Upper-Middle Income,11.0,49.0,0.1460722576699056,55.615382916666654,300.456,6.80673076923077,3.633333333333333,0.5776794718987805,27.7207
"Columbia, SC",2023,0.7012398843930636,0.2987601156069364,0.24167788005021,0.2724982769301546,0.2656702428960652,Lower-Middle Income,13.8,35.8,0.1653096258675277,264.9230645,300.456,6.80673076923077,3.633333333333333,0.6289942196531791,27.7207
"Columbus, IN",2023,0.6979601503981999,0.3020398496018,0.2455790438598007,0.2371880013470765,0.1903668404343857,Upper-Middle Income,13.7,35.6,0.1778984083901765,25.99713833333333,300.456,6.80673076923077,3.633333333333333,0.6656896704858336,27.7207
"Columbus, OH",2023,0.6016944914820834,0.3983055085179166,0.2999634247522855,0.3306108859636214,0.2138231264036018,Upper-Middle Income,14.7,40.3,0.1483778851344626,605.9497885,300.456,6.80673076923077,3.633333333333333,0.6110738598265731,27.7207
"Corpus Christi, TX",2023,0.6229020333800036,0.3770979666199964,0.2168638079490118,0.3117672823566744,0.2770286386028085,Lower-Middle Income,4.6,24.5,0.172002125365157,113.99353483333331,300.456,6.80673076923077,3.633333333333333,0.6852273858969777,27.7207
"Corvallis, OR",2023,0.5751057275622617,0.4248942724377382,0.5302179348886068,0.5711887138986756,0.2848408036777398,Upper-Middle Income,14.0,56.4,0.1808664149089681,32.255350416666666,300.456,6.80673076923077,3.633333333333333,0.4965801702083224,27.7207
"Dalton, GA",2023,0.6419331588331247,0.3580668411668753,0.22470770662131206,0.2752351259194231,0.2355609986647021,Low Income,6.4,19.8,0.1573914125012092,28.084251083333328,300.456,6.80673076923077,3.633333333333333,0.7200789044421684,27.7207
"Danville, IL",2023,0.6560922385434648,0.3439077614565352,0.08277381082158068,0.1895391305842285,0.1714115121035113,Low Income,2.8,16.6,0.2106291520125048,8.175683333333334,300.456,6.80673076923077,3.633333333333333,0.550988502752174,27.7207
"Decatur, AL",2023,0.7529677959272232,0.2470322040727768,0.2160920710769752,0.2223866441591634,0.2016337027808935,Low Income,9.9,22.7,0.1824565827213414,23.87504175,300.456,6.80673076923077,3.633333333333333,0.6959675169699036,27.7207
"Decatur, IL",2023,0.6921189045369054,0.3078810954630946,0.10488953180154126,0.1798909116842132,0.2115291067300025,Upper-Middle Income,5.7,23.5,0.2145122327047151,18.55122358333333,300.456,6.80673076923077,3.633333333333333,0.5458966007615028,27.7207
"Dothan, AL",2023,0.6714796237239787,0.3285203762760212,0.1701923643711383,0.234108193934174,0.2617593795953874,Low Income,4.2,20.7,0.1991666068901655,32.3903,300.456,6.80673076923077,3.633333333333333,0.6705181006714636,27.7207
"Dover, DE",2023,0.7300190070501328,0.2699809929498672,0.3348914444906713,0.3435673664584589,0.2815578648010999,Low Income,8.1,27.2,0.1881036308742867,56.332362,300.456,6.80673076923077,3.633333333333333,0.6718116010406697,27.7207
"Dubuque, IA",2023,0.741308960339481,0.258691039660519,0.2375556906470701,0.2846510939815928,0.1682115567224907,Upper-Middle Income,19.8,34.0,0.1999150545572219,24.986861416666667,300.456,6.80673076923077,3.633333333333333,0.6080580102124088,27.7207
"East Stroudsburg, PA",2023,0.7914410508923752,0.2085589491076248,0.28821410655941265,0.3626156419274015,0.2984217462766377,Lower-Middle Income,12.4,26.8,0.2033146043733025,84.79637075,300.456,6.80673076923077,3.633333333333333,0.6969687055243828,27.7207
"Eau Claire, WI",2023,0.6841561660813882,0.3158438339186118,0.2804518790574365,0.3041106640012385,0.1656294918143938,Upper-Middle Income,9.0,30.7,0.1843852395738622,46.979911083333334,300.456,6.80673076923077,3.633333333333333,0.6030985333608758,27.7207
"El Centro, CA",2023,0.5619502638733408,0.4380497361266592,0.33153089946412334,0.4219434390357828,0.316910681898376,Low Income,7.9,16.6,0.1381180294543078,,300.456,6.80673076923077,3.633333333333333,0.7760874780105549,27.7207
"El Paso, TX",2023,0.6336597919364615,0.3663402080635385,0.21216032385492933,0.3165065899433825,0.2845246713304178,Low Income,6.0,25.9,0.1344891366793454,134.48373033333334,300.456,6.80673076923077,3.633333333333333,0.7068761654307167,27.7207
"Enid, OK",2023,0.6123070416578558,0.3876929583421442,0.12386768908138254,0.1834776886021415,0.1983165272323015,Low Income,11.1,22.5,0.1734679070667333,12.278303083333334,300.456,6.80673076923077,3.633333333333333,0.6496087967857898,27.7207
"Erie, PA",2023,0.6900142191184147,0.3099857808815853,0.1835700280961905,0.2680707472035571,0.1673143071039428,Lower-Middle Income,11.3,29.3,0.2048951493248521,41.916056916666655,300.456,6.80673076923077,3.633333333333333,0.6104411526485358,27.7207
"Farmington, NM",2023,0.7261542067026013,0.2738457932973986,0.23175933034442409,0.3047324836640802,0.2273076733064616,Low Income,3.9,20.4,0.1748829500725088,16.059057083333332,300.456,6.80673076923077,3.633333333333333,0.7032809936723693,27.7207
"Fayetteville, NC",2023,0.58643417541717,0.41356582458283,0.23361121890785733,0.3006632126183842,0.2640950172940434,Low Income,6.7,28.0,0.1317544145834183,166.5770025,300.456,6.80673076923077,3.633333333333333,0.6459398106970755,27.7207
"Flagstaff, AZ",2023,0.6000280928468589,0.3999719071531411,0.6008115430895675,0.6068961406917672,0.3643286555309016,Upper-Middle Income,8.7,39.8,0.1536076194695166,108.97321016666669,300.456,6.80673076923077,3.633333333333333,0.584331214664466,27.7207
"Flint, MI",2023,0.7204697536657606,0.2795302463342393,0.16674852827900785,0.2064385310936338,0.1976893636537084,Low Income,9.1,22.8,0.1955310045277718,92.89990991666669,300.456,6.80673076923077,3.633333333333333,0.6365991004717039,27.7207
"Florence, SC",2023,0.6665519483002562,0.3334480516997438,0.17210550975965355,0.2722285338927631,0.3419972015723503,Lower-Middle Income,4.6,22.5,0.1898462154986725,37.802933333333335,300.456,6.80673076923077,3.633333333333333,0.64020496348132,27.7207
"Fond du Lac, WI",2023,0.7068139713524016,0.2931860286475984,0.24374640538611544,0.2907133018740737,0.1532497989994831,Upper-Middle Income,3.1,23.9,0.2097779659060299,21.148828166666668,300.456,6.80673076923077,3.633333333333333,0.6018932718810718,27.7207
"Fort Wayne, IN",2023,0.6941624773562861,0.3058375226437139,0.22506084065430865,0.2733891681743013,0.1994533393668608,Upper-Middle Income,10.1,31.3,0.1637551819186531,110.54214866666669,300.456,6.80673076923077,3.633333333333333,0.6236427170312885,27.7207
"Fresno, CA",2023,0.5916028705586729,0.4083971294413271,0.38333636460662096,0.4152166197621159,0.326612898167908,Lower-Middle Income,7.3,23.5,0.1343273842816223,242.5675660833333,300.456,6.80673076923077,3.633333333333333,0.7132688806311822,27.7207
"Gainesville, FL",2023,0.6005785855285549,0.3994214144714451,0.295195659850232,0.3857333662120942,0.297741023263214,Lower-Middle Income,16.5,43.3,0.172037361187654,107.55775266666669,300.456,6.80673076923077,3.633333333333333,0.5287386835477503,27.7207
"Gainesville, GA",2023,0.6728567128629945,0.3271432871370054,0.3695446316312463,0.3757337189437577,0.2643725955575548,Upper-Middle Income,7.4,30.0,0.1667257337745723,98.73863541666668,300.456,6.80673076923077,3.633333333333333,0.7339457945637522,27.7207
"Goldsboro, NC",2023,0.5983203997023493,0.4016796002976507,0.17156143496225879,0.2482022363590397,0.279007641358349,Low Income,3.9,22.4,0.1773671705171629,26.27625766666667,300.456,6.80673076923077,3.633333333333333,0.6680131816732221,27.7207
"Grand Junction, CO",2023,0.6943404536445716,0.3056595463554283,0.3867591735252639,0.4648811597349111,0.2786554015662378,Lower-Middle Income,12.2,32.2,0.2149097262667443,86.09111275,300.456,6.80673076923077,3.633333333333333,0.5966233575570726,27.7207
"Grants Pass, OR",2023,0.7392927150183937,0.2607072849816063,0.3885520741390859,0.4413656082379515,0.3027569475995296,Lower-Middle Income,17.3,20.8,0.2746837316814884,34.19803116666667,300.456,6.80673076923077,3.633333333333333,0.6731559302918826,27.7207
"Great Falls, MT",2023,0.6814961278629099,0.3185038721370901,0.30070683504844115,0.3583630325323023,0.2056710388932147,Upper-Middle Income,12.0,30.2,0.1990812720848056,25.522157166666666,300.456,6.80673076923077,3.633333333333333,0.5943593123523919,27.7207
"Green Bay, WI",2023,0.683147231075552,0.3168527689244481,0.28828001759634,0.3118083630912981,0.1472150680628556,Upper-Middle Income,14.3,30.1,0.1830741046516533,86.97376283333332,300.456,6.80673076923077,3.633333333333333,0.6184478269431337,27.7207
"Greenville, NC",2023,0.5297744583103852,0.4702255416896149,0.23506551386981583,0.3080449827052604,0.2761352063997453,Lower-Middle Income,12.1,34.9,0.1510401498409652,41.24027716666666,300.456,6.80673076923077,3.633333333333333,0.5833993793909434,27.7207
"Hattiesburg, MS",2023,0.6521618534834394,0.3478381465165606,0.18952120785254217,0.2850531469188541,0.244329426913397,Low Income,14.2,33.7,0.1481182019443642,30.22428175,300.456,6.80673076923077,3.633333333333333,0.6039647577092511,27.7207
"Hinesville, GA",2023,0.5851223324507959,0.4148776675492041,0.22785751351181488,0.3176777375442063,0.3026019881798018,Low Income,10.9,18.3,0.0950052392595179,29.402873583333328,300.456,6.80673076923077,3.633333333333333,0.6557784937318575,27.7207
"Homosassa Springs, FL",2023,0.8247145026074328,0.1752854973925671,0.2781745718594074,0.414248854132523,0.3617129177211658,Low Income,9.2,21.8,0.3638839564236694,89.223383,300.456,6.80673076923077,3.633333333333333,0.6232358571522872,27.7207
"Huntsville, AL",2023,0.7050676279849025,0.2949323720150975,0.30156683762509967,0.2702550547450371,0.2021192346430834,Upper-Middle Income,17.9,44.6,0.16062087722426,181.77059208333333,300.456,6.80673076923077,3.633333333333333,0.6576386208973768,27.7207
"Idaho Falls, ID",2023,0.730309547313496,0.269690452686504,0.3795272094556706,0.3788998738539081,0.1937912915028445,Lower-Middle Income,5.0,32.1,0.1371167419410652,53.444554666666654,300.456,6.80673076923077,3.633333333333333,0.7315435058524891,27.7207
"Iowa City, IA",2023,0.6077191452245966,0.3922808547754034,0.27052643875936366,0.3352740120436864,0.2265271779576521,Upper-Middle Income,17.4,50.7,0.1458675758518058,53.04719108333334,300.456,6.80673076923077,3.633333333333333,0.5295191888355866,27.7207
"Jackson, MS",2023,0.6787876012621868,0.3212123987378131,0.1859981125889324,0.2463083119323974,0.2566772926781006,Lower-Middle Income,9.7,31.7,0.1660170411855993,103.72656841666668,300.456,6.80673076923077,3.633333333333333,0.6258814909790273,27.7207
"Jackson, TN",2023,0.6416181035891292,0.3583818964108708,0.18827449555224623,0.2669301658018109,0.2539035058398471,Low Income,7.0,20.7,0.1821576672203095,54.671685333333336,300.456,6.80673076923077,3.633333333333333,0.6498965197973967,27.7207
"Jacksonville, FL",2023,0.666885977252298,0.3331140227477019,0.3516943269969363,0.3721430948642125,0.2546733576962939,Upper-Middle Income,11.8,37.4,0.1756117064742826,906.1759076666666,300.456,6.80673076923077,3.633333333333333,0.6474553479319156,27.7207
"Jacksonville, NC",2023,0.6187294889826536,0.3812705110173464,0.2638010808561073,0.301186866044229,0.2292992629755941,Lower-Middle Income,4.3,23.6,0.1076021640240364,102.41058533333332,300.456,6.80673076923077,3.633333333333333,0.7270797520445903,27.7207
"Jefferson City, MO",2023,0.7109545826309025,0.2890454173690975,0.23171753047198348,0.2699189249205809,0.1624129029993543,Lower-Middle Income,6.4,32.3,0.1806549814884976,39.04581133333333,300.456,6.80673076923077,3.633333333333333,0.6283320258383268,27.7207
"Johnson City, TN",2023,0.6991929647579991,0.3008070352420009,0.2560063015409628,0.3450100477280037,0.2797726579887603,Low Income,17.9,27.9,0.2083684213002385,73.42683525,300.456,6.80673076923077,3.633333333333333,0.609114234961293,27.7207
"Johnstown, PA",2023,0.7648301386124786,0.2351698613875213,0.1020981395012064,0.1630916054535552,0.1750712670163255,Low Income,11.0,24.0,0.2465025867082989,10.658093833333334,300.456,6.80673076923077,3.633333333333333,0.5974826297964456,27.7207
"Jonesboro, AR",2023,0.5856023871689668,0.4143976128310332,0.1865944857352594,0.2577613638297587,0.243817128524115,Low Income,19.5,25.7,0.1492924701224429,31.055939416666668,300.456,6.80673076923077,3.633333333333333,0.6090655583382177,27.7207
"Kankakee, IL",2023,0.7081449063943593,0.2918550936056406,0.1928203855799504,0.277478842990178,0.2258571254372009,Lower-Middle Income,5.1,20.9,0.1845006607513687,21.61471558333333,300.456,6.80673076923077,3.633333333333333,0.6610746413809871,27.7207
"Knoxville, TN",2023,0.7122957231126207,0.2877042768873793,0.3294182380910083,0.3473708726729547,0.2961608120544572,Upper-Middle Income,15.5,33.6,0.192009224755205,426.1872320833333,300.456,6.80673076923077,3.633333333333333,0.6305508454556431,27.7207
"Lake Charles, LA",2023,0.7313780911132844,0.2686219088867156,0.18777521171606767,0.2684096820426234,0.189274710753441,Lower-Middle Income,7.3,25.3,0.1717497189958786,33.04787283333333,300.456,6.80673076923077,3.633333333333333,0.6832744038087459,27.7207
"Lancaster, PA",2023,0.6893546055397815,0.3106453944602185,0.3380659899622597,0.3539959815896932,0.2042380307209007,High Income,12.3,31.6,0.2017153936078225,157.07367066666666,300.456,6.80673076923077,3.633333333333333,0.6672115425499247,27.7207
"Laredo, TX",2023,0.6534288638689867,0.3465711361310133,0.20724414789484064,0.2748811708435927,0.2613323692468954,Low Income,8.9,22.9,0.108026067442448,20.28571633333333,300.456,6.80673076923077,3.633333333333333,0.7899211270997651,27.7207
"Las Cruces, NM",2023,0.6627246601587446,0.3372753398412553,0.2770318224429781,0.3740270879980076,0.2851302221954004,Low Income,15.3,31.8,0.1767283868389503,43.58489725,300.456,6.80673076923077,3.633333333333333,0.6339407900738984,27.7207
"Lawrence, KS",2023,0.4889341932448591,0.5110658067551408,0.2954632342374892,0.3878773242146177,0.2565996672861692,Lower-Middle Income,19.1,53.2,0.1386361185536652,28.184554916666666,300.456,6.80673076923077,3.633333333333333,0.5305510360104287,27.7207
"Lawton, OK",2023,0.5828915913106746,0.4171084086893254,0.13264105405041665,0.2136649080912405,0.2062670786421756,Low Income,10.6,25.7,0.1461870594457205,24.888937416666668,300.456,6.80673076923077,3.633333333333333,0.6436129300488515,27.7207
"Lebanon, PA",2023,0.7108529269806247,0.2891470730193753,0.2701949434383279,0.2886148025965027,0.1795509966960617,Upper-Middle Income,14.5,25.3,0.2102847794138036,36.36848566666666,300.456,6.80673076923077,3.633333333333333,0.7011480383368958,27.7207
"Lincoln, NE",2023,0.5813548667859388,0.4186451332140612,0.2731255834477862,0.3439997939126555,0.2057608340242856,High Income,18.0,42.0,0.1617484430475525,86.79083925,300.456,6.80673076923077,3.633333333333333,0.5436045507608778,27.7207
"Longview, TX",2023,0.6930725978450544,0.3069274021549455,0.2067860972489252,0.2672743261597893,0.2047623033404271,Lower-Middle Income,11.0,20.2,0.171401508698526,50.78311141666666,300.456,6.80673076923077,3.633333333333333,0.6792233332410049,27.7207
"Lubbock, TX",2023,0.5442822333465988,0.4557177666534012,0.2024174217447608,0.3138414051022257,0.2686530956835942,Lower-Middle Income,10.0,30.1,0.1396922923222938,84.8281125,300.456,6.80673076923077,3.633333333333333,0.6202794126887712,27.7207
"Madison, WI",2023,0.5866715978250996,0.4133284021749004,0.3862543878334064,0.3942552573702784,0.2341653922768742,High Income,24.4,49.2,0.1634144409479437,213.37491925,300.456,6.80673076923077,3.633333333333333,0.5325683549395933,27.7207
"Manhattan, KS",2023,0.5091762614944749,0.4908237385055251,0.2286940507439712,0.3305262474984248,0.2202272644525367,Lower-Middle Income,11.9,38.9,0.121447553658408,,300.456,6.80673076923077,3.633333333333333,0.5877250598871803,27.7207
"Mankato, MN",2023,0.632098027495517,0.367901972504483,0.2802549930690245,0.3439738050612391,0.2411314278431612,Lower-Middle Income,11.3,34.3,0.1661518686209807,27.19417191666667,300.456,6.80673076923077,3.633333333333333,0.5612173739788803,27.7207
"Mansfield, OH",2023,0.7023077224464209,0.2976922775535791,0.16502826024813172,0.2194962568911185,0.1781237283351147,Low Income,8.3,18.9,0.2107640887865413,19.5333095,300.456,6.80673076923077,3.633333333333333,0.6413039219527485,27.7207
"Medford, OR",2023,0.6669883437245866,0.3330116562754134,0.41693683711480156,0.4486597511601728,0.2922327386245992,Upper-Middle Income,8.0,29.8,0.2376340774025221,97.4211480833333,300.456,6.80673076923077,3.633333333333333,0.6389807535917593,27.7207
"Merced, CA",2023,0.5257174656172987,0.4742825343827013,0.39719844607162746,0.5410276596060595,0.3884924058713428,Low Income,11.1,14.5,0.1208995615237051,64.41666891666665,300.456,6.80673076923077,3.633333333333333,0.6754568271382009,27.7207
"Midland, MI",2023,0.7738877548166998,0.2261122451833002,0.2048999232791413,0.2342621241358229,0.2268393310962533,Upper-Middle Income,12.8,33.7,0.205583122121872,22.994102166666668,300.456,6.80673076923077,3.633333333333333,0.6549033863706272,27.7207
"Midland, TX",2023,0.6630964772914042,0.3369035227085958,0.2970571393695832,0.2652567774564465,0.1997729187150562,High Income,7.7,33.7,0.1097724083494123,69.57929675,300.456,6.80673076923077,3.633333333333333,0.6430586752862543,27.7207
"Missoula, MT",2023,0.6059496567505721,0.3940503432494279,0.5390465843222073,0.5707182014827028,0.2189456574988618,High Income,10.9,46.8,0.1799211095559231,69.37886241666668,300.456,6.80673076923077,3.633333333333333,0.522848090124978,27.7207
"Mobile, AL",2023,0.6678945859736648,0.3321054140263352,0.18248181503763408,0.2690827264015292,0.2737643847504819,Low Income,9.1,27.1,0.1776503741133029,100.33729575,300.456,6.80673076923077,3.633333333333333,0.6032824478693364,27.7207
"Modesto, CA",2023,0.6114249352505136,0.3885750647494864,0.4491147097956974,0.4111255481482191,0.2839896900180859,Lower-Middle Income,7.1,21.0,0.1411439348602723,158.82918883333335,300.456,6.80673076923077,3.633333333333333,0.7385292935607752,27.7207
"Monroe, MI",2023,0.8084720986398881,0.1915279013601118,0.23516282268583763,0.2667998065930053,0.2113598843595616,Upper-Middle Income,10.1,24.9,0.2092940759134444,37.7796315,300.456,6.80673076923077,3.633333333333333,0.6908128892843524,27.7207
"Montgomery, AL",2023,0.6531515143640451,0.3468484856359549,0.1876845392008267,0.2373274768032319,0.2330451691740959,Lower-Middle Income,5.1,30.8,0.1690149249084866,92.42211866666669,300.456,6.80673076923077,3.633333333333333,0.6320179826669958,27.7207
"Morgantown, WV",2023,0.633900834765103,0.366099165234897,0.22099588911936666,0.2859936526720458,0.2718673144501899,Lower-Middle Income,15.3,38.9,0.1550589844658962,33.66284525,300.456,6.80673076923077,3.633333333333333,0.516599850748859,27.7207
"Morristown, TN",2023,0.7425165297535564,0.2574834702464436,0.2627467909958527,0.3431031760130388,0.2983133230852673,Low Income,5.6,21.3,0.2027342931304109,49.139524166666654,300.456,6.80673076923077,3.633333333333333,0.6867962332197957,27.7207
"Muncie, IN",2023,0.65771736435157,0.3422826356484299,0.13994102864738278,0.2094979281470514,0.1841473147773169,Low Income,15.5,27.2,0.1796992548143268,22.182504083333328,300.456,6.80673076923077,3.633333333333333,0.5559387750501567,27.7207
"Napa, CA",2023,0.6267320734066879,0.3732679265933121,0.8894504235129295,0.649908114695022,0.3350095102539593,High Income,9.0,39.5,0.2195682200336296,101.46206008333331,300.456,6.80673076923077,3.633333333333333,0.6821779662673207,27.7207
"New Bern, NC",2023,0.7201182736743166,0.2798817263256834,0.23789259485729655,0.2922903237904726,0.2645104606948964,Lower-Middle Income,3.7,25.3,0.2303226989658004,46.09650175,300.456,6.80673076923077,3.633333333333333,0.6483120545155479,27.7207
"Ocala, FL",2023,0.7763772911086603,0.2236227088913397,0.27839941878552055,0.3827695216287112,0.3109309595719164,Low Income,5.9,22.5,0.2887142372773862,173.05706091666664,300.456,6.80673076923077,3.633333333333333,0.6559762850924029,27.7207
"Odessa, TX",2023,0.6465482468589868,0.3534517531410132,0.21995886764995204,0.2856650390248982,0.2669493348666005,Upper-Middle Income,3.7,17.2,0.1021860979731783,20.102790916666667,300.456,6.80673076923077,3.633333333333333,0.6787128195168591,27.7207
"Oklahoma City, OK",2023,0.6235743538562136,0.3764256461437864,0.22543846412505783,0.27923029680113,0.2234403682659843,Upper-Middle Income,11.3,34.8,0.1520542977117934,444.1887065833333,300.456,6.80673076923077,3.633333333333333,0.625503321058609,27.7207
"Peoria, IL",2023,0.7447794917207655,0.2552205082792345,0.1391108038923859,0.1989010641341193,0.1729663660416142,Upper-Middle Income,9.0,33.2,0.1963264077085215,83.77935108333332,300.456,6.80673076923077,3.633333333333333,0.6060608033755055,27.7207
"Pittsburgh, PA",2023,0.7126501621094848,0.2873498378905152,0.2026012771568439,0.2067013014839076,0.2241215938506072,High Income,14.3,38.8,0.221147674622584,609.84144325,300.456,6.80673076923077,3.633333333333333,0.5922290522685958,27.7207
"Pittsfield, MA",2023,0.6880813508595915,0.3119186491404084,0.35300171132553676,0.3699511558284599,0.2246982354613978,High Income,20.5,38.0,0.2611064675361542,62.29585108333334,300.456,6.80673076923077,3.633333333333333,0.5657829850187903,27.7207
"Pocatello, ID",2023,0.6948026920454209,0.3051973079545791,0.32260281161992066,0.3500868714947209,0.1637783363122846,Low Income,10.1,34.5,0.1589380530973451,16.285242916666665,300.456,6.80673076923077,3.633333333333333,0.6425331317264076,27.7207
"Port St. Lucie, FL",2023,0.7862487436250605,0.2137512563749395,0.3970295484639478,0.4932669295073332,0.3965226819941213,High Income,8.3,30.0,0.2737432040543787,389.3691305833333,300.456,6.80673076923077,3.633333333333333,0.6367959647098239,27.7207
"Pueblo, CO",2023,0.7127393353896293,0.2872606646103707,0.28298271050020446,0.3385038995259407,0.237038383892473,Low Income,6.8,24.2,0.1990355443803048,60.436296916666656,300.456,6.80673076923077,3.633333333333333,0.6691642902869115,27.7207
"Punta Gorda, FL",2023,0.837164008985581,0.1628359910144189,0.3548323865381764,0.4066159135474175,0.4059208835682998,Lower-Middle Income,7.2,27.7,0.40946180639778,179.8044005,300.456,6.80673076923077,3.633333333333333,0.6710082220279526,27.7207
"Rapid City, SD",2023,0.6988374238789444,0.3011625761210555,0.34075704476951685,0.3570717630578661,0.2087628097797521,High Income,10.4,34.3,0.1975096690195678,48.190723,300.456,6.80673076923077,3.633333333333333,0.6551639293842653,27.7207
"Reading, PA",2023,0.720765184590985,0.2792348154090149,0.2699193075596488,0.3111311325251608,0.2067648663867796,Upper-Middle Income,10.2,26.9,0.1838935726316422,108.118103,300.456,6.80673076923077,3.633333333333333,0.6824998316055038,27.7207
"Redding, CA",2023,0.680295907079646,0.3197040929203539,0.3607758335349388,0.3689658641648741,0.2269024940273634,Lower-Middle Income,5.6,22.9,0.2183615537296386,66.51405591666666,300.456,6.80673076923077,3.633333333333333,0.6170492256637168,27.7207
"Reno, NV",2023,0.6432735149604635,0.3567264850395364,0.5222020948542516,0.4636390822091785,0.2511508982331841,High Income,13.0,33.6,0.187569416520379,303.45088575,300.456,6.80673076923077,3.633333333333333,0.6018262508145044,27.7207
"Rochester, MN",2023,0.7467468336571125,0.2532531663428875,0.30661946342223634,0.2962096914551517,0.2215055007235395,High Income,17.2,42.8,0.1845231079506017,76.46335866666668,300.456,6.80673076923077,3.633333333333333,0.6439478625150584,27.7207
"Rochester, NY",2023,0.6738242773738314,0.3261757226261685,0.23128200787942552,0.2642159708851125,0.2251265579295614,Upper-Middle Income,15.1,38.5,0.2007295974572445,223.668333,300.456,6.80673076923077,3.633333333333333,0.5933839858161108,27.7207
"Rockford, IL",2023,0.6754278954567299,0.3245721045432701,0.17543174056383679,0.2514560185685087,0.2096474190123484,Lower-Middle Income,9.9,24.2,0.1867779626725407,59.43623275,300.456,6.80673076923077,3.633333333333333,0.654519241432849,27.7207
"Rocky Mount, NC",2023,0.5868126739670317,0.4131873260329683,0.1912700546753695,0.240088011954465,0.2135532022027072,Low Income,9.2,19.7,0.2005323868677906,24.1096605,300.456,6.80673076923077,3.633333333333333,0.6332149940830375,27.7207
"Rome, GA",2023,0.633408219902207,0.366591780097793,0.2101850791591635,0.2791980259475363,0.2148607001002379,Low Income,5.5,30.0,0.1724751031334591,27.33292958333333,300.456,6.80673076923077,3.633333333333333,0.6922690630368706,27.7207
"Saginaw, MI",2023,0.766362528836932,0.233637471163068,0.14402654287159417,0.21052209412892,0.2001505048056112,Low Income,7.3,22.2,0.2121928619356488,38.21895283333333,300.456,6.80673076923077,3.633333333333333,0.6202986080510122,27.7207
"St. Cloud, MN",2023,0.6794544892597744,0.3205455107402256,0.2850136778668182,0.3148856334827079,0.1940655439832397,Upper-Middle Income,14.1,29.5,0.1595936360001382,48.98715575,300.456,6.80673076923077,3.633333333333333,0.5925153247823624,27.7207
"St. George, UT",2023,0.7302219456544286,0.2697780543455714,0.5116140734296918,0.4765014768864105,0.2771214633334107,Lower-Middle Income,7.8,33.7,0.2251249678936241,148.7740055,300.456,6.80673076923077,3.633333333333333,0.7530111318536956,27.7207
"Salem, OR",2023,0.6181812577065351,0.3818187422934648,0.429197214723729,0.4506905893021896,0.2574975069402996,Lower-Middle Income,8.3,28.3,0.1756607551094272,142.76469908333334,300.456,6.80673076923077,3.633333333333333,0.6666029593094944,27.7207
"Salinas, CA",2023,0.5300522054929258,0.4699477945070742,0.8097280975515793,0.6974973835174404,0.3494899950127213,High Income,8.0,28.9,0.1546167722643091,253.0497315,300.456,6.80673076923077,3.633333333333333,0.7063932813800409,27.7207
"San Angelo, TX",2023,0.5913048899603067,0.4086951100396933,0.22163527373874178,0.3421980430806157,0.2604172931721203,Upper-Middle Income,8.5,25.3,0.176010994960643,11.9712585,300.456,6.80673076923077,3.633333333333333,0.5869822731145701,27.7207
"Santa Fe, NM",2023,0.6883990914444351,0.3116009085555649,0.5338214807254035,0.4975776308962904,0.2879432864902301,High Income,10.7,45.9,0.2909730949755059,114.01576458333331,300.456,6.80673076923077,3.633333333333333,0.5821625865791761,27.7207
"Savannah, GA",2023,0.6237953009178084,0.3762046990821916,0.3277950576616833,0.3420851928974597,0.272611690671468,Lower-Middle Income,10.8,37.2,0.1590690340875663,208.14880175,300.456,6.80673076923077,3.633333333333333,0.6375866113643784,27.7207
"Sheboygan, WI",2023,0.7112051672951938,0.2887948327048062,0.2622440747995986,0.2881170339848584,0.16522140922113,Upper-Middle Income,32.9,26.8,0.2033596032339153,26.57964908333333,300.456,6.80673076923077,3.633333333333333,0.631368851801332,27.7207
"Spartanburg, SC",2023,0.7243441147594633,0.2756558852405367,0.254912722183825,0.3192916986625388,0.2681790590992187,Lower-Middle Income,9.4,24.9,0.1682010398432669,105.51592925,300.456,6.80673076923077,3.633333333333333,0.6758754227119014,27.7207
"Springfield, IL",2023,0.7094628706894659,0.290537129310534,0.1685409622396728,0.2203740591543892,0.1719340673726301,Upper-Middle Income,14.9,37.0,0.2036263291583581,46.1448715,300.456,6.80673076923077,3.633333333333333,0.5495423315846083,27.7207
"Springfield, MA",2023,0.6230657614051045,0.3769342385948954,0.3277985288606491,0.4028861741354347,0.2952848579845548,Upper-Middle Income,15.4,28.8,0.1886046001333938,172.89649716666665,300.456,6.80673076923077,3.633333333333333,0.6076080953773186,27.7207
"Springfield, MO",2023,0.6382299633524537,0.3617700366475462,0.2458780920836477,0.3105427624161267,0.2230011654241244,Lower-Middle Income,12.4,29.3,0.1756619663221195,163.47214725,300.456,6.80673076923077,3.633333333333333,0.6235858827278521,27.7207
"Springfield, OH",2023,0.684429340949351,0.3155706590506489,0.17005276656216906,0.2522141269659633,0.2330379926689222,Low Income,2.7,18.7,0.2065968353019835,23.384184166666667,300.456,6.80673076923077,3.633333333333333,0.6387693865008496,27.7207
"State College, PA",2023,0.5899155609167672,0.4100844390832328,0.3146872498046573,0.3735327023399565,0.3204599270298447,Lower-Middle Income,7.4,47.6,0.165265059095662,41.049566,300.456,6.80673076923077,3.633333333333333,0.5568636911942099,27.7207
"Sumter, SC",2023,0.6683891260390923,0.3316108739609076,0.1788293019552773,0.247126189758324,0.2776446259072715,Low Income,6.8,19.9,0.1807900926414822,29.93497866666667,300.456,6.80673076923077,3.633333333333333,0.6803714521081405,27.7207
"Tallahassee, FL",2023,0.5622138942125758,0.4377861057874241,0.2728560439717881,0.3535999482490355,0.2713881082169948,Lower-Middle Income,13.4,40.5,0.1658380230495101,110.36178325,300.456,6.80673076923077,3.633333333333333,0.5467840183595991,27.7207
"Terre Haute, IN",2023,0.6756792754395312,0.3243207245604688,0.14324090663755176,0.2343771786325293,0.1994143635144629,Low Income,10.6,23.0,0.1836659121179724,23.308642666666668,300.456,6.80673076923077,3.633333333333333,0.5433759545373823,27.7207
"Toledo, OH",2023,0.6293523923407335,0.3706476076592664,0.17491090808524626,0.2436172328327676,0.2048068765944085,Lower-Middle Income,14.2,30.3,0.1805192446441753,102.33461283333331,300.456,6.80673076923077,3.633333333333333,0.5922557704108123,27.7207
"Topeka, KS",2023,0.7059654040034303,0.2940345959965696,0.1901794789544276,0.2566082084663518,0.1922972357433718,Lower-Middle Income,13.1,29.7,0.2023915083375659,18.79276225,300.456,6.80673076923077,3.633333333333333,0.6179171285741178,27.7207
"Tucson, AZ",2023,0.6561751494485611,0.3438248505514388,0.3426873384661162,0.3707862545765035,0.2604995047128064,Lower-Middle Income,12.6,36.8,0.2204038519059183,462.18417958333333,300.456,6.80673076923077,3.633333333333333,0.5831153992066823,27.7207
"Tulsa, OK",2023,0.6454196246231645,0.3545803753768355,0.22341287251996142,0.288961527806476,0.2481796540512516,High Income,8.5,30.9,0.1659467177126594,309.07257741666666,300.456,6.80673076923077,3.633333333333333,0.6453369639210347,27.7207
"Tuscaloosa, AL",2023,0.6433316678695017,0.3566683321304983,0.21156599747281502,0.2699490211463293,0.3047554303183076,Low Income,10.1,29.8,0.1551417099582262,68.04775908333333,300.456,6.80673076923077,3.633333333333333,0.5814504339458539,27.7207
"Twin Falls, ID",2023,0.6954715413377649,0.3045284586622351,0.3447950972340454,0.3952837526633712,0.2661051493956582,Low Income,0.4,19.0,0.1614692653673163,34.73137875,300.456,6.80673076923077,3.633333333333333,0.6956561879702718,27.7207
"Tyler, TX",2023,0.6976837791357167,0.3023162208642833,0.26304937797367484,0.2995983819896178,0.2325134242431263,High Income,12.0,29.7,0.1769796377783849,47.17247991666666,300.456,6.80673076923077,3.633333333333333,0.7041970068425482,27.7207
"Urban Honolulu, HI",2023,0.5911738986575912,0.4088261013424087,0.8479754627264213,0.5912129212568008,0.2900888022780382,High Income,11.6,39.6,0.2019743119117694,561.0491206666667,300.456,6.80673076923077,3.633333333333333,0.689718637738703,27.7207
"Valdosta, GA",2023,0.6010149590367839,0.398985040963216,0.1898787354041747,0.2875340225739203,0.268883490966496,Low Income,8.7,27.2,0.1469560237752019,34.9125705,300.456,6.80673076923077,3.633333333333333,0.6184948091147302,27.7207
"Vallejo, CA",2023,0.6435226854962413,0.3564773145037587,0.5771503181494521,0.439504935682527,0.27442116812978,Upper-Middle Income,7.6,29.1,0.179351673352359,196.47062641666662,300.456,6.80673076923077,3.633333333333333,0.6949849777518603,27.7207
"Victoria, TX",2023,0.6951290459064946,0.3048709540935054,0.21059989372675184,0.2617848989311768,0.2029938759360334,Upper-Middle Income,7.5,19.5,0.1778820187633774,18.230844083333327,300.456,6.80673076923077,3.633333333333333,0.7260154431986461,27.7207
"Visalia, CA",2023,0.5915485210599414,0.4084514789400585,0.33436270197482415,0.3458790109714371,0.2732680368924958,Low Income,4.8,16.9,0.1210237179540657,98.41143941666668,300.456,6.80673076923077,3.633333333333333,0.798448866214711,27.7207
"Waco, TX",2023,0.6674840037585574,0.3325159962414425,0.248617687171286,0.3261247781629265,0.2636354114529204,Lower-Middle Income,12.1,27.3,0.1674362249074892,74.61308333333332,300.456,6.80673076923077,3.633333333333333,0.6536936775694662,27.7207
"Walla Walla, WA",2023,0.651693389709884,0.3483066102901159,0.39105972805313305,0.3995404996509851,0.2404869294358179,Lower-Middle Income,10.2,30.3,0.2130327442827443,26.11821666666667,300.456,6.80673076923077,3.633333333333333,0.6166534098044961,27.7207
"Warner Robins, GA",2023,0.665641504781926,0.334358495218074,0.22878500466359286,0.286305527168015,0.2678909438340133,Low Income,6.2,31.3,0.1488850925644614,47.796783916666655,300.456,6.80673076923077,3.633333333333333,0.7069464450240719,27.7207
"Wichita, KS",2023,0.6496885600935278,0.3503114399064722,0.19616498266072865,0.2594354944288979,0.1911565276803644,Upper-Middle Income,12.0,32.2,0.168773805822596,157.23439091666665,300.456,6.80673076923077,3.633333333333333,0.6362880196255055,27.7207
"Wichita Falls, TX",2023,0.666140350877193,0.333859649122807,0.15995779679499308,0.227349073752466,0.2087590884941766,Lower-Middle Income,7.0,25.5,0.1640979812867213,27.70295025,300.456,6.80673076923077,3.633333333333333,0.6466666666666666,27.7207
"Williamsport, PA",2023,0.6894917714358898,0.3105082285641102,0.20777176199442488,0.2831884202083219,0.1967646156173004,Lower-Middle Income,13.7,26.4,0.2096714098151236,23.83239858333333,300.456,6.80673076923077,3.633333333333333,0.633119170099682,27.7207
"Wilmington, NC",2023,0.7187309364499918,0.2812690635500082,0.41706221516626213,0.3998433112166716,0.2593738062617274,Upper-Middle Income,18.7,40.7,0.2438647057690703,205.6690925,300.456,6.80673076923077,3.633333333333333,0.6132725881885875,27.7207
"Yakima, WA",2023,0.6182588856331224,0.3817411143668777,0.3258212121726945,0.3665323145775645,0.2129586496132251,Low Income,6.0,18.3,0.1487318960579482,56.84925175,300.456,6.80673076923077,3.633333333333333,0.7058178808687677,27.7207
"Yuba City, CA",2023,0.6429096487583496,0.3570903512416504,0.41375211116634364,0.4090050938873389,0.2885841212052479,Low Income,7.3,17.9,0.1539064626776283,55.71084483333333,300.456,6.80673076923077,3.633333333333333,0.7173127936335454,27.7207
"Yuma, AZ",2023,0.7061483576141556,0.2938516423858443,0.2692143451340513,0.3203247378533904,0.2680745359870434,Low Income,5.5,17.4,0.2122258126544758,44.305629083333336,300.456,6.80673076923077,3.633333333333333,0.7069955017837753,27.7207
"Abilene, TX",2019,0.606331983805668,0.393668016194332,0.13785754776006887,0.1987235225038191,0.2118104251402493,Lower-Middle Income,9.5,24.1,0.1533863034430571,32.98801475,255.65258333333333,3.935769230769231,3.675,0.6544291497975708,21.54
"Akron, OH",2019,0.6611236946300854,0.3388763053699146,0.14656345391134643,0.1840357323319487,0.1726758419116943,Upper-Middle Income,11.7,31.8,0.1816983875851304,135.09709866666665,255.65258333333333,3.935769230769231,3.675,0.6083942768521987,21.54
"Albany, GA",2019,0.5361365651788353,0.4638634348211646,0.09880946464868323,0.1649265781566971,0.1766897295975413,Low Income,6.8,19.7,0.1702898550724637,20.406736,255.65258333333333,3.935769230769231,3.675,0.6066545965119716,21.54
"Albuquerque, NM",2019,0.6773498062699127,0.3226501937300873,0.2082142568819544,0.2327151007155319,0.2264614488622504,Lower-Middle Income,10.3,33.2,0.1733553494882337,271.4797835,255.65258333333333,3.935769230769231,3.675,0.6188864964626268,21.54
"Amarillo, TX",2019,0.6454779628014522,0.3545220371985477,0.14348508194005094,0.2052093730526388,0.2149044358871128,Upper-Middle Income,10.4,25.2,0.1475095287756033,62.731711833333335,255.65258333333333,3.935769230769231,3.675,0.6505892136381153,21.54
"Ames, IA",2019,0.6128788331044913,0.3871211668955087,0.1846976247350683,0.2152529615441969,0.1811317845364818,Lower-Middle Income,6.4,44.6,0.1406717416153902,26.266439416666667,255.65258333333333,3.935769230769231,3.675,0.5389926969534157,21.54
"Anchorage, AK",2019,0.6464686009250801,0.3535313990749198,0.32579488188626327,0.255557674715005,0.1893408305305031,High Income,4.9,33.1,0.1171107976695423,,255.65258333333333,3.935769230769231,3.675,0.6420534458509142,21.54
"Ann Arbor, MI",2019,0.6248729531338227,0.3751270468661773,0.3000822207806354,0.2648024617090239,0.3082725223968506,High Income,21.2,55.9,0.1448635885103685,132.9340131666667,255.65258333333333,3.935769230769231,3.675,0.5741883116883116,21.54
"Asheville, NC",2019,0.6759075941711338,0.3240924058288662,0.27350784010976964,0.2738689781468545,0.2586675378568923,Upper-Middle Income,8.0,35.5,0.231585545085156,210.89680641666664,255.65258333333333,3.935769230769231,3.675,0.62221441088441,21.54
"Bakersfield, CA",2019,0.5877576148456509,0.412242385154349,0.23023606881210687,0.2715503159399524,0.264818742506568,Low Income,4.3,17.1,0.1129302089975361,217.02282666666662,255.65258333333333,3.935769230769231,3.675,0.7298928498138431,21.54
"Bangor, ME",2019,0.6973290064902646,0.3026709935097354,0.15462326812038935,0.2220900099921388,0.2336112609748317,Lower-Middle Income,7.6,29.4,0.1934037910455609,22.77848625,255.65258333333333,3.935769230769231,3.675,0.5685846230654019,21.54
"Barnstable Town, MA",2019,0.7999046721031199,0.2000953278968801,0.4331580072201725,0.3402651433408725,0.2753958012272722,High Income,18.0,47.1,0.3153246631297244,290.41959833333334,255.65258333333333,3.935769230769231,3.675,0.6406034670341626,21.54
"Baton Rouge, LA",2019,0.6969791219908263,0.3030208780091736,0.19091460010051145,0.2205596492664331,0.224605456365953,Upper-Middle Income,11.0,27.5,0.1460408663631557,197.12233441666663,255.65258333333333,3.935769230769231,3.675,0.6386503449111285,21.54
"Bellingham, WA",2019,0.643680879338694,0.3563191206613059,0.4045433843756014,0.3609239277139665,0.2471858226904498,Upper-Middle Income,9.6,35.7,0.1827548452106243,126.6428635,255.65258333333333,3.935769230769231,3.675,0.6084082257810213,21.54
"Bend, OR",2019,0.707322809951913,0.2926771900480869,0.42473809001716206,0.366026579057102,0.272736371770537,High Income,4.4,38.7,0.2057240556016429,187.0919340833333,255.65258333333333,3.935769230769231,3.675,0.6567008153878319,21.54
"Billings, MT",2019,0.6773313873098786,0.3226686126901213,0.2604576255790804,0.2693559672046408,0.1896828616461613,High Income,7.0,31.8,0.1848326883803883,28.46608533333333,255.65258333333333,3.935769230769231,3.675,0.6076330209453578,21.54
"Bismarck, ND",2019,0.7047102832277273,0.2952897167722726,0.2609471135702101,0.2398449662031303,0.1777453634925125,High Income,13.5,33.4,0.1686093792355651,39.713208333333334,255.65258333333333,3.935769230769231,3.675,0.6352393312466601,21.54
"Bloomington, IL",2019,0.637734574157683,0.362265425842317,0.16402739542788938,0.1894023950184305,0.1576102600822164,Upper-Middle Income,10.0,45.8,0.1366861593894482,43.572185,255.65258333333333,3.935769230769231,3.675,0.6134555729598575,21.54
"Bloomington, IN",2019,0.6164007134937087,0.3835992865062912,0.1981814725012385,0.2301935793578797,0.2653377051453149,Lower-Middle Income,11.8,41.0,0.1445724753294333,48.470112,255.65258333333333,3.935769230769231,3.675,0.5387038197624902,21.54
"Boise City, ID",2019,0.7181887761579506,0.2818112238420493,0.30555966507445875,0.2745170812112931,0.2256540654301179,Upper-Middle Income,9.9,33.3,0.1494919612259147,374.0706986666667,255.65258333333333,3.935769230769231,3.675,0.6918394811394329,21.54
"Bowling Green, KY",2019,0.6209173979914955,0.3790826020085044,0.1663515549853243,0.2016618126357331,0.2163689998287198,Low Income,9.6,30.0,0.1351178626368654,38.13435283333334,255.65258333333333,3.935769230769231,3.675,0.6551313368919449,21.54
"Burlington, NC",2019,0.6851638783506437,0.3148361216493563,0.16828015038408253,0.1878544402284825,0.1868991927583446,Low Income,4.7,25.4,0.1714363249149012,33.86709783333333,255.65258333333333,3.935769230769231,3.675,0.6498072019404192,21.54
"Casper, WY",2019,0.7243675099866844,0.2756324900133156,0.21337609470894467,0.2017734112852785,0.1699758336346412,High Income,6.8,20.7,0.1586941821733577,28.81822741666667,255.65258333333333,3.935769230769231,3.675,0.6776721946495582,21.54
"Cedar Rapids, IA",2019,0.7288583556548281,0.2711416443451719,0.16139011013061577,0.1808096539262696,0.1518667865505382,Upper-Middle Income,11.1,30.7,0.1674126109760028,72.11276325,255.65258333333333,3.935769230769231,3.675,0.6154058359214402,21.54
"Charleston, WV",2019,0.7086668128494683,0.2913331871505317,0.10127166145011142,0.1481985706568529,0.1872051780665065,Lower-Middle Income,7.4,22.6,0.2053030479337817,25.06189025,255.65258333333333,3.935769230769231,3.675,0.6387548879874283,21.54
"Cheyenne, WY",2019,0.6815927549773593,0.3184072450226407,0.30124375967662503,0.2741941783884911,0.1795959899845444,Upper-Middle Income,8.3,30.1,0.1690552763819095,44.03662891666666,255.65258333333333,3.935769230769231,3.675,0.6520999544790245,21.54
"Chico, CA",2019,0.5912737762552961,0.4087262237447038,0.3359194866395892,0.3654054539154676,0.2774395052237132,Lower-Middle Income,10.5,30.5,0.1850437527944303,106.91910333333331,255.65258333333333,3.935769230769231,3.675,0.6212154383072981,21.54
"Coeur d'Alene, ID",2019,0.6921097376039704,0.3078902623960295,0.33370623938374555,0.3038864199280206,0.2278666576273597,Upper-Middle Income,2.5,24.5,0.1936184722716766,109.27373733333332,255.65258333333333,3.935769230769231,3.675,0.6584103058989323,21.54
"Colorado Springs, CO",2019,0.6491960925091922,0.3508039074908078,0.32837729561241186,0.261637763340115,0.2287981702108917,Upper-Middle Income,9.3,39.2,0.1359067084478091,453.2914469166667,255.65258333333333,3.935769230769231,3.675,0.6857109704182349,21.54
"Columbia, MO",2019,0.6016324085514246,0.3983675914485753,0.1936496576954657,0.2167468157201894,0.1586639137418458,Upper-Middle Income,10.1,44.0,0.1285603314344899,48.323196583333335,255.65258333333333,3.935769230769231,3.675,0.5906498433736443,21.54
"Columbia, SC",2019,0.6786174755816075,0.3213825244183925,0.16329280925863923,0.1871233267156571,0.2330774594983683,Lower-Middle Income,8.5,34.4,0.1544707695351467,226.5111096666666,255.65258333333333,3.935769230769231,3.675,0.6364442543663796,21.54
"Columbus, IN",2019,0.7238916499358193,0.2761083500641806,0.17517199139514789,0.1597714470254433,0.1789519674773275,Upper-Middle Income,18.9,36.5,0.1662230391864309,19.22656041666667,255.65258333333333,3.935769230769231,3.675,0.62966132376658,21.54
"Columbus, OH",2019,0.6094340130659441,0.3905659869340559,0.20567189360469385,0.2151328973072723,0.1926305353943746,Upper-Middle Income,13.1,37.9,0.1358700184849154,504.149408,255.65258333333333,3.935769230769231,3.675,0.6344117999818869,21.54
"Corpus Christi, TX",2019,0.6119386408477389,0.3880613591522611,0.1773821843753402,0.2482388971114471,0.2600153794291042,Lower-Middle Income,4.9,22.3,0.1507561348549265,90.59489166666668,255.65258333333333,3.935769230769231,3.675,0.6841819868553435,21.54
"Corvallis, OR",2019,0.573198137942105,0.426801862057895,0.38110968665371464,0.3648201267202713,0.2347264704998114,Upper-Middle Income,15.0,57.9,0.1612521896123714,32.78408091666667,255.65258333333333,3.935769230769231,3.675,0.5683557172668414,21.54
"Dover, DE",2019,0.6662158387604192,0.3337841612395807,0.2259392972829915,0.223176656749428,0.2517929811664003,Low Income,10.5,24.5,0.1769661367583773,44.28789141666665,255.65258333333333,3.935769230769231,3.675,0.6597768401864076,21.54
"East Stroudsburg, PA",2019,0.7488538223691225,0.2511461776308775,0.17412537273993398,0.2141546867046011,0.2024006484212538,Lower-Middle Income,10.9,26.0,0.1758490876308942,49.617327833333334,255.65258333333333,3.935769230769231,3.675,0.7225894729359917,21.54
"El Paso, TX",2019,0.6050004257099175,0.3949995742900824,0.1401737983593331,0.2388823073993155,0.257530123819161,Low Income,7.8,23.3,0.125609647693265,102.69175241666669,255.65258333333333,3.935769230769231,3.675,0.7083701973443105,21.54
"Erie, PA",2019,0.6642724829289554,0.3357275170710446,0.13047420653174852,0.1914439277199718,0.1474269848251742,Lower-Middle Income,11.8,29.5,0.1846119053268478,35.29200216666666,255.65258333333333,3.935769230769231,3.675,0.5971142670347233,21.54
"Fayetteville, NC",2019,0.5523729477765861,0.4476270522234139,0.14710335414262757,0.217309387933043,0.2343738945072521,Low Income,6.0,23.8,0.120684843341516,111.76818283333331,255.65258333333333,3.935769230769231,3.675,0.6228188680801914,21.54
"Flagstaff, AZ",2019,0.6150062253791357,0.3849937746208642,0.3727131413625781,0.365331516497597,0.3202789495108714,Upper-Middle Income,6.3,39.6,0.1295408291282165,72.80249983333333,255.65258333333333,3.935769230769231,3.675,0.5979017410650501,21.54
"Florence, SC",2019,0.6647954989209742,0.3352045010790258,0.12482942217675347,0.1729811608002826,0.277366339096954,Lower-Middle Income,13.0,23.1,0.1807662838988634,26.869927,255.65258333333333,3.935769230769231,3.675,0.6821883670742986,21.54
"Fort Collins, CO",2019,0.6573875802997858,0.3426124197002141,0.41020867587431803,0.3113307833208424,0.2279602440648918,High Income,18.0,49.0,0.1620318353371682,223.6261835833333,255.65258333333333,3.935769230769231,3.675,0.6080824888500934,21.54
"Fort Wayne, IN",2019,0.7078872256359762,0.2921127743640239,0.15103326249270344,0.1666524147992706,0.1642545017803498,Upper-Middle Income,12.3,28.1,0.152237195200151,107.174793,255.65258333333333,3.935769230769231,3.675,0.6460345751642134,21.54
"Fresno, CA",2019,0.53623399393621,0.46376600606379,0.27160726567033244,0.2908147599999049,0.2889897311207227,Lower-Middle Income,7.1,22.0,0.1258491383753995,242.65091466666664,255.65258333333333,3.935769230769231,3.675,0.715793071581839,21.54
"Gainesville, FL",2019,0.5840250599671759,0.4159749400328241,0.19825912582914088,0.2579041756538873,0.2628545176995328,Lower-Middle Income,17.0,38.9,0.1616537348143323,78.52551233333332,255.65258333333333,3.935769230769231,3.675,0.529391806590077,21.54
"Gainesville, GA",2019,0.7359847619047619,0.2640152380952381,0.2313574739225125,0.226709408829723,0.2255144270469005,Upper-Middle Income,8.9,25.4,0.151936255447782,75.67062266666667,255.65258333333333,3.935769230769231,3.675,0.7432533333333333,21.54
"Grand Junction, CO",2019,0.7122902394569794,0.2877097605430205,0.2681198488013042,0.2659826110718012,0.2157315174788068,Lower-Middle Income,6.4,29.8,0.2018157058556514,90.77421208333331,255.65258333333333,3.935769230769231,3.675,0.6618377223304632,21.54
"Great Falls, MT",2019,0.659556313993174,0.3404436860068259,0.19641359740322378,0.2454437597867336,0.1843663078583354,Upper-Middle Income,6.1,25.6,0.1889978615146375,22.961228416666668,255.65258333333333,3.935769230769231,3.675,0.6196977084349098,21.54
"Greenville, NC",2019,0.502777542791078,0.497222457208922,0.14851457546123942,0.2054924184125682,0.2436215137450134,Lower-Middle Income,13.7,32.1,0.1367806043974283,38.02147,255.65258333333333,3.935769230769231,3.675,0.5840876406395398,21.54
"Hinesville, GA",2019,0.55776865845928,0.4422313415407199,0.1428341061576204,0.2002071429331079,0.2412470574325206,Low Income,4.0,17.6,0.1084898701809598,14.950560583333335,255.65258333333333,3.935769230769231,3.675,0.70660260901478,21.54
"Homosassa Springs, FL",2019,0.8297076713008937,0.1702923286991062,0.16631868827532992,0.2258088793531517,0.2768655173965754,Low Income,2.0,22.6,0.3701129917077049,60.695510916666656,255.65258333333333,3.935769230769231,3.675,0.6528519116186693,21.54
"Huntsville, AL",2019,0.6869950717942713,0.3130049282057286,0.1979027568941725,0.1817143142117508,0.1830354571358081,Upper-Middle Income,10.9,40.2,0.157198446878497,162.9864445,255.65258333333333,3.935769230769231,3.675,0.6732056754196426,21.54
"Idaho Falls, ID",2019,0.7213794182045667,0.2786205817954332,0.24258241797016444,0.2255127761535335,0.1571485163976545,Lower-Middle Income,8.2,30.6,0.1287124792101164,46.72351775,255.65258333333333,3.935769230769231,3.675,0.6967860494213325,21.54
"Iowa City, IA",2019,0.5906026877966053,0.4093973122033946,0.21708948467886252,0.2402429180212455,0.2107921301407308,Upper-Middle Income,18.1,48.8,0.1316946362034603,54.12929183333333,255.65258333333333,3.935769230769231,3.675,0.5770924482321252,21.54
"Jackson, MI",2019,0.7424392944970115,0.2575607055029884,0.14740332019424915,0.185308585614161,0.1576752715064908,Low Income,2.5,22.9,0.1837549681408113,34.43820508333334,255.65258333333333,3.935769230769231,3.675,0.6004918326466133,21.54
"Jackson, MS",2019,0.6643957359506153,0.3356042640493847,0.14368692106785524,0.1685974351055335,0.230373711829737,Lower-Middle Income,10.6,31.0,0.1478883658372562,96.86535866666668,255.65258333333333,3.935769230769231,3.675,0.6490292570812372,21.54
"Jacksonville, FL",2019,0.6601343986200784,0.3398656013799216,0.22995480093478177,0.2347751163907037,0.2255706703190361,Upper-Middle Income,8.5,32.5,0.1626243816984009,686.2733654166666,255.65258333333333,3.935769230769231,3.675,0.6564398910984444,21.54
"Jacksonville, NC",2019,0.5439594994025533,0.4560405005974467,0.17292545167201429,0.2160375306549808,0.2135650631925202,Lower-Middle Income,2.8,24.7,0.0946559023532621,74.01233441666668,255.65258333333333,3.935769230769231,3.675,0.72640085529212,21.54
"Johnson City, TN",2019,0.6869839700744768,0.3130160299255232,0.1615286611720949,0.2094225974479807,0.2308556036222223,Low Income,16.6,26.5,0.1960608158195751,52.12903283333333,255.65258333333333,3.935769230769231,3.675,0.610350366767392,21.54
"Johnstown, PA",2019,0.7488759072402195,0.2511240927597805,0.10264026437903034,0.1562899079910629,0.1604248527424225,Low Income,6.2,20.6,0.2336165048543689,12.33176325,255.65258333333333,3.935769230769231,3.675,0.6228890069038768,21.54
"Jonesboro, AR",2019,0.5921853065044455,0.4078146934955545,0.13869173986051284,0.1932114094609407,0.2500895649702612,Low Income,6.8,23.5,0.1436202002091737,26.7658905,255.65258333333333,3.935769230769231,3.675,0.6601349243487755,21.54
"Knoxville, TN",2019,0.6887680461706047,0.3112319538293952,0.19188013791642677,0.1995430077539292,0.2326527014315413,Upper-Middle Income,13.2,29.9,0.1859118484229895,312.99138425,255.65258333333333,3.935769230769231,3.675,0.639947460243097,21.54
"Kokomo, IN",2019,0.7297004480103072,0.2702995519896928,0.11149621237723363,0.1325906835912038,0.1361089243080553,Low Income,5.3,18.2,0.1901652452025586,13.25343975,255.65258333333333,3.935769230769231,3.675,0.6118708090539077,21.54
"Lafayette, LA",2019,0.686223977690125,0.313776022309875,0.17916444770149745,0.2304531529264276,0.2254306674858645,Lower-Middle Income,7.9,25.1,0.1468621667310566,79.34000883333333,255.65258333333333,3.935769230769231,3.675,0.6728499888776158,21.54
"Lake Charles, LA",2019,0.6670146531664675,0.3329853468335325,0.20710724932041774,0.2528076656554981,0.206102380234055,Lower-Middle Income,4.6,22.9,0.1524768579424498,38.33329866666666,255.65258333333333,3.935769230769231,3.675,0.6936293314885856,21.54
"Lancaster, PA",2019,0.696244766757368,0.3037552332426319,0.23637276254717376,0.2402796644665214,0.1714835965710894,High Income,10.7,28.3,0.1838768315118998,141.506663,255.65258333333333,3.935769230769231,3.675,0.6959467711442543,21.54
"Laredo, TX",2019,0.5990881220029872,0.4009118779970128,0.168619147229263,2.29554471205445,0.2363673873675536,Low Income,5.1,20.3,0.098416060610442,15.344615583333335,255.65258333333333,3.935769230769231,3.675,0.8266383670046904,21.54
"Las Cruces, NM",2019,0.6457379826535514,0.3542620173464485,0.17808212340816612,0.2570898697059096,0.2648897228947235,Low Income,8.9,27.2,0.1612044272325213,34.94589425,255.65258333333333,3.935769230769231,3.675,0.6431714162894784,21.54
"Lawrence, KS",2019,0.4927640801517275,0.5072359198482724,0.2085538358364466,0.2417904033772777,0.2139735826402887,Lower-Middle Income,16.1,47.1,0.1318185164282384,27.661089833333328,255.65258333333333,3.935769230769231,3.675,0.5516409664385256,21.54
"Lawton, OK",2019,0.5327350601672446,0.4672649398327554,0.09682500586471564,0.1475824532194961,0.1677534849783258,Low Income,4.6,20.5,0.1238783589727315,16.65009925,255.65258333333333,3.935769230769231,3.675,0.6387472522491898,21.54
"Lincoln, NE",2019,0.6088528087224461,0.3911471912775539,0.1995001681092941,0.2387219548950344,0.1810377969785855,High Income,16.5,39.7,0.143046463878101,73.95210158333333,255.65258333333333,3.935769230769231,3.675,0.5972534960891206,21.54
"Longview, TX",2019,0.6801891923390699,0.31981080766093,0.16302213390892117,0.2091890391087452,0.1864699511944184,Lower-Middle Income,6.0,19.7,0.1716720680115957,41.676818833333336,255.65258333333333,3.935769230769231,3.675,0.6838021055903034,21.54
"Lubbock, TX",2019,0.5714227088428897,0.4285772911571102,0.1494057187815156,0.2153029108000558,0.2394111021440374,Lower-Middle Income,12.1,31.4,0.1267586386816654,82.37558183333333,255.65258333333333,3.935769230769231,3.675,0.6035883714440486,21.54
"Madison, WI",2019,0.605991097220928,0.394008902779072,0.28083785430602565,0.2678766567950008,0.2039783067369478,High Income,23.4,48.6,0.1503147255457874,217.21372016666663,255.65258333333333,3.935769230769231,3.675,0.5689248568172206,21.54
"Manhattan, KS",2019,0.4890383871383742,0.5109616128616258,0.183086885007612,0.2569524990186643,0.224751590813542,Lower-Middle Income,7.3,37.4,0.103557585293779,,255.65258333333333,3.935769230769231,3.675,0.5916476808666122,21.54
"Medford, OR",2019,0.6298063781321185,0.3701936218678816,0.3216485065295311,0.3470463852679777,0.2925249231799597,Upper-Middle Income,4.0,27.6,0.232882540372221,109.66370883333332,255.65258333333333,3.935769230769231,3.675,0.6065603644646925,21.54
"Merced, CA",2019,0.5216318432636865,0.4783681567363135,0.2837126166179132,0.2960630851071512,0.2795848570050424,Low Income,3.7,14.4,0.1141961970613656,54.695496,255.65258333333333,3.935769230769231,3.675,0.7894103788207576,21.54
"Midland, TX",2019,0.6956294249415458,0.3043705750584542,0.2845183100995985,0.2356871553348543,0.2259316325666495,High Income,10.0,29.3,0.1025265069864647,74.63404566666667,255.65258333333333,3.935769230769231,3.675,0.6641050376886476,21.54
"Missoula, MT",2019,0.6228147798556624,0.3771852201443376,0.322480456273078,0.3437748392887966,0.1808480168345853,High Income,13.6,44.4,0.1631939799331103,48.857370333333336,255.65258333333333,3.935769230769231,3.675,0.5926887302617349,21.54
"Mobile, AL",2019,0.6411482660017244,0.3588517339982756,0.1318614624895445,0.1813082236183315,0.2188544730471417,Low Income,6.2,22.8,0.164812084880116,80.685079,255.65258333333333,3.935769230769231,3.675,0.6307399343741665,21.54
"Modesto, CA",2019,0.5738302670894916,0.4261697329105084,0.3264197120405105,0.3081364805439543,0.27533548268179,Lower-Middle Income,4.0,17.3,0.1336487124541459,176.00424291666667,255.65258333333333,3.935769230769231,3.675,0.7403690940938076,21.54
"Montgomery, AL",2019,0.638946643717728,0.3610533562822719,0.14072642728760276,0.1672508805534268,0.2154649848597874,Lower-Middle Income,8.5,31.2,0.1602268185585648,79.48737166666668,255.65258333333333,3.935769230769231,3.675,0.6275731497418244,21.54
"Morgantown, WV",2019,0.6500781117657023,0.3499218882342976,0.17839043725713785,0.196723947787236,0.247398603406842,Lower-Middle Income,15.7,37.9,0.1527142487270216,31.035621666666668,255.65258333333333,3.935769230769231,3.675,0.585254757288863,21.54
"Muncie, IN",2019,0.6155346187554777,0.3844653812445223,0.09227531717186384,0.140573697982789,0.16375724028638,Low Income,6.2,22.6,0.1779033600560739,15.677894916666666,255.65258333333333,3.935769230769231,3.675,0.5692594215600351,21.54
"Napa, CA",2019,0.6614422017585798,0.3385577982414202,0.6967223519165254,0.4589672377412787,0.3173189788782591,High Income,7.2,36.2,0.1962045533743756,108.58501941666668,255.65258333333333,3.935769230769231,3.675,0.6569314237013324,21.54
"Niles, MI",2019,0.739390703619214,0.2606092963807859,0.16677026232504483,0.2125353575453396,0.2243592676673488,Upper-Middle Income,5.4,27.0,0.2018500531287279,52.070214,255.65258333333333,3.935769230769231,3.675,0.6390007927648077,21.54
"Ocala, FL",2019,0.7152216011316971,0.2847783988683028,0.16803000272354612,0.2291806626580989,0.2589424229144704,Low Income,3.5,20.6,0.2925496267564603,114.67173058333331,255.65258333333333,3.935769230769231,3.675,0.6690197909656508,21.54
"Odessa, TX",2019,0.6139027372777726,0.3860972627222274,0.21598732159570613,0.2393766831985126,0.2722272543323134,Upper-Middle Income,5.8,15.1,0.0954681361785071,25.0682875,255.65258333333333,3.935769230769231,3.675,0.6944031605681498,21.54
"Oklahoma City, OK",2019,0.6331780294282131,0.3668219705717868,0.1589703282844238,0.1928960762816257,0.2079568438535493,Upper-Middle Income,10.6,31.5,0.1427609212534156,382.38105816666666,255.65258333333333,3.935769230769231,3.675,0.6418186780780999,21.54
"Panama City, FL",2019,0.7071464701206734,0.2928535298793265,0.21707896220911796,0.2582316517181863,0.2898199937339816,Lower-Middle Income,15.0,26.4,0.1847972296156378,132.9572533333333,255.65258333333333,3.935769230769231,3.675,0.6696004046535154,21.54
"Peoria, IL",2019,0.7273871128901938,0.2726128871098062,0.10735086056602491,0.1504763925143088,0.1453176635218901,Upper-Middle Income,11.5,28.8,0.1899593925849064,73.74668741666667,255.65258333333333,3.935769230769231,3.675,0.6142255336733876,21.54
"Pittsburgh, PA",2019,0.6819364549665706,0.3180635450334294,0.15663198531649206,0.1484842461698351,0.2211474169965226,High Income,16.8,36.0,0.2048986020020711,555.1122828333333,255.65258333333333,3.935769230769231,3.675,0.5787545360139085,21.54
"Port St. Lucie, FL",2019,0.7679178073155447,0.2320821926844553,0.2388890517219846,0.2714537265745108,0.2912595091786623,High Income,6.5,26.3,0.2709356484916114,265.0457255,255.65258333333333,3.935769230769231,3.675,0.6455412997350396,21.54
"Punta Gorda, FL",2019,0.8185901369648383,0.1814098630351617,0.21597404434914452,0.2675778867925423,0.3548470493695417,Lower-Middle Income,7.7,22.1,0.4124450796675665,131.30290475,255.65258333333333,3.935769230769231,3.675,0.628471451513925,21.54
"Racine, WI",2019,0.6710728090742032,0.3289271909257968,0.18475735314627945,0.2098457007941386,0.1800339758011203,Upper-Middle Income,9.5,26.1,0.1710500175741553,47.1541935,255.65258333333333,3.935769230769231,3.675,0.64183511818009,21.54
"Rapid City, SD",2019,0.6804236927873034,0.3195763072126966,0.2281469242908245,0.2533819301273953,0.1950430448847354,High Income,8.4,30.8,0.184561610791119,45.25343433333334,255.65258333333333,3.935769230769231,3.675,0.6141419866798923,21.54
"Reading, PA",2019,0.6962882039613176,0.3037117960386823,0.1832545810127935,0.2119234218521787,0.1614128481633351,Upper-Middle Income,10.0,25.4,0.1762092676487069,93.81048208333331,255.65258333333333,3.935769230769231,3.675,0.6813492268707659,21.54
"Redding, CA",2019,0.6321066094562258,0.3678933905437742,0.2761365492651865,0.2924427715949731,0.2317961350395115,Lower-Middle Income,9.2,21.8,0.2109895601954687,73.24828358333333,255.65258333333333,3.935769230769231,3.675,0.6227961602992547,21.54
"Reno, NV",2019,0.5847496387771437,0.4152503612228563,0.3778259071589304,0.3039364197110024,0.2372068479185091,High Income,9.0,31.6,0.1692650802667845,303.6163174166667,255.65258333333333,3.935769230769231,3.675,0.6251026496606065,21.54
"Rochester, MN",2019,0.7427017186450229,0.2572982813549771,0.2329767271684723,0.2031671009613463,0.2064620437350005,High Income,17.4,41.2,0.1719350579710798,76.55986766666668,255.65258333333333,3.935769230769231,3.675,0.6466483171149303,21.54
"Rockford, IL",2019,0.6810645658913568,0.3189354341086432,0.12022134747969708,0.1762652272771014,0.1762672259274056,Lower-Middle Income,9.3,24.5,0.1777392328838853,59.58069375,255.65258333333333,3.935769230769231,3.675,0.659460228549177,21.54
"St. Cloud, MN",2019,0.6781347665189021,0.3218652334810979,0.20539409537253664,0.2135039462136558,0.1793526413593856,Upper-Middle Income,8.3,26.6,0.1555475233209879,51.868434,255.65258333333333,3.935769230769231,3.675,0.6353876531586311,21.54
"St. George, UT",2019,0.7208285822881034,0.2791714177118966,0.3328595199796921,0.2893661574350009,0.2529149209549485,Lower-Middle Income,5.8,27.3,0.2209725382414562,109.12297041666669,255.65258333333333,3.935769230769231,3.675,0.7519004180919803,21.54
"Salem, OR",2019,0.6387956791542174,0.3612043208457826,0.3098850699084182,0.3117306456287294,0.2292993746855853,Lower-Middle Income,9.1,26.6,0.1661638661175424,138.56087808333334,255.65258333333333,3.935769230769231,3.675,0.6762845979577765,21.54
"Salinas, CA",2019,0.5282974724511998,0.4717025275488001,0.5753998971813721,0.431319475078339,0.3142992234246543,High Income,5.4,25.7,0.1397660697459573,237.74498266666663,255.65258333333333,3.935769230769231,3.675,0.7243638235317055,21.54
"Salt Lake City, UT",2019,0.6818914045873729,0.3181085954126271,0.3616979271710487,0.2708067065083748,0.1923115225160211,High Income,9.6,36.5,0.1113640346038277,568.4407779166667,255.65258333333333,3.935769230769231,3.675,0.6964018286434933,21.54
"San Angelo, TX",2019,0.6679132050966254,0.3320867949033746,0.1707744401061009,0.2239408269075654,0.2194038764356395,Upper-Middle Income,11.6,23.8,0.1532922488795149,,255.65258333333333,3.935769230769231,3.675,0.6482522336923663,21.54
"Santa Fe, NM",2019,0.7137917725386768,0.2862082274613232,0.3768140681187292,0.3621302046310578,0.2819742704441031,High Income,6.8,40.1,0.2523044999268413,105.28252158333332,255.65258333333333,3.935769230769231,3.675,0.5920523624199929,21.54
"Savannah, GA",2019,0.6047875213039788,0.3952124786960211,0.20588591272333545,0.2299575809074054,0.2364748382168691,Lower-Middle Income,17.2,32.4,0.1514441227091187,166.27013616666665,255.65258333333333,3.935769230769231,3.675,0.6433205451013122,21.54
"Sioux Falls, SD",2019,0.6533456125173257,0.3466543874826742,0.2256101894711701,0.2273807185098637,0.1592035796492402,High Income,13.4,34.6,0.1398265837899365,75.51039816666668,255.65258333333333,3.935769230769231,3.675,0.6456990297584163,21.54
"Springfield, IL",2019,0.674649863112881,0.325350136887119,0.1398783012865436,0.1784524009187446,0.1528250507502825,Upper-Middle Income,10.9,33.7,0.1869006729371072,48.7731805,255.65258333333333,3.935769230769231,3.675,0.5914767970676743,21.54
"Springfield, MA",2019,0.630711076821989,0.369288923178011,0.23154923364324426,0.2695482292583759,0.2417019273946035,Upper-Middle Income,9.1,34.2,0.1817311028962606,160.01531825,255.65258333333333,3.935769230769231,3.675,0.6081233227143695,21.54
"Springfield, MO",2019,0.5892565864891752,0.4107434135108247,0.16111527420418012,0.2074096756522691,0.2097282501975778,Lower-Middle Income,12.0,27.5,0.1658916486280683,118.62239391666668,255.65258333333333,3.935769230769231,3.675,0.6051338507920957,21.54
"State College, PA",2019,0.6062276342791242,0.3937723657208758,0.24987185887435193,0.2638656648058972,0.294105624552166,Lower-Middle Income,10.4,43.8,0.1490039104597099,41.683469166666654,255.65258333333333,3.935769230769231,3.675,0.5634889676576836,21.54
"Stockton, CA",2019,0.5838577838004526,0.4161422161995474,0.3862839077562066,0.3391608958314855,0.3064940475044052,Upper-Middle Income,5.5,20.0,0.1304339839506237,260.62533633333334,255.65258333333333,3.935769230769231,3.675,0.7462875856168102,21.54
"Sumter, SC",2019,0.6598062310703342,0.3401937689296658,0.14259154571984461,0.1880365528293463,0.2422015838454475,Low Income,6.8,20.1,0.1824000113906568,20.36410483333333,255.65258333333333,3.935769230769231,3.675,0.6732319027967197,21.54
"Tallahassee, FL",2019,0.5789004769142079,0.4210995230857921,0.1930371102076505,0.2381620510737319,0.2284344950750928,Lower-Middle Income,14.1,38.7,0.1477562659462704,94.99725583333331,255.65258333333333,3.935769230769231,3.675,0.5593522352077983,21.54
"Toledo, OH",2019,0.6396607096896926,0.3603392903103074,0.12701940698487627,0.1731649246642441,0.1838778243044687,Lower-Middle Income,9.3,28.2,0.1716956261607688,83.55631191666667,255.65258333333333,3.935769230769231,3.675,0.5989018572190579,21.54
"Topeka, KS",2019,0.6929629939718687,0.3070370060281313,0.12954646215921192,0.1691062487526659,0.1677461610328339,Lower-Middle Income,11.9,29.1,0.1906677185313554,37.91722091666666,255.65258333333333,3.935769230769231,3.675,0.6396935699933021,21.54
"Tucson, AZ",2019,0.6297721269773199,0.37022787302268,0.22739964631222295,0.2562207784537977,0.2353016835501237,Lower-Middle Income,10.0,32.6,0.2029984369017234,401.1446389166667,255.65258333333333,3.935769230769231,3.675,0.6026573815070029,21.54
"Tulsa, OK",2019,0.647824245304461,0.3521757546955389,0.15381958462290748,0.1966559159286513,0.2107760457314394,High Income,8.8,28.9,0.1594604743379845,257.39955516666663,255.65258333333333,3.935769230769231,3.675,0.6500635369960948,21.54
"Tuscaloosa, AL",2019,0.6595348939589043,0.3404651060410957,0.16109537558288953,0.1862052859531719,0.2778634264579351,Low Income,7.0,28.2,0.1487952477008847,54.422918833333334,255.65258333333333,3.935769230769231,3.675,0.6440717139366725,21.54
"Tyler, TX",2019,0.6681297709923664,0.3318702290076336,0.17670876053830117,0.214118057288804,0.2258733870561441,High Income,5.1,27.4,0.1684976648865096,39.30392225,255.65258333333333,3.935769230769231,3.675,0.6848091603053436,21.54
"Urban Honolulu, HI",2019,0.5736468892989862,0.4263531107010137,0.6625001286538154,0.4165185053523385,0.2914641160482759,High Income,8.7,35.8,0.1824982068886259,575.3623601666666,255.65258333333333,3.935769230769231,3.675,0.6828627044518037,21.54
"Vallejo, CA",2019,0.621983735945157,0.3780162640548429,0.4491537844019897,0.3245387657626715,0.2796054120205816,Upper-Middle Income,7.0,28.9,0.1622140857781759,209.4542265833333,255.65258333333333,3.935769230769231,3.675,0.7012560425019781,21.54
"Visalia, CA",2019,0.5924682011532937,0.4075317988467063,0.23598396956009243,0.2565021659004333,0.2591812526984489,Low Income,2.9,13.6,0.115361597614732,95.92947583333331,255.65258333333333,3.935769230769231,3.675,0.7921573253578889,21.54
"Waco, TX",2019,0.6233424967658473,0.3766575032341526,0.16358731848796243,0.2322009161392738,0.2451641131418524,Lower-Middle Income,6.0,24.7,0.1554004164390035,51.557191833333334,255.65258333333333,3.935769230769231,3.675,0.6606262128072445,21.54
"Warner Robins, GA",2019,0.6311545669829002,0.3688454330170999,0.15337290677081908,0.1811775020821353,0.2139020868816175,Low Income,4.2,28.2,0.1333915829328673,41.589012333333336,255.65258333333333,3.935769230769231,3.675,0.6670395606630733,21.54
"Wichita, KS",2019,0.6453637232818552,0.3546362767181448,0.13819506461156394,0.1709255518553531,0.1682551341244868,Upper-Middle Income,7.3,31.1,0.1539366278361433,126.8452755,255.65258333333333,3.935769230769231,3.675,0.6435325479265586,21.54
"Wichita Falls, TX",2019,0.6372346620083638,0.3627653379916362,0.10809426731785188,0.1664832469101698,0.1770394091846728,Lower-Middle Income,7.4,22.4,0.1573776561281024,17.16274525,255.65258333333333,3.935769230769231,3.675,0.6214246643022251,21.54
"Wilmington, NC",2019,0.6251909901917295,0.3748090098082705,0.2639533258445382,0.2671044169746907,0.2397157489495262,Upper-Middle Income,13.0,39.3,0.1827427545852056,178.0173365,255.65258333333333,3.935769230769231,3.675,0.5924474674289845,21.54
"Yuba City, CA",2019,0.6099622490228176,0.3900377509771823,0.30269984298824304,0.3135464314435103,0.2825587818197332,Low Income,6.7,19.6,0.1445977260175701,58.40454458333333,255.65258333333333,3.935769230769231,3.675,0.7061604249490528,21.54
