,RegionID,SizeRank,RegionName,RegionType,StateName,Year,HomeownerAffordability,RenterAffordability,Geofips,rgdp,income_per_capita
0,394299,251,"Abilene, TX",msa,TX,2015,0.1861302972588181,0.206197033173572,10180,6827936.0,39846.0
1,394299,251,"Abilene, TX",msa,TX,2016,0.1841575927349348,0.2000610131927355,10180,6686943.0,39140.0
2,394299,251,"Abilene, TX",msa,TX,2017,0.1952702201625783,0.2063410109145091,10180,6827152.0,40357.0
3,394299,251,"Abilene, TX",msa,TX,2018,0.2011177843085061,0.2048580482778801,10180,7141273.0,42753.0
4,394299,251,"Abilene, TX",msa,TX,2019,0.2011027767402601,0.2093023092204829,10180,7455255.0,45049.0
5,394299,251,"Abilene, TX",msa,TX,2020,0.1902773896969662,0.2127176853134179,10180,7387697.0,47854.0
6,394299,251,"Abilene, TX",msa,TX,2021,0.1770735675419089,0.2222383698100563,10180,7603626.0,51995.0
7,394299,251,"Abilene, TX",msa,TX,2022,0.2422488027549875,0.2299093033883788,10180,8006032.0,53514.0
8,394299,251,"Abilene, TX",msa,TX,2023,0.2634043311503355,0.2352559523443639,10180,8270864.0,56034.0
9,394304,83,"Akron, OH",msa,OH,2015,0.1745271599763379,0.173901546141964,10420,35587178.0,44678.0
10,394304,83,"Akron, OH",msa,OH,2016,0.1722311689029608,0.1718137242106433,10420,35715828.0,45468.0
11,394304,83,"Akron, OH",msa,OH,2017,0.1734789399450954,0.1681941885112892,10420,36424857.0,47169.0
12,394304,83,"Akron, OH",msa,OH,2018,0.184749821221353,0.1664945786780713,10420,36883382.0,49098.0
13,394304,83,"Akron, OH",msa,OH,2019,0.1822611321505803,0.168681450397292,10420,37473869.0,50915.0
14,394304,83,"Akron, OH",msa,OH,2020,0.169338976436573,0.173661104892846,10420,36128928.0,54376.0
15,394304,83,"Akron, OH",msa,OH,2021,0.1809350207860461,0.1815493497611631,10420,37703119.0,59583.0
16,394304,83,"Akron, OH",msa,OH,2022,0.221203135479951,0.1915360894308713,10420,37672860.0,59609.0
17,394304,83,"Akron, OH",msa,OH,2023,0.2491488408704112,0.1952864909337101,10420,38081735.0,62904.0
18,394306,295,"Albany, GA",msa,GA,2015,0.1722715853200231,0.1826966309171833,10500,5631247.0,33835.0
19,394306,295,"Albany, GA",msa,GA,2016,0.1651114252231568,0.1971562369194285,10500,5726021.0,34439.0
20,394306,295,"Albany, GA",msa,GA,2017,0.1627114573822221,0.1737560552379423,10500,5693673.0,35298.0
21,394306,295,"Albany, GA",msa,GA,2018,0.1683860776810956,0.1714974337636645,10500,5702355.0,36119.0
22,394306,295,"Albany, GA",msa,GA,2019,0.1628396433441178,0.172440287044636,10500,5836949.0,37905.0
23,394306,295,"Albany, GA",msa,GA,2020,0.1580442270128928,0.1816973791368506,10500,5746053.0,42071.0
24,394306,295,"Albany, GA",msa,GA,2021,0.1609817189736772,0.1919597042436833,10500,6027659.0,46969.0
25,394306,295,"Albany, GA",msa,GA,2022,0.1997194373580838,0.1981744051205458,10500,6121212.0,46754.0
26,394306,295,"Albany, GA",msa,GA,2023,0.2264276390716701,0.2001631638626279,10500,6180188.0,48546.0
27,394307,330,"Albany, OR",msa,OR,2015,0.2536693399735278,0.1731048055722718,10540,4318476.0,37973.0
28,394307,330,"Albany, OR",msa,OR,2016,0.2607663118791546,0.174621337911734,10540,4575970.0,39023.0
29,394307,330,"Albany, OR",msa,OR,2017,0.2821270885839954,0.1676105769342639,10540,4505965.0,40602.0
30,394307,330,"Albany, OR",msa,OR,2018,0.3023424786486024,0.1842292744412771,10540,4802294.0,43083.0
31,394307,330,"Albany, OR",msa,OR,2019,0.2850111755271281,0.193239206452318,10540,4930998.0,44306.0
32,394307,330,"Albany, OR",msa,OR,2020,0.2685047248300177,0.2039999146751954,10540,4822572.0,48033.0
33,394307,330,"Albany, OR",msa,OR,2021,0.2913097192473121,0.22707918600163,10540,4907036.0,52230.0
34,394307,330,"Albany, OR",msa,OR,2022,0.3915426238423705,0.250471344371966,10540,5043047.0,54123.0
35,394307,330,"Albany, OR",msa,OR,2023,0.4338953177232091,0.260438103319168,10540,5130128.0,57016.0
36,394308,64,"Albany, NY",msa,NY,2015,0.2205460451230861,0.1970907180159987,10580,58040524.0,51114.0
37,394308,64,"Albany, NY",msa,NY,2016,0.2607837163346423,0.1965461608231136,10580,59466852.0,52010.0
38,394308,64,"Albany, NY",msa,NY,2017,0.2517859363131996,0.1929625012377344,10580,61024034.0,54705.0
39,394308,64,"Albany, NY",msa,NY,2018,0.2481336459599668,0.193140863485847,10580,61119269.0,56185.0
40,394308,64,"Albany, NY",msa,NY,2019,0.2354690544422532,0.1940183316776383,10580,63778650.0,58358.0
41,394308,64,"Albany, NY",msa,NY,2020,0.2245672342472824,0.1952837268587772,10580,62655818.0,62728.0
42,394308,64,"Albany, NY",msa,NY,2021,0.2600035908572338,0.2018492387071886,10580,67674323.0,66929.0
43,394308,64,"Albany, NY",msa,NY,2022,0.3199897202350758,0.211104892105871,10580,67717208.0,67884.0
44,394308,64,"Albany, NY",msa,NY,2023,0.3604500104892341,0.2156317935622013,10580,69401141.0,71972.0
45,394312,62,"Albuquerque, NM",msa,NM,2015,1.1663520880218805,0.2211416794371671,10740,41038769.0,38653.0
46,394312,62,"Albuquerque, NM",msa,NM,2016,0.2289673391578217,0.2216158276635835,10740,41719773.0,40062.0
47,394312,62,"Albuquerque, NM",msa,NM,2017,0.2408464706644256,0.2252135904728032,10740,41881258.0,40817.0
48,394312,62,"Albuquerque, NM",msa,NM,2018,0.2458863047017151,0.2217834865883446,10740,42671307.0,42196.0
49,394312,62,"Albuquerque, NM",msa,NM,2019,0.2325670714885805,0.2231500010798215,10740,43920456.0,44616.0
50,394312,62,"Albuquerque, NM",msa,NM,2020,0.2276596741025881,0.2238315204815621,10740,43329662.0,48463.0
51,394312,62,"Albuquerque, NM",msa,NM,2021,0.2420920527167409,0.2438558916018752,10740,45653922.0,52372.0
52,394312,62,"Albuquerque, NM",msa,NM,2022,0.3233895879191659,0.2627042200699103,10740,47447327.0,54687.0
53,394312,62,"Albuquerque, NM",msa,NM,2023,0.3708669282240233,0.2664377105404585,10740,48602526.0,57278.0
54,394314,286,"Alexandria, LA",msa,LA,2015,0.2023018596213964,0.1947073414490437,10780,5990445.0,39273.0
55,394314,286,"Alexandria, LA",msa,LA,2016,0.2019481842507279,0.2275272506914493,10780,6109568.0,39871.0
56,394314,286,"Alexandria, LA",msa,LA,2017,0.2018504735841891,0.2490165510251435,10780,6081708.0,40300.0
57,394314,286,"Alexandria, LA",msa,LA,2018,0.2056595208476887,0.2361591963058938,10780,6161095.0,41872.0
58,394314,286,"Alexandria, LA",msa,LA,2019,0.1905025632800035,0.2494334666674055,10780,6158801.0,43553.0
59,394314,286,"Alexandria, LA",msa,LA,2020,0.1849553562632241,0.2495669568187598,10780,5997466.0,47669.0
60,394314,286,"Alexandria, LA",msa,LA,2021,0.1744919203685639,0.2584908973133173,10780,6160094.0,51240.0
61,394314,286,"Alexandria, LA",msa,LA,2022,0.2152299677598582,0.265632170809358,10780,6019646.0,51601.0
62,394314,286,"Alexandria, LA",msa,LA,2023,0.4014294729523118,0.2425943745780074,10780,6085726.0,53765.0
63,394318,70,"Allentown, PA",msa,PA,2015,0.2501685398176501,0.201866954361895,10900,42867530.0,47673.0
64,394318,70,"Allentown, PA",msa,PA,2016,0.2509300062181587,0.2026749870047852,10900,44009635.0,48886.0
65,394318,70,"Allentown, PA",msa,PA,2017,0.2414856301682746,0.2044957116430634,10900,44541436.0,50126.0
66,394318,70,"Allentown, PA",msa,PA,2018,0.1875186967259218,0.2038847368040209,10900,44764523.0,52119.0
67,394318,70,"Allentown, PA",msa,PA,2019,0.1710471200416986,0.2063242904145138,10900,46548544.0,54955.0
68,394318,70,"Allentown, PA",msa,PA,2020,0.2140246736047209,0.2108132491873092,10900,44640909.0,58589.0
69,394318,70,"Allentown, PA",msa,PA,2021,0.2289814740124385,0.2317638298969916,10900,46296228.0,61836.0
70,394318,70,"Allentown, PA",msa,PA,2022,0.2988341927615554,0.2430543261726432,10900,47283842.0,62900.0
71,394318,70,"Allentown, PA",msa,PA,2023,0.3265031391949752,0.2392502812846498,10900,49056765.0,66493.0
72,394321,340,"Altoona, PA",msa,PA,2015,0.168617068012183,0.1775085168117227,11020,5702495.0,40957.0
73,394321,340,"Altoona, PA",msa,PA,2016,0.2062469642979517,0.174881721030927,11020,5795705.0,41617.0
74,394321,340,"Altoona, PA",msa,PA,2017,0.2143674885008274,0.1978625203771762,11020,5849536.0,42768.0
75,394321,340,"Altoona, PA",msa,PA,2018,0.2050098827753254,0.216901328416879,11020,5944931.0,44994.0
76,394321,340,"Altoona, PA",msa,PA,2019,0.2195765298315125,0.2231206240625502,11020,6081711.0,46395.0
77,394321,340,"Altoona, PA",msa,PA,2020,0.1811249899367976,0.2266826763207739,11020,5906303.0,50793.0
78,394321,340,"Altoona, PA",msa,PA,2021,0.1783614729205278,0.234666941343553,11020,6124259.0,54826.0
79,394321,340,"Altoona, PA",msa,PA,2022,0.2220542259385832,0.2505100288141624,11020,6113273.0,55071.0
80,394321,340,"Altoona, PA",msa,PA,2023,0.2462141607002519,0.2067520704523497,11020,6198024.0,57782.0
81,394323,186,"Amarillo, TX",msa,TX,2015,0.1921328918415833,0.2193420753377718,11100,13389635.0,42739.0
82,394323,186,"Amarillo, TX",msa,TX,2016,0.1901938256024942,0.2138530598230059,11100,13198310.0,42493.0
83,394323,186,"Amarillo, TX",msa,TX,2017,0.2001884168945514,0.210838000341144,11100,13044032.0,44028.0
84,394323,186,"Amarillo, TX",msa,TX,2018,0.2163618662473924,0.2154698948110991,11100,13439341.0,45744.0
85,394323,186,"Amarillo, TX",msa,TX,2019,0.20636609506286,0.2126531489771671,11100,13785723.0,48372.0
86,394323,186,"Amarillo, TX",msa,TX,2020,0.1973842022604126,0.214779781057564,11100,13850704.0,51696.0
87,394323,186,"Amarillo, TX",msa,TX,2021,0.2029126297259209,0.2203692823796353,11100,14398438.0,55923.0
88,394323,186,"Amarillo, TX",msa,TX,2022,0.2567355152685773,0.2298106362522161,11100,14399408.0,56643.0
89,394323,186,"Amarillo, TX",msa,TX,2023,0.2830917549154104,0.2326853227114682,11100,14958128.0,60182.0
90,394325,336,"Ames, IA",msa,IA,2015,0.2152381538089148,0.1718763287707746,11180,6378329.0,39816.0
91,394325,336,"Ames, IA",msa,IA,2016,0.2074429697246435,0.1687661995737939,11180,6262087.0,39975.0
92,394325,336,"Ames, IA",msa,IA,2017,0.2135350187374762,0.1808843264577924,11180,6445208.0,40704.0
93,394325,336,"Ames, IA",msa,IA,2018,0.2188897671456594,0.1796892821380643,11180,6563479.0,42837.0
94,394325,336,"Ames, IA",msa,IA,2019,0.2175007986656635,0.1815853661957887,11180,6650160.0,44051.0
95,394325,336,"Ames, IA",msa,IA,2020,0.19926098944043,0.1767802418013268,11180,6490136.0,45990.0
96,394325,336,"Ames, IA",msa,IA,2021,0.206899185469565,0.1820867516400081,11180,6930649.0,49396.0
97,394325,336,"Ames, IA",msa,IA,2022,0.259617811128798,0.1825727364265348,11180,6967531.0,54141.0
98,394325,336,"Ames, IA",msa,IA,2023,0.29328707536982,0.1841998204692893,11180,6953270.0,55770.0
99,394327,139,"Anchorage, AK",msa,AK,2015,0.2435606198776494,0.1979084620875089,11260,25917694.0,58826.0
100,394327,139,"Anchorage, AK",msa,AK,2016,0.2444012464147522,0.1947358979913385,11260,26237799.0,57352.0
101,394327,139,"Anchorage, AK",msa,AK,2017,0.2480403291942275,0.1896681769287662,11260,25842697.0,58121.0
102,394327,139,"Anchorage, AK",msa,AK,2018,0.2642605247393972,0.1920526689840497,11260,26029809.0,60695.0
103,394327,139,"Anchorage, AK",msa,AK,2019,0.2531203779448148,0.187362411964909,11260,25958441.0,62030.0
104,394327,139,"Anchorage, AK",msa,AK,2020,0.2385067577694946,0.1884119152347375,11260,25275142.0,63690.0
105,394327,139,"Anchorage, AK",msa,AK,2021,0.2276584930173238,0.1865039370133874,11260,25922394.0,67198.0
106,394327,139,"Anchorage, AK",msa,AK,2022,0.3038774887451628,0.1993712053736155,11260,26293784.0,71166.0
107,394327,139,"Anchorage, AK",msa,AK,2023,0.3398750505875894,0.2069158271601474,11260,27263177.0,73829.0
108,394332,148,"Ann Arbor, MI",msa,MI,2015,0.2629346980693393,0.3049508857238672,11460,22761254.0,51521.0
109,394332,148,"Ann Arbor, MI",msa,MI,2016,0.2655600529020037,0.3034354369912811,11460,23269214.0,53257.0
110,394332,148,"Ann Arbor, MI",msa,MI,2017,0.2699447356807421,0.3028924515115143,11460,24040003.0,55491.0
111,394332,148,"Ann Arbor, MI",msa,MI,2018,0.2760887137245627,0.2999867542750865,11460,24649772.0,57765.0
112,394332,148,"Ann Arbor, MI",msa,MI,2019,0.2637433181338444,0.3022098729686854,11460,25636942.0,60743.0
113,394332,148,"Ann Arbor, MI",msa,MI,2020,0.2591161004059755,0.2986047744524019,11460,24986674.0,63356.0
114,394332,148,"Ann Arbor, MI",msa,MI,2021,0.2707485133687015,0.3156161052315436,11460,26296924.0,70844.0
115,394332,148,"Ann Arbor, MI",msa,MI,2022,0.3988182024153399,0.3321980309343126,11460,26969477.0,72867.0
116,394332,148,"Ann Arbor, MI",msa,MI,2023,0.4509986045377445,0.3391839096053842,11460,27760301.0,77537.0
117,394333,357,"Anniston, AL",msa,AL,2015,0.1661699177803611,0.1938239213692851,11500,4145820.0,33651.0
118,394333,357,"Anniston, AL",msa,AL,2016,0.155430228100541,0.1906394063986773,11500,4201651.0,34013.0
119,394333,357,"Anniston, AL",msa,AL,2017,0.1583294828822029,0.184773799795824,11500,4244400.0,34695.0
120,394333,357,"Anniston, AL",msa,AL,2018,0.1658369615058224,0.1786642340433066,11500,4342966.0,35643.0
121,394333,357,"Anniston, AL",msa,AL,2019,0.1624075135212916,0.1755761924738928,11500,4566934.0,36761.0
122,394333,357,"Anniston, AL",msa,AL,2020,0.1545663196039446,0.1777658050802522,11500,4454207.0,39562.0
123,394333,357,"Anniston, AL",msa,AL,2021,0.162557725239745,0.203122822339992,11500,4704903.0,43215.0
124,394333,357,"Anniston, AL",msa,AL,2022,0.2098831605222131,0.2456505215149354,11500,4593362.0,42668.0
125,394333,357,"Anniston, AL",msa,AL,2023,0.2363386233312648,0.2176136247685822,11500,4764871.0,44737.0
126,394334,197,"Appleton, WI",msa,WI,2015,0.1906469135295153,0.1635865750657006,11540,13163364.0,45447.0
127,394334,197,"Appleton, WI",msa,WI,2016,0.1867930487422611,0.1676670672599771,11540,13548679.0,46659.0
128,394334,197,"Appleton, WI",msa,WI,2017,0.1960703227969244,0.1659872720960018,11540,13810008.0,48158.0
129,394334,197,"Appleton, WI",msa,WI,2018,0.209694528146898,0.1631452533105601,11540,14241692.0,49971.0
130,394334,197,"Appleton, WI",msa,WI,2019,0.2053694280042007,0.164301459318092,11540,14559468.0,51944.0
131,394334,197,"Appleton, WI",msa,WI,2020,0.199141024444389,0.1673042704037561,11540,13899096.0,54662.0
132,394334,197,"Appleton, WI",msa,WI,2021,0.2018875788799045,0.1787062805056108,11540,14304265.0,59152.0
133,394334,197,"Appleton, WI",msa,WI,2022,0.2488944962736683,0.1637485656751531,11540,14458872.0,61306.0
134,394334,197,"Appleton, WI",msa,WI,2023,0.2819288309392565,0.1644177549503777,11540,14587128.0,64216.0
135,394338,121,"Asheville, NC",msa,NC,2015,0.2625728788831555,0.2513674194980573,11700,18318327.0,39942.0
136,394338,121,"Asheville, NC",msa,NC,2016,0.2717577488420968,0.2599929877046172,11700,18957843.0,41304.0
137,394338,121,"Asheville, NC",msa,NC,2017,0.283901631790255,0.262740550616069,11700,19857995.0,42857.0
138,394338,121,"Asheville, NC",msa,NC,2018,0.3061532898252346,0.2655935421482752,11700,20527515.0,44974.0
139,394338,121,"Asheville, NC",msa,NC,2019,0.2772922181556628,0.2581772682824719,11700,21327114.0,47747.0
140,394338,121,"Asheville, NC",msa,NC,2020,0.2601688513525486,0.2562391294265645,11700,20197261.0,50202.0
141,394338,121,"Asheville, NC",msa,NC,2021,0.2841383861331518,0.2764588655797358,11700,21585685.0,55707.0
142,394338,121,"Asheville, NC",msa,NC,2022,0.3859809398687057,0.3048066759826713,11700,22341153.0,58103.0
143,394338,121,"Asheville, NC",msa,NC,2023,0.444883324977356,0.3139402810103223,11700,23014243.0,62050.0
144,394346,217,"Athens, GA",msa,GA,2015,0.2499518435709209,0.2714381652601213,12020,9236868.0,35999.0
145,394346,217,"Athens, GA",msa,GA,2016,0.2477737589707475,0.2764505653935657,12020,9437802.0,36820.0
146,394346,217,"Athens, GA",msa,GA,2017,0.2468949448237959,0.2659738831873841,12020,9980018.0,38520.0
147,394346,217,"Athens, GA",msa,GA,2018,0.2612661552688817,0.2757596908833387,12020,10330759.0,39885.0
148,394346,217,"Athens, GA",msa,GA,2019,0.2553050019373704,0.2795284991715867,12020,10262828.0,41613.0
149,394346,217,"Athens, GA",msa,GA,2020,0.249511982675857,0.2893223538207322,12020,9820806.0,44480.0
150,394346,217,"Athens, GA",msa,GA,2021,0.2667112998219303,0.3033111241236619,12020,10381004.0,48257.0
151,394346,217,"Athens, GA",msa,GA,2022,0.3474527913244771,0.3131523948547947,12020,10844316.0,51357.0
152,394346,217,"Athens, GA",msa,GA,2023,0.3826030038459917,0.3221350750798019,12020,11009814.0,53221.0
153,394347,9,"Atlanta, GA",msa,GA,2015,0.1930596349168765,0.2114432621859251,12060,360870172.0,46735.0
154,394347,9,"Atlanta, GA",msa,GA,2016,0.1939912592005126,0.2126858635797283,12060,380019119.0,48350.0
155,394347,9,"Atlanta, GA",msa,GA,2017,0.2051515047804025,0.2156271327832688,12060,398208502.0,50921.0
156,394347,9,"Atlanta, GA",msa,GA,2018,0.2233501685431685,0.2191710297326968,12060,413028711.0,53083.0
157,394347,9,"Atlanta, GA",msa,GA,2019,0.2175528936049834,0.2240139852312788,12060,429660232.0,55471.0
158,394347,9,"Atlanta, GA",msa,GA,2020,0.2070868467861451,0.2248062717479909,12060,416596291.0,58176.0
159,394347,9,"Atlanta, GA",msa,GA,2021,0.2181757041385062,0.2416672884030256,12060,444713055.0,63281.0
160,394347,9,"Atlanta, GA",msa,GA,2022,0.3016123152306554,0.2540467670874263,12060,461994504.0,64840.0
161,394347,9,"Atlanta, GA",msa,GA,2023,0.3344619961194051,0.2486447100064184,12060,471655708.0,68027.0
162,394348,180,"Atlantic City, NJ",msa,NJ,2015,0.2904991333305834,0.2310254321140149,12100,14309767.0,42533.0
163,394348,180,"Atlantic City, NJ",msa,NJ,2016,0.2760893451518617,0.228870799253523,12100,13849789.0,43138.0
164,394348,180,"Atlantic City, NJ",msa,NJ,2017,0.265292877206738,0.2241463307275222,12100,13521560.0,44387.0
165,394348,180,"Atlantic City, NJ",msa,NJ,2018,0.2694653892729396,0.2251526447341977,12100,13616155.0,46186.0
166,394348,180,"Atlantic City, NJ",msa,NJ,2019,0.2695007180224697,0.230773333536911,12100,13827163.0,49154.0
167,394348,180,"Atlantic City, NJ",msa,NJ,2020,0.2658550924206001,0.2372542952613444,12100,13034081.0,54547.0
168,394348,180,"Atlantic City, NJ",msa,NJ,2021,0.2727186415719231,0.2542059242297867,12100,14137139.0,57601.0
169,394348,180,"Atlantic City, NJ",msa,NJ,2022,0.3312540626860301,0.2788552793073125,12100,14560232.0,57267.0
170,394348,180,"Atlantic City, NJ",msa,NJ,2023,0.3726166273919077,0.2839345554348381,12100,15025707.0,60493.0
171,394351,253,"Auburn, AL",msa,AL,2015,0.2390761539183535,0.2147922483847613,12220,5711665.0,33768.0
172,394351,253,"Auburn, AL",msa,AL,2016,0.2228867273264305,0.2325486862869272,12220,5896125.0,34720.0
173,394351,253,"Auburn, AL",msa,AL,2017,0.2362197284590173,0.2420223008269127,12220,6138724.0,35651.0
174,394351,253,"Auburn, AL",msa,AL,2018,0.2532182957330491,0.2432102966531364,12220,6112260.0,36517.0
175,394351,253,"Auburn, AL",msa,AL,2019,0.2433147948075468,0.2422773288537973,12220,6348943.0,38989.0
176,394351,253,"Auburn, AL",msa,AL,2020,0.230024448544773,0.2396070857702971,12220,6202804.0,41046.0
177,394351,253,"Auburn, AL",msa,AL,2021,0.2412390197799895,0.2497146639841764,12220,6592171.0,45218.0
178,394351,253,"Auburn, AL",msa,AL,2022,0.3202177879322178,0.2635797292991034,12220,6609805.0,46140.0
179,394351,253,"Auburn, AL",msa,AL,2023,0.3726892012935865,0.2764243691643778,12220,6987631.0,48511.0
180,394352,96,"Augusta, GA",msa,GA,2015,0.1702984608705115,0.2039764637005126,12260,26348411.0,38139.0
181,394352,96,"Augusta, GA",msa,GA,2016,0.1713581775382687,0.2047973000461757,12260,26785863.0,38836.0
182,394352,96,"Augusta, GA",msa,GA,2017,0.1806433444512254,0.2070097108250334,12260,27076189.0,40369.0
183,394352,96,"Augusta, GA",msa,GA,2018,0.1911777443726956,0.2060537446711526,12260,27499759.0,41580.0
184,394352,96,"Augusta, GA",msa,GA,2019,0.1887120102968502,0.2059895743113039,12260,28035704.0,43465.0
185,394352,96,"Augusta, GA",msa,GA,2020,0.177629991455638,0.2131456054952788,12260,27879994.0,46863.0
186,394352,96,"Augusta, GA",msa,GA,2021,0.1865727368871237,0.2277917504422504,12260,28606409.0,49994.0
187,394352,96,"Augusta, GA",msa,GA,2022,0.245327549601079,0.2383426905912009,12260,28933655.0,50248.0
188,394352,96,"Augusta, GA",msa,GA,2023,0.2656357448860729,0.2357829166063219,12260,29419901.0,52069.0
189,394355,29,"Austin, TX",msa,TX,2015,0.2739004516486561,0.213836689242185,12420,129620142.0,51880.0
190,394355,29,"Austin, TX",msa,TX,2016,0.2733655670685089,0.2103347663481886,12420,135023020.0,52469.0
191,394355,29,"Austin, TX",msa,TX,2017,0.2895750293957313,0.2064297285017718,12420,141102903.0,56252.0
192,394355,29,"Austin, TX",msa,TX,2018,0.2960258442181127,0.2031083793504405,12420,149306992.0,59840.0
193,394355,29,"Austin, TX",msa,TX,2019,0.285111207953725,0.2044537681873254,12420,159060569.0,62444.0
194,394355,29,"Austin, TX",msa,TX,2020,0.2735860675575463,0.2005571756289965,12420,163580778.0,63982.0
195,394355,29,"Austin, TX",msa,TX,2021,0.3169418391215727,0.2127522460671664,12420,181070457.0,70971.0
196,394355,29,"Austin, TX",msa,TX,2022,0.4170462024299855,0.2261343151972678,12420,198524436.0,75999.0
197,394355,29,"Austin, TX",msa,TX,2023,0.4052719749673357,0.21252667955692,12420,207470114.0,80471.0
198,394357,63,"Bakersfield, CA",msa,CA,2015,0.2391323084898703,0.2431889312231084,12540,43391596.0,36534.0
199,394357,63,"Bakersfield, CA",msa,CA,2016,0.2438973582560562,0.245142737416298,12540,43552199.0,36172.0
200,394357,63,"Bakersfield, CA",msa,CA,2017,0.2628955459236124,0.2533183407072511,12540,43812095.0,36580.0
201,394357,63,"Bakersfield, CA",msa,CA,2018,0.2861835032033651,0.2589969643738739,12540,43894460.0,37566.0
202,394357,63,"Bakersfield, CA",msa,CA,2019,0.2720846414141031,0.2592333430728871,12540,45410206.0,39301.0
203,394357,63,"Bakersfield, CA",msa,CA,2020,0.2580233197237758,0.2617722079917864,12540,45610265.0,44528.0
204,394357,63,"Bakersfield, CA",msa,CA,2021,0.2510478217869874,0.2789636204082125,12540,46383111.0,46934.0
205,394357,63,"Bakersfield, CA",msa,CA,2022,0.3558757523982401,0.301718844694319,12540,44626843.0,44595.0
206,394357,63,"Bakersfield, CA",msa,CA,2023,0.386706126801353,0.2972866366469313,12540,46941848.0,47350.0
207,394358,20,"Baltimore, MD",msa,MD,2015,0.2354384695978404,0.2159390493596834,12580,187802711.0,54357.0
208,394358,20,"Baltimore, MD",msa,MD,2016,0.2297497684467542,0.213006637215308,12580,194266369.0,55722.0
209,394358,20,"Baltimore, MD",msa,MD,2017,0.2283930526317821,0.2089875696950942,12580,198332437.0,57544.0
210,394358,20,"Baltimore, MD",msa,MD,2018,0.2388503149295177,0.2070286873987254,12580,200409767.0,59439.0
211,394358,20,"Baltimore, MD",msa,MD,2019,0.2262808259918072,0.2057388118376144,12580,201619144.0,61797.0
212,394358,20,"Baltimore, MD",msa,MD,2020,0.2143963310627765,0.2055709546628818,12580,194807422.0,65607.0
213,394358,20,"Baltimore, MD",msa,MD,2021,0.2226615433674084,0.2149479436227446,12580,204812340.0,70211.0
214,394358,20,"Baltimore, MD",msa,MD,2022,0.2812611319547521,0.2247347149097066,12580,210176525.0,72580.0
215,394358,20,"Baltimore, MD",msa,MD,2023,0.3128332010862086,0.2223591388917512,12580,213539532.0,76923.0
216,394359,288,"Bangor, ME",msa,ME,2015,0.2244857517655135,0.1929915256587779,12620,6233187.0,37304.0
217,394359,288,"Bangor, ME",msa,ME,2016,0.2116561171111334,0.2320449098605115,12620,6362602.0,38375.0
218,394359,288,"Bangor, ME",msa,ME,2017,0.217603567843711,0.2588065854082831,12620,6360893.0,39494.0
219,394359,288,"Bangor, ME",msa,ME,2018,0.2311396430703644,0.2221587840497478,12620,6599941.0,41170.0
220,394359,288,"Bangor, ME",msa,ME,2019,0.223309770907165,0.2273842399807821,12620,6788914.0,42732.0
221,394359,288,"Bangor, ME",msa,ME,2020,0.2082804298268995,0.2270430030969395,12620,6769592.0,47299.0
222,394359,288,"Bangor, ME",msa,ME,2021,0.2200640052573935,0.2356783052550401,12620,7006232.0,50983.0
223,394359,288,"Bangor, ME",msa,ME,2022,0.2751553906565339,0.2420549322328438,12620,7134198.0,52179.0
224,394359,288,"Bangor, ME",msa,ME,2023,0.3052247627739182,0.2388411585675699,12620,7231746.0,53978.0
225,394361,202,"Barnstable Town, MA",msa,MA,2015,0.3344574079525516,0.2127759756473064,12700,13032722.0,60365.0
226,394361,202,"Barnstable Town, MA",msa,MA,2016,0.3333371424262321,0.2254745940887597,12700,13066543.0,62353.0
227,394361,202,"Barnstable Town, MA",msa,MA,2017,0.3547233110419285,0.2312812876043752,12700,12764776.0,64157.0
228,394361,202,"Barnstable Town, MA",msa,MA,2018,0.3655124334104471,0.2293829344008087,12700,13042121.0,67040.0
229,394361,202,"Barnstable Town, MA",msa,MA,2019,0.3484565335953132,0.2502204830748858,12700,13473915.0,72787.0
230,394361,202,"Barnstable Town, MA",msa,MA,2020,0.317024437120416,0.2743681269023443,12700,12718672.0,78437.0
231,394361,202,"Barnstable Town, MA",msa,MA,2021,0.3550265333094239,0.2865943976310441,12700,13656288.0,84248.0
232,394361,202,"Barnstable Town, MA",msa,MA,2022,0.4915497911106892,0.3153878669285473,12700,14177792.0,86325.0
233,394361,202,"Barnstable Town, MA",msa,MA,2023,0.5706441736537751,0.3316277806155133,12700,14483670.0,92417.0
234,394367,66,"Baton Rouge, LA",msa,LA,2015,0.2123048199526302,0.2330213417687484,12940,57139825.0,43450.0
235,394367,66,"Baton Rouge, LA",msa,LA,2016,0.2121666896121366,0.2337470520394196,12940,55172075.0,44064.0
236,394367,66,"Baton Rouge, LA",msa,LA,2017,0.211373290674664,0.2358002243626694,12940,52326375.0,45357.0
237,394367,66,"Baton Rouge, LA",msa,LA,2018,0.2340748162750683,0.2276869127430097,12940,55749428.0,47440.0
238,394367,66,"Baton Rouge, LA",msa,LA,2019,0.2202798010251914,0.2221920105154452,12940,54339247.0,49089.0
239,394367,66,"Baton Rouge, LA",msa,LA,2020,0.1998891265428137,0.2231375041697644,12940,50120974.0,52237.0
240,394367,66,"Baton Rouge, LA",msa,LA,2021,0.2028114861811112,0.2320751171664271,12940,51789395.0,56987.0
241,394367,66,"Baton Rouge, LA",msa,LA,2022,0.2584407003545072,0.2424423709749696,12940,53386569.0,58423.0
242,394367,66,"Baton Rouge, LA",msa,LA,2023,0.3125484485216864,0.2359968232065263,12940,54901246.0,61972.0
243,394368,318,"Battle Creek, MI",msa,MI,2015,0.1521945364959745,0.2114753997080524,12980,6321415.0,36868.0
244,394368,318,"Battle Creek, MI",msa,MI,2016,0.1577637761754288,0.2136060662044032,12980,6457331.0,37369.0
245,394368,318,"Battle Creek, MI",msa,MI,2017,0.1637723524811234,0.2184383934710004,12980,6450941.0,37988.0
246,394368,318,"Battle Creek, MI",msa,MI,2018,0.176494284373207,0.2208431588203293,12980,6467348.0,38846.0
247,394368,318,"Battle Creek, MI",msa,MI,2019,0.2324273425466685,0.2194792653638663,12980,6451007.0,40009.0
248,394368,318,"Battle Creek, MI",msa,MI,2020,0.1966067829484998,0.2192023398867698,12980,6350135.0,43929.0
249,394368,318,"Battle Creek, MI",msa,MI,2021,0.2236607847610884,0.2295469763593352,12980,6861063.0,45745.0
250,394368,318,"Battle Creek, MI",msa,MI,2022,0.2964347643458702,0.23412769067187,12980,7135652.0,46210.0
251,394368,318,"Battle Creek, MI",msa,MI,2023,0.3271515551938898,0.2380400070513942,12980,7197440.0,47947.0
252,394369,380,"Bay City, MI",msa,MI,2015,0.1525750613972236,0.1734238270305891,13020,3683175.0,37962.0
253,394369,380,"Bay City, MI",msa,MI,2016,0.1554525744106687,0.1756081433101368,13020,3690810.0,39028.0
254,394369,380,"Bay City, MI",msa,MI,2017,0.1566365475741287,0.1836995850159375,13020,3539706.0,39432.0
255,394369,380,"Bay City, MI",msa,MI,2018,0.1637612816357443,0.1960860696288395,13020,3631822.0,41691.0
256,394369,380,"Bay City, MI",msa,MI,2019,0.1477634565796386,0.1881227024287278,13020,3570704.0,42643.0
257,394369,380,"Bay City, MI",msa,MI,2020,0.1478815377348129,0.1860843771098962,13020,3545561.0,46668.0
258,394369,380,"Bay City, MI",msa,MI,2021,0.1506715191354183,0.1906487153804122,13020,3866722.0,50581.0
259,394369,380,"Bay City, MI",msa,MI,2022,0.1878285679978577,0.1775357322322993,13020,3812494.0,49936.0
260,394369,380,"Bay City, MI",msa,MI,2023,0.2172758520744406,0.1947272357922784,13020,3628109.0,52579.0
261,394372,140,"Beaumont, TX",msa,TX,2015,0.1981436523683576,0.197407122226632,13140,23371779.0,41324.0
262,394372,140,"Beaumont, TX",msa,TX,2016,0.1874292281918148,0.1928823685248007,13140,24007411.0,41036.0
263,394372,140,"Beaumont, TX",msa,TX,2017,0.1996327495487494,0.2037682077714974,13140,24454169.0,42012.0
264,394372,140,"Beaumont, TX",msa,TX,2018,0.2147214716374339,0.2138959376529009,13140,25657246.0,43316.0
265,394372,140,"Beaumont, TX",msa,TX,2019,0.2157051489322533,0.2160138597458612,13140,25456325.0,44384.0
266,394372,140,"Beaumont, TX",msa,TX,2020,0.2075185160977438,0.215726385641838,13140,21896605.0,46405.0
267,394372,140,"Beaumont, TX",msa,TX,2021,0.2144285151711343,0.2257659034579524,13140,22255690.0,48592.0
268,394372,140,"Beaumont, TX",msa,TX,2022,0.2544134149839692,0.2286288078174297,13140,22263610.0,48741.0
269,394372,140,"Beaumont, TX",msa,TX,2023,0.2562525540932489,0.2241348974624201,13140,23715593.0,51459.0
270,394374,358,"Beckley, WV",msa,WV,2015,0.1282569350733757,0.187610573763055,13220,4016084.0,35148.0
271,394374,358,"Beckley, WV",msa,WV,2016,0.1293350875678319,0.1860189832333006,13220,3817823.0,34390.0
272,394374,358,"Beckley, WV",msa,WV,2017,0.1283601537702716,0.1813149537786464,13220,3990112.0,36707.0
273,394374,358,"Beckley, WV",msa,WV,2018,0.135101521879379,0.1764238789796161,13220,4064980.0,38773.0
274,394374,358,"Beckley, WV",msa,WV,2019,0.1277316590147433,0.1721382893134929,13220,4193870.0,40829.0
275,394374,358,"Beckley, WV",msa,WV,2020,0.1763741817514138,0.1737238395403153,13220,3926473.0,42454.0
276,394374,358,"Beckley, WV",msa,WV,2021,0.1789904403786115,0.1984971826522904,13220,4034004.0,46184.0
277,394374,358,"Beckley, WV",msa,WV,2022,0.1666205869038131,0.2714064599926869,13220,4207525.0,47591.0
278,394374,358,"Beckley, WV",msa,WV,2023,0.1823655355210969,0.2217487229466509,13220,4319891.0,50178.0
279,394378,205,"Bellingham, WA",msa,WA,2015,0.3086270109090821,0.2198501405471536,13380,10414824.0,43284.0
280,394378,205,"Bellingham, WA",msa,WA,2016,0.3225186825715774,0.2256589534697279,13380,11098634.0,44010.0
281,394378,205,"Bellingham, WA",msa,WA,2017,0.3421931465377557,0.234434384209941,13380,11651236.0,45464.0
282,394378,205,"Bellingham, WA",msa,WA,2018,0.3737264850972955,0.2382079766316388,13380,12557637.0,48174.0
283,394378,205,"Bellingham, WA",msa,WA,2019,0.3599927065631207,0.2427025201078992,13380,13672902.0,51191.0
284,394378,205,"Bellingham, WA",msa,WA,2020,0.3425157919904131,0.2460626889809554,13380,14084817.0,53903.0
285,394378,205,"Bellingham, WA",msa,WA,2021,0.3730241885206525,0.2584695831925578,13380,14710172.0,58107.0
286,394378,205,"Bellingham, WA",msa,WA,2022,0.5244278155137813,0.284608131189883,13380,14499419.0,59169.0
287,394378,205,"Bellingham, WA",msa,WA,2023,0.5859081223498422,0.3007785373783819,13380,15332005.0,62095.0
288,394380,232,"Bend, OR",msa,OR,2015,0.3356468768278359,0.2520595013670947,13460,7936358.0,47322.0
289,394380,232,"Bend, OR",msa,OR,2016,0.3325728060540163,0.2550178599435335,13460,8708469.0,49780.0
290,394380,232,"Bend, OR",msa,OR,2017,0.3517562517559134,0.2568387850684994,13460,9523750.0,52636.0
291,394380,232,"Bend, OR",msa,OR,2018,0.374700319056011,0.2521525563069413,13460,9881699.0,55513.0
292,394380,232,"Bend, OR",msa,OR,2019,0.3677828355882031,0.2677338530487211,13460,10449613.0,57770.0
293,394380,232,"Bend, OR",msa,OR,2020,0.1857398403855761,0.2737551173291676,13460,10418735.0,63905.0
294,394380,232,"Bend, OR",msa,OR,2021,0.4026690333637252,0.3163774094408514,13460,11514740.0,70556.0
295,394380,232,"Bend, OR",msa,OR,2022,0.5044734687702038,0.2893060867761585,13460,11957286.0,75972.0
296,394380,232,"Bend, OR",msa,OR,2023,0.4992056676164922,0.2637352653485806,13460,12442840.0,81025.0
297,394386,239,"Billings, MT",msa,MT,2015,0.26434400781658,0.1868116264341046,13740,10130744.0,47462.0
298,394386,239,"Billings, MT",msa,MT,2016,0.2531174033134029,0.1822800460581364,13740,9546121.0,47233.0
299,394386,239,"Billings, MT",msa,MT,2017,0.2617140884809192,0.182566903308205,13740,10233635.0,49485.0
300,394386,239,"Billings, MT",msa,MT,2018,0.2777479778831883,0.1824114441137252,13740,10293847.0,51585.0
301,394386,239,"Billings, MT",msa,MT,2019,0.2686527396148372,0.1872544063775905,13740,10043143.0,52851.0
302,394386,239,"Billings, MT",msa,MT,2020,0.2481430319981008,0.1884218141001816,13740,9811492.0,56111.0
303,394386,239,"Billings, MT",msa,MT,2021,0.2475402325349512,0.1925334289828729,13740,10524739.0,62153.0
304,394386,239,"Billings, MT",msa,MT,2022,0.3491249961863421,0.2147733207654738,13740,10534335.0,65328.0
305,394386,239,"Billings, MT",msa,MT,2023,0.4160085123643968,0.2271715952963487,13740,10902157.0,68898.0
306,394387,195,"Binghamton, NY",msa,NY,2015,0.1874203615979719,0.1750645221154614,13780,10912381.0,38500.0
307,394387,195,"Binghamton, NY",msa,NY,2016,0.1837805238028889,0.1811572148769487,13780,10631756.0,38919.0
308,394387,195,"Binghamton, NY",msa,NY,2017,0.1921112965605039,0.1781275170837579,13780,10763033.0,41133.0
309,394387,195,"Binghamton, NY",msa,NY,2018,0.156526427121081,0.161923958375018,13780,10788110.0,42094.0
310,394387,195,"Binghamton, NY",msa,NY,2019,0.2218993019775953,0.1669939329395105,13780,10859295.0,43922.0
311,394387,195,"Binghamton, NY",msa,NY,2020,0.2125625267495487,0.1758124166340894,13780,10328403.0,47946.0
312,394387,195,"Binghamton, NY",msa,NY,2021,0.2171102828139544,0.1862249507776049,13780,10558891.0,50473.0
313,394387,195,"Binghamton, NY",msa,NY,2022,0.2739675708019936,0.1957724256183159,13780,10423108.0,49745.0
314,394387,195,"Binghamton, NY",msa,NY,2023,0.3022583721142092,0.2077132968118316,13780,10481451.0,52659.0
315,394388,51,"Birmingham, AL",msa,AL,2015,0.1838826830110031,0.2102460216102661,13820,58757668.0,45438.0
316,394388,51,"Birmingham, AL",msa,AL,2016,0.1831628691218517,0.2057249578449497,13820,59499489.0,46008.0
317,394388,51,"Birmingham, AL",msa,AL,2017,0.1859823571554535,0.2040263205623054,13820,60645897.0,48116.0
318,394388,51,"Birmingham, AL",msa,AL,2018,0.1974261044988881,0.2049247288629919,13820,61853013.0,50087.0
319,394388,51,"Birmingham, AL",msa,AL,2019,0.187292530767809,0.2021899371535021,13820,62875594.0,51900.0
320,394388,51,"Birmingham, AL",msa,AL,2020,0.1825239154444511,0.2055189544357213,13820,62130971.0,54798.0
321,394388,51,"Birmingham, AL",msa,AL,2021,0.1901477923840696,0.2098002931232338,13820,65544890.0,60940.0
322,394388,51,"Birmingham, AL",msa,AL,2022,0.250697972091069,0.2166229340957692,13820,66668472.0,62993.0
323,394388,51,"Birmingham, AL",msa,AL,2023,0.2796072572756398,0.2174395911706023,13820,67728997.0,66502.0
324,394390,324,"Bismarck, ND",msa,ND,2015,0.2557328301991631,0.2074081297844987,13900,8042870.0,54793.0
325,394390,324,"Bismarck, ND",msa,ND,2016,0.2467011372255458,0.2344746368871005,13900,7705256.0,54095.0
326,394390,324,"Bismarck, ND",msa,ND,2017,0.2370009850992558,0.2030743657865505,13900,7656673.0,53651.0
327,394390,324,"Bismarck, ND",msa,ND,2018,0.249374295440244,0.1701088909922271,13900,7518448.0,55920.0
328,394390,324,"Bismarck, ND",msa,ND,2019,0.2360705657852196,0.1706634165091489,13900,7478889.0,57622.0
329,394390,324,"Bismarck, ND",msa,ND,2020,0.2323798206729271,0.1777475989248723,13900,7196852.0,60508.0
330,394390,324,"Bismarck, ND",msa,ND,2021,0.2285873262959206,0.1751966112715991,13900,7474067.0,67193.0
331,394390,324,"Bismarck, ND",msa,ND,2022,0.2834011833899043,0.1688912840288081,13900,7317369.0,69701.0
332,394390,324,"Bismarck, ND",msa,ND,2023,0.3131177069175334,0.1724485027105862,13900,7441169.0,72043.0
333,394392,265,"Blacksburg, VA",msa,VA,2015,0.2083888190676202,0.2219100216859194,13980,6806624.0,33891.0
334,394392,265,"Blacksburg, VA",msa,VA,2016,0.1982945459285281,0.2312969003589214,13980,6815425.0,34448.0
335,394392,265,"Blacksburg, VA",msa,VA,2017,0.2091308791773181,0.2333055329981148,13980,7016349.0,35811.0
336,394392,265,"Blacksburg, VA",msa,VA,2018,0.2257988516480396,0.2456670803282992,13980,7365216.0,37411.0
337,394392,265,"Blacksburg, VA",msa,VA,2019,0.1963835510870091,0.2730900164478642,13980,7291368.0,38417.0
338,394392,265,"Blacksburg, VA",msa,VA,2020,0.2150755966608468,0.2891052392478472,13980,7107815.0,40969.0
339,394392,265,"Blacksburg, VA",msa,VA,2021,0.2253952366882143,0.2951979625062381,13980,7724088.0,44712.0
340,394392,265,"Blacksburg, VA",msa,VA,2022,0.2865610894811893,0.3024551826676638,13980,8032148.0,47014.0
341,394392,265,"Blacksburg, VA",msa,VA,2023,0.3220801376293646,0.3172671466235884,13980,8332201.0,50496.0
342,394393,270,"Bloomington, IN",msa,IN,2015,0.1859993437707052,0.2674480096846961,14020,6794290.0,37337.0
343,394393,270,"Bloomington, IN",msa,IN,2016,0.2161215949656636,0.2668340656053604,14020,6977313.0,39072.0
344,394393,270,"Bloomington, IN",msa,IN,2017,0.2281490692565007,0.2717991308763718,14020,7406889.0,41215.0
345,394393,270,"Bloomington, IN",msa,IN,2018,0.2406580885532389,0.2654016358412249,14020,7670488.0,43173.0
346,394393,270,"Bloomington, IN",msa,IN,2019,0.2269134776117972,0.2612305856897512,14020,7574999.0,44928.0
347,394393,270,"Bloomington, IN",msa,IN,2020,0.2205525294202732,0.2639833190979,14020,7288192.0,47834.0
348,394393,270,"Bloomington, IN",msa,IN,2021,0.2303713779115787,0.2640953669307184,14020,7511738.0,52318.0
349,394393,270,"Bloomington, IN",msa,IN,2022,0.3142694776903756,0.2931443386703289,14020,7803811.0,54178.0
350,394393,270,"Bloomington, IN",msa,IN,2023,0.3700567738719139,0.3081477072469495,14020,7906987.0,56651.0
351,394395,439,"Bloomsburg, PA",msa,PA,2015,0.1966910266870246,0.2568740333054271,14100,4391896.0,40320.0
352,394395,439,"Bloomsburg, PA",msa,PA,2016,0.1936841173442809,0.2521621878805687,14100,4375448.0,41788.0
353,394395,439,"Bloomsburg, PA",msa,PA,2017,0.1958375961525014,0.2045930704511463,14100,4409987.0,43241.0
354,394395,439,"Bloomsburg, PA",msa,PA,2018,0.2365832209558845,0.1614023084584164,14100,4390928.0,44940.0
355,394395,439,"Bloomsburg, PA",msa,PA,2019,0.2293080316119599,0.1566378493908703,14100,4495725.0,46249.0
356,394395,439,"Bloomsburg, PA",msa,PA,2020,0.2202826083043968,0.1590798568604446,14100,4269878.0,50257.0
357,394395,439,"Bloomsburg, PA",msa,PA,2021,0.2209729829773123,0.1728576774840209,14100,4467976.0,53257.0
358,394395,439,"Bloomsburg, PA",msa,PA,2022,0.264324371500715,0.1778803639790523,14100,4635875.0,53706.0
359,394395,439,"Bloomsburg, PA",msa,PA,2023,0.2840935194202951,0.1800475110782161,14100,4680352.0,56534.0
360,394399,79,"Boise City, ID",msa,ID,2015,0.2226588743961879,0.2033632832321957,14260,29358516.0,40711.0
361,394399,79,"Boise City, ID",msa,ID,2016,0.2301136264068446,0.2123034633494623,14260,30581561.0,41576.0
362,394399,79,"Boise City, ID",msa,ID,2017,0.2453308050327405,0.215576538070868,14260,32266790.0,43355.0
363,394399,79,"Boise City, ID",msa,ID,2018,0.2667647674432614,0.2195079246166932,14260,34798490.0,45619.0
364,394399,79,"Boise City, ID",msa,ID,2019,0.2722545360732064,0.2227624986096915,14260,36445887.0,47979.0
365,394399,79,"Boise City, ID",msa,ID,2020,0.2658840796195911,0.2247937757772545,14260,37014180.0,51657.0
366,394399,79,"Boise City, ID",msa,ID,2021,0.3139927472161735,0.2520022524645833,14260,40386272.0,58086.0
367,394399,79,"Boise City, ID",msa,ID,2022,0.4076504530270399,0.2561779544170143,14260,43398445.0,61112.0
368,394399,79,"Boise City, ID",msa,ID,2023,0.4100982617394684,0.2465619690423582,14260,44637457.0,63689.0
369,394404,10,"Boston, MA",msa,MA,2015,0.3220460523453241,0.3121930167935434,14460,416982922.0,67498.0
370,394404,10,"Boston, MA",msa,MA,2016,0.322431501993405,0.3112431465594361,14460,424191410.0,69730.0
371,394404,10,"Boston, MA",msa,MA,2017,0.3383887682418141,0.3102044721698693,14460,433844401.0,72921.0
372,394404,10,"Boston, MA",msa,MA,2018,0.3590964041965518,0.3065615391246204,14460,451335935.0,76593.0
373,394404,10,"Boston, MA",msa,MA,2019,0.3390668718985939,0.3057463594804914,14460,467414114.0,80093.0
374,394404,10,"Boston, MA",msa,MA,2020,0.3177978408534448,0.2596653597332273,14460,463272465.0,84686.0
375,394404,10,"Boston, MA",msa,MA,2021,0.3322987000262722,0.2897631395193464,14460,495860834.0,92742.0
376,394404,10,"Boston, MA",msa,MA,2022,0.4175842107211294,0.3043768857749039,14460,507807016.0,95926.0
377,394404,10,"Boston, MA",msa,MA,2023,0.4605500119834134,0.3088038218920033,14460,515386134.0,100880.0
378,394405,156,"Boulder, CO",msa,CO,2015,0.3252036570979943,0.2722701129065977,14500,24200344.0,63236.0
379,394405,156,"Boulder, CO",msa,CO,2016,0.3446348453569856,0.2727643320047337,14500,25039639.0,64154.0
380,394405,156,"Boulder, CO",msa,CO,2017,0.3691441071271946,0.2704284231818526,14500,26255861.0,68368.0
381,394405,156,"Boulder, CO",msa,CO,2018,0.3821292336199711,0.267060923584669,14500,27218834.0,71554.0
382,394405,156,"Boulder, CO",msa,CO,2019,0.361928289253431,0.2686735750570953,14500,29657209.0,78583.0
383,394405,156,"Boulder, CO",msa,CO,2020,0.3448125279951672,0.2675685418111991,14500,29094426.0,81963.0
384,394405,156,"Boulder, CO",msa,CO,2021,0.3693773464726066,0.2785491546168935,14500,31263654.0,92317.0
385,394405,156,"Boulder, CO",msa,CO,2022,0.5174599589649977,0.2954065167720345,14500,31852972.0,95454.0
386,394405,156,"Boulder, CO",msa,CO,2023,0.5722147034952587,0.3055221129357394,14500,32931483.0,100242.0
387,394406,248,"Bowling Green, KY",msa,KY,2015,0.1845853007439436,0.2353169333634791,14540,6779963.0,34417.0
388,394406,248,"Bowling Green, KY",msa,KY,2016,0.1889996078408739,0.247063574275081,14540,6939441.0,34760.0
389,394406,248,"Bowling Green, KY",msa,KY,2017,0.2002995958708634,0.2489337393261409,14540,7184469.0,35546.0
390,394406,248,"Bowling Green, KY",msa,KY,2018,0.2128229185377264,0.2201681793127681,14540,7130833.0,36005.0
391,394406,248,"Bowling Green, KY",msa,KY,2019,0.2012335291018831,0.2155119882166049,14540,7728821.0,37501.0
392,394406,248,"Bowling Green, KY",msa,KY,2020,0.1903614022343785,0.2123615741244726,14540,7897041.0,40383.0
393,394406,248,"Bowling Green, KY",msa,KY,2021,0.3301469539206868,0.2190081311388275,14540,8773172.0,44199.0
394,394406,248,"Bowling Green, KY",msa,KY,2022,0.4428825252301748,0.2342376887092986,14540,9070906.0,44878.0
395,394406,248,"Bowling Green, KY",msa,KY,2023,0.4502743951261005,0.2387682785797407,14540,9604760.0,47028.0
396,394412,181,"Bremerton, WA",msa,WA,2015,0.261398236465701,0.2003768101634229,14740,11350017.0,47769.0
397,394412,181,"Bremerton, WA",msa,WA,2016,0.2663736024672753,0.2069132535772747,14740,11929682.0,49370.0
398,394412,181,"Bremerton, WA",msa,WA,2017,0.2908061265273805,0.213501619333815,14740,11972570.0,51361.0
399,394412,181,"Bremerton, WA",msa,WA,2018,0.3099447892949679,0.2183183183503894,14740,12262750.0,53958.0
400,394412,181,"Bremerton, WA",msa,WA,2019,0.3016022644205272,0.2299263683907742,14740,12386984.0,57692.0
401,394412,181,"Bremerton, WA",msa,WA,2020,0.2967899049882472,0.229088889103031,14740,12764681.0,62337.0
402,394412,181,"Bremerton, WA",msa,WA,2021,0.3209354286864108,0.2446965323973215,14740,13134581.0,66369.0
403,394412,181,"Bremerton, WA",msa,WA,2022,0.4120984281075299,0.2483537766976855,14740,13674158.0,68389.0
404,394412,181,"Bremerton, WA",msa,WA,2023,0.4185585324090295,0.2291063078798389,14740,14063625.0,73841.0
405,394415,60,"Bridgeport, CT",msa,CT,2015,0.3251527325561403,0.2302090529717802,14860,91961269.0,101229.0
406,394415,60,"Bridgeport, CT",msa,CT,2016,0.3177259346227368,0.2309914824052946,14860,90009826.0,103697.0
407,394415,60,"Bridgeport, CT",msa,CT,2017,0.3254436534674015,0.2335402443091778,14860,91838477.0,106958.0
408,394415,60,"Bridgeport, CT",msa,CT,2018,0.3370234283781844,0.2373216147963269,14860,90874828.0,112885.0
409,394415,60,"Bridgeport, CT",msa,CT,2019,0.3132461790414762,0.2395545035875837,14860,89153575.0,113656.0
410,394415,60,"Bridgeport, CT",msa,CT,2020,0.2904850739551405,0.2431527099809168,14860,84666390.0,113480.0
411,394415,60,"Bridgeport, CT",msa,CT,2021,0.3096387016525707,0.2574534080069936,14860,88205453.0,121905.0
412,394415,60,"Bridgeport, CT",msa,CT,2022,0.3891309007563883,0.2717857874569232,14860,93195709.0,130214.0
413,394415,60,"Bridgeport, CT",msa,CT,2023,0.4381160881051902,0.2712200324700493,14860,96598373.0,139006.0
414,394421,130,"Brownsville, TX",msa,TX,2015,0.2503774653608872,0.263607030682797,15180,10614309.0,26745.0
415,394421,130,"Brownsville, TX",msa,TX,2016,0.2422024312987468,0.2934708160971507,15180,10836357.0,27375.0
416,394421,130,"Brownsville, TX",msa,TX,2017,0.248939690336827,0.2877901812276844,15180,10734203.0,27739.0
417,394421,130,"Brownsville, TX",msa,TX,2018,0.2559366217593259,0.2844099411531846,15180,10950425.0,28931.0
418,394421,130,"Brownsville, TX",msa,TX,2019,0.232850681168789,0.2759475251089768,15180,11292095.0,30204.0
419,394421,130,"Brownsville, TX",msa,TX,2020,0.242244439914152,0.2695952854313785,15180,10945000.0,33559.0
420,394421,130,"Brownsville, TX",msa,TX,2021,0.2506712534757341,0.271722620597388,15180,11705625.0,38105.0
421,394421,130,"Brownsville, TX",msa,TX,2022,0.2783534633545239,0.2842271699834647,15180,12312985.0,36934.0
422,394421,130,"Brownsville, TX",msa,TX,2023,0.3096909047031289,0.2924246640057662,15180,12543033.0,38523.0
423,394423,360,"Brunswick, GA",msa,GA,2015,0.2165842783342925,0.1751838785505948,15260,4485880.0,37912.0
424,394423,360,"Brunswick, GA",msa,GA,2016,0.2229324989010521,0.1767781369025469,15260,4432946.0,38666.0
425,394423,360,"Brunswick, GA",msa,GA,2017,0.2264609842259612,0.1743972617442914,15260,4534646.0,40562.0
426,394423,360,"Brunswick, GA",msa,GA,2018,0.2372050935082843,0.171943168852235,15260,4697516.0,43057.0
427,394423,360,"Brunswick, GA",msa,GA,2019,0.2298068495274797,0.1652624829926932,15260,4598908.0,44160.0
428,394423,360,"Brunswick, GA",msa,GA,2020,0.2244871682327296,0.1656399084604417,15260,4494407.0,48674.0
429,394423,360,"Brunswick, GA",msa,GA,2021,0.2352371144728677,0.1892459032768872,15260,4813354.0,53262.0
430,394423,360,"Brunswick, GA",msa,GA,2022,0.3067813776490002,0.3229183369481899,15260,4992291.0,54933.0
431,394423,360,"Brunswick, GA",msa,GA,2023,0.3232132811838283,0.3014597179418622,15260,5049466.0,57595.0
432,394425,50,"Buffalo, NY",msa,NY,2015,0.2096979475959546,0.184366119357356,15380,66107305.0,43592.0
433,394425,50,"Buffalo, NY",msa,NY,2016,0.1674476665060466,0.1835092474883928,15380,66778507.0,44386.0
434,394425,50,"Buffalo, NY",msa,NY,2017,0.2111975316065744,0.1864873689935263,15380,66331075.0,46465.0
435,394425,50,"Buffalo, NY",msa,NY,2018,0.2227638602406272,0.1859052617738725,15380,66983121.0,47516.0
436,394425,50,"Buffalo, NY",msa,NY,2019,0.2118278153322219,0.1897190579921414,15380,68498782.0,49460.0
437,394425,50,"Buffalo, NY",msa,NY,2020,0.2028732720108813,0.192462937343265,15380,67308790.0,54269.0
438,394425,50,"Buffalo, NY",msa,NY,2021,0.2100057374833714,0.1986263349167466,15380,69941235.0,56855.0
439,394425,50,"Buffalo, NY",msa,NY,2022,0.2660886465587196,0.2070137453461575,15380,70940179.0,57503.0
440,394425,50,"Buffalo, NY",msa,NY,2023,0.299896491376147,0.2116850851601987,15380,72895707.0,61106.0
441,394428,260,"Burlington, NC",msa,NC,2015,0.1898812250896634,0.2145125047043957,15500,5938900.0,36231.0
442,394428,260,"Burlington, NC",msa,NC,2016,0.1910773503682223,0.1806510257417172,15500,6187138.0,36898.0
443,394428,260,"Burlington, NC",msa,NC,2017,0.1899899000081258,0.1789940510196876,15500,6087842.0,37908.0
444,394428,260,"Burlington, NC",msa,NC,2018,0.1935784519650628,0.1771509458821418,15500,6124774.0,39317.0
445,394428,260,"Burlington, NC",msa,NC,2019,0.1901576086674795,0.1846831481606971,15500,6281006.0,41186.0
446,394428,260,"Burlington, NC",msa,NC,2020,0.1785500689316883,0.1864347954776576,15500,6301602.0,44125.0
447,394428,260,"Burlington, NC",msa,NC,2021,0.1972262721066781,0.2104019064637401,15500,6707229.0,48449.0
448,394428,260,"Burlington, NC",msa,NC,2022,0.2651501698979313,0.223812121060838,15500,6698108.0,49338.0
449,394428,260,"Burlington, NC",msa,NC,2023,0.3050478196425428,0.2246514615987545,15500,6882150.0,51405.0
450,394429,206,"Burlington, VT",msa,VT,2015,0.2842102470951366,0.2121732204734527,15540,13087175.0,51594.0
451,394429,206,"Burlington, VT",msa,VT,2016,0.2816394101315236,0.2284494170942499,15540,13381268.0,52634.0
452,394429,206,"Burlington, VT",msa,VT,2017,0.3168983720895404,0.2593415475303789,15540,13704166.0,53858.0
453,394429,206,"Burlington, VT",msa,VT,2018,0.290205499166234,0.2575226499295365,15540,13933008.0,55455.0
454,394429,206,"Burlington, VT",msa,VT,2019,0.2909869552101824,0.2505738160515798,15540,14221578.0,58201.0
455,394429,206,"Burlington, VT",msa,VT,2020,0.2682130725889274,0.2474761718543936,15540,13648715.0,61330.0
456,394429,206,"Burlington, VT",msa,VT,2021,0.2876524380599918,0.2529080443360049,15540,14510950.0,64575.0
457,394429,206,"Burlington, VT",msa,VT,2022,0.3938651781641399,0.2643973359073275,15540,15054519.0,68465.0
458,394429,206,"Burlington, VT",msa,VT,2023,0.4042706961652825,0.2616573982753276,15540,15344460.0,71933.0
459,394439,137,"Canton, OH",msa,OH,2015,0.1616306782394005,0.158432670759282,15940,18256475.0,40713.0
460,394439,137,"Canton, OH",msa,OH,2016,0.1634777108651647,0.1568549706415543,15940,17986995.0,40670.0
461,394439,137,"Canton, OH",msa,OH,2017,0.1704090853687846,0.1598545373080246,15940,18122356.0,42242.0
462,394439,137,"Canton, OH",msa,OH,2018,0.1813327287666387,0.1591306885823654,15940,17881022.0,43621.0
463,394439,137,"Canton, OH",msa,OH,2019,0.1731172077151348,0.1590216100142281,15940,18166052.0,45058.0
464,394439,137,"Canton, OH",msa,OH,2020,0.1627708867718365,0.1603562532531328,15940,17148643.0,48465.0
465,394439,137,"Canton, OH",msa,OH,2021,0.1700851251643926,0.1653227326331768,15940,18284744.0,52884.0
466,394439,137,"Canton, OH",msa,OH,2022,0.212880268367296,0.1780580526770843,15940,18303068.0,53757.0
467,394439,137,"Canton, OH",msa,OH,2023,0.2426036210954656,0.1870375392641849,15940,19188526.0,56549.0
468,394440,78,"Cape Coral, FL",msa,FL,2015,0.2611945913772144,0.251433226097095,15980,28932150.0,46699.0
469,394440,78,"Cape Coral, FL",msa,FL,2016,0.2736886230176734,0.2632873789614309,15980,31102740.0,48712.0
470,394440,78,"Cape Coral, FL",msa,FL,2017,0.2826521392789609,0.26768603440079,15980,31283529.0,50829.0
471,394440,78,"Cape Coral, FL",msa,FL,2018,0.2868342112836655,0.2660784486345114,15980,32564768.0,53089.0
472,394440,78,"Cape Coral, FL",msa,FL,2019,0.2622648539050248,0.2584118606040866,15980,33346800.0,55393.0
473,394440,78,"Cape Coral, FL",msa,FL,2020,0.2414114632379493,0.2573556875074292,15980,33175327.0,58641.0
474,394440,78,"Cape Coral, FL",msa,FL,2021,0.2611379137844112,0.2875809013808378,15980,35989626.0,61275.0
475,394440,78,"Cape Coral, FL",msa,FL,2022,0.3940731764800653,0.3422970208615208,15980,38800253.0,61510.0
476,394440,78,"Cape Coral, FL",msa,FL,2023,0.4527400290820084,0.3596899983541707,15980,40416750.0,65878.0
477,394441,405,"Cape Girardeau, MO",msa,MO,2015,0.184497036955084,0.2052057079103579,16020,4353292.0,38603.0
478,394441,405,"Cape Girardeau, MO",msa,MO,2016,0.1844294949143758,0.2158924520865716,16020,4370665.0,39509.0
479,394441,405,"Cape Girardeau, MO",msa,MO,2017,0.1953223658591143,0.2138715684143186,16020,4326578.0,40493.0
480,394441,405,"Cape Girardeau, MO",msa,MO,2018,0.205702762285788,0.2084096011796049,16020,4420708.0,42081.0
481,394441,405,"Cape Girardeau, MO",msa,MO,2019,0.1904818399293492,0.209486517044191,16020,4429158.0,42516.0
482,394441,405,"Cape Girardeau, MO",msa,MO,2020,0.1735022414449632,0.2142227846314673,16020,4273964.0,45800.0
483,394441,405,"Cape Girardeau, MO",msa,MO,2021,0.1772448015129878,0.2170387693856418,16020,4428386.0,48290.0
484,394441,405,"Cape Girardeau, MO",msa,MO,2022,0.2262254466136061,0.1761524898406962,16020,4470011.0,50322.0
485,394441,405,"Cape Girardeau, MO",msa,MO,2023,0.24451149445293,0.1476641601382518,16020,4591465.0,53822.0
486,394442,321,"Carbondale, IL",msa,IL,2015,0.1884435074869717,0.2279901243118348,16060,5631998.0,37261.0
487,394442,321,"Carbondale, IL",msa,IL,2016,0.1802192938158233,0.236848955623752,16060,5597734.0,37712.0
488,394442,321,"Carbondale, IL",msa,IL,2017,0.1905525140516036,0.2214502356479374,16060,5592572.0,39006.0
489,394442,321,"Carbondale, IL",msa,IL,2018,0.2021095281244195,0.1747145386185495,16060,5744517.0,40470.0
490,394442,321,"Carbondale, IL",msa,IL,2019,0.1858736835408412,0.1657144393761454,16060,5733991.0,41899.0
491,394442,321,"Carbondale, IL",msa,IL,2020,0.1754236792639411,0.1660415876502387,16060,5480623.0,45277.0
492,394442,321,"Carbondale, IL",msa,IL,2021,0.1692676191525807,0.1656066676095332,16060,5586036.0,48705.0
493,394442,321,"Carbondale, IL",msa,IL,2022,0.2084013041449502,0.1697987363609784,16060,5804734.0,49337.0
494,394442,321,"Carbondale, IL",msa,IL,2023,0.2327686183232369,0.1788221885347768,16060,5907787.0,51949.0
495,394444,551,"Carson City, NV",msa,NV,2015,0.2568077600721185,0.2600821366044489,16180,3203642.0,43171.0
496,394444,551,"Carson City, NV",msa,NV,2016,0.270578858530671,0.1760347446520297,16180,3186662.0,42960.0
497,394444,551,"Carson City, NV",msa,NV,2017,0.2903197952865632,0.1614451551992232,16180,3397457.0,45721.0
498,394444,551,"Carson City, NV",msa,NV,2018,0.3239588558249431,0.1593592033077201,16180,3474293.0,48000.0
499,394444,551,"Carson City, NV",msa,NV,2019,0.3246104239741498,0.1642869827928802,16180,3698674.0,49979.0
500,394444,551,"Carson City, NV",msa,NV,2020,0.2999955360759356,0.1698621670956855,16180,3513975.0,55770.0
501,394444,551,"Carson City, NV",msa,NV,2021,0.3483730276555554,0.1734217933068721,16180,3610859.0,59320.0
502,394444,551,"Carson City, NV",msa,NV,2022,0.4395634391447383,0.247608460423511,16180,3706297.0,59966.0
503,394444,551,"Carson City, NV",msa,NV,2023,0.4440721366077704,0.2853828211100334,16180,3836985.0,63498.0
504,394445,454,"Casper, WY",msa,WY,2015,0.2224100775381232,0.2600821366044489,16220,6263754.0,69890.0
505,394445,454,"Casper, WY",msa,WY,2016,0.2000501904333393,0.1760347446520297,16220,5663254.0,61137.0
506,394445,454,"Casper, WY",msa,WY,2017,0.2040854657499996,0.1614451551992232,16220,5594566.0,62874.0
507,394445,454,"Casper, WY",msa,WY,2018,0.2067906991285681,0.1593592033077201,16220,5920361.0,67467.0
508,394445,454,"Casper, WY",msa,WY,2019,0.1987420887021524,0.1642869827928802,16220,5705706.0,64535.0
509,394445,454,"Casper, WY",msa,WY,2020,0.1962636768532162,0.1698621670956855,16220,4980782.0,63092.0
510,394445,454,"Casper, WY",msa,WY,2021,0.2053554676742175,0.1734217933068721,16220,4882710.0,67034.0
511,394445,454,"Casper, WY",msa,WY,2022,0.263354471772278,0.1796967227852744,16220,5106091.0,75040.0
512,394445,454,"Casper, WY",msa,WY,2023,0.2986473857730576,0.1822371353055278,16220,5447366.0,79846.0
513,394447,179,"Cedar Rapids, IA",msa,IA,2015,0.1728511923862412,0.1551411223511334,16300,17755538.0,47752.0
514,394447,179,"Cedar Rapids, IA",msa,IA,2016,0.1728478135450457,0.1485045331496517,16300,18301969.0,48538.0
515,394447,179,"Cedar Rapids, IA",msa,IA,2017,0.1759233680415679,0.1469760343335747,16300,18322704.0,49401.0
516,394447,179,"Cedar Rapids, IA",msa,IA,2018,0.1881436435015615,0.1500227319259345,16300,18657739.0,51137.0
517,394447,179,"Cedar Rapids, IA",msa,IA,2019,0.1812834045281067,0.1489546580303806,16300,18295602.0,52106.0
518,394447,179,"Cedar Rapids, IA",msa,IA,2020,0.1707877073628289,0.1492702116804602,16300,17962251.0,54965.0
519,394447,179,"Cedar Rapids, IA",msa,IA,2021,0.173535321531043,0.149208593866396,16300,19172304.0,59415.0
520,394447,179,"Cedar Rapids, IA",msa,IA,2022,0.2177042874046241,0.1525429070555707,16300,18980822.0,61485.0
521,394447,179,"Cedar Rapids, IA",msa,IA,2023,0.2512135161511688,0.1591837500197533,16300,18804085.0,63448.0
522,394453,277,"Chambersburg, PA",msa,PA,2015,0.1681487544890849,0.1603614958462146,16540,5984675.0,41623.0
523,394453,277,"Chambersburg, PA",msa,PA,2016,0.1607615325444638,0.1544190603621184,16540,5839741.0,42101.0
524,394453,277,"Chambersburg, PA",msa,PA,2017,0.1681941080873322,0.1543290467445187,16540,6302357.0,43655.0
525,394453,277,"Chambersburg, PA",msa,PA,2018,0.2182082075863177,0.1566149943335803,16540,6400028.0,45854.0
526,394453,277,"Chambersburg, PA",msa,PA,2019,0.206044808062959,0.1644206040388243,16540,6233679.0,47430.0
527,394453,277,"Chambersburg, PA",msa,PA,2020,0.2096352675740679,0.16741153994625,16540,5935700.0,51092.0
528,394453,277,"Chambersburg, PA",msa,PA,2021,0.2123887534169613,0.1754185092225983,16540,6144441.0,54799.0
529,394453,277,"Chambersburg, PA",msa,PA,2022,0.2578875616681171,0.1787369666226129,16540,6296168.0,56112.0
530,394453,277,"Chambersburg, PA",msa,PA,2023,0.2806178935503998,0.1798052084378648,16540,6348981.0,58380.0
531,394454,209,"Champaign, IL",msa,IL,2015,0.2229414199168939,0.2034356206425659,16580,11949093.0,43870.0
532,394454,209,"Champaign, IL",msa,IL,2016,0.2193449671330991,0.2012463420377184,16580,11661387.0,43372.0
533,394454,209,"Champaign, IL",msa,IL,2017,0.2322164453673928,0.2047301926935182,16580,11567426.0,43974.0
534,394454,209,"Champaign, IL",msa,IL,2018,0.2397447428553006,0.205606979019398,16580,11476322.0,45085.0
535,394454,209,"Champaign, IL",msa,IL,2019,0.215973874679321,0.1976111623328888,16580,11603527.0,46761.0
536,394454,209,"Champaign, IL",msa,IL,2020,0.2007789743463252,0.1940758997319953,16580,11409981.0,50788.0
537,394454,209,"Champaign, IL",msa,IL,2021,0.200689156472682,0.1955371943740878,16580,11844423.0,55044.0
538,394454,209,"Champaign, IL",msa,IL,2022,0.2537415935588049,0.212529373806758,16580,12188764.0,56627.0
539,394454,209,"Champaign, IL",msa,IL,2023,0.2881001308162197,0.2224119978879505,16580,12595022.0,59680.0
540,394455,192,"Charleston, WV",msa,WV,2015,0.1506034868499469,0.1842985967429579,16620,13156281.0,39873.0
541,394455,192,"Charleston, WV",msa,WV,2016,0.1518008859847807,0.1868036567001482,16620,13018494.0,39724.0
542,394455,192,"Charleston, WV",msa,WV,2017,0.1596606638889219,0.19595199647784,16620,12811681.0,40991.0
543,394455,192,"Charleston, WV",msa,WV,2018,0.1631885939306891,0.1934171874973065,16620,13532732.0,43437.0
544,394455,192,"Charleston, WV",msa,WV,2019,0.1523875434330596,0.1887394369509417,16620,12903155.0,44794.0
545,394455,192,"Charleston, WV",msa,WV,2020,0.2048178878901531,0.1793860586797116,16620,12089787.0,47451.0
546,394455,192,"Charleston, WV",msa,WV,2021,0.1350393789127773,0.1769192230390688,16620,12435269.0,51076.0
547,394455,192,"Charleston, WV",msa,WV,2022,0.1649718627579085,0.1787552608237808,16620,12655196.0,53023.0
548,394455,192,"Charleston, WV",msa,WV,2023,0.1942292522407761,0.1817036912305575,16620,13262397.0,56140.0
549,394457,75,"Charleston, SC",msa,SC,2015,0.2468746080145657,0.238419067342999,16700,38721560.0,45666.0
550,394457,75,"Charleston, SC",msa,SC,2016,0.2493776178855173,0.2406654790078369,16700,40907200.0,47234.0
551,394457,75,"Charleston, SC",msa,SC,2017,0.2605933517591025,0.2413652555341378,16700,41712863.0,49183.0
552,394457,75,"Charleston, SC",msa,SC,2018,0.2701141070308959,0.2340096048886595,16700,43397855.0,51035.0
553,394457,75,"Charleston, SC",msa,SC,2019,0.2503964607489535,0.2323304275235178,16700,45465246.0,54545.0
554,394457,75,"Charleston, SC",msa,SC,2020,0.2312839312641282,0.229158175770392,16700,44235580.0,56685.0
555,394457,75,"Charleston, SC",msa,SC,2021,0.2533233691799546,0.2444406122629293,16700,46616368.0,61901.0
556,394457,75,"Charleston, SC",msa,SC,2022,0.3331606858795939,0.2623870423001603,16700,49580900.0,64567.0
557,394457,75,"Charleston, SC",msa,SC,2023,0.3662784892188496,0.2629220833872484,16700,52146005.0,68486.0
558,394458,23,"Charlotte, NC",msa,NC,2015,0.1992065037697956,0.2258894585333423,16740,157396338.0,46427.0
559,394458,23,"Charlotte, NC",msa,NC,2016,0.1998203730483762,0.22677500371587,16740,162168834.0,47749.0
560,394458,23,"Charlotte, NC",msa,NC,2017,0.2114203872180781,0.2297198899540378,16740,168119917.0,50027.0
561,394458,23,"Charlotte, NC",msa,NC,2018,0.2343462121664471,0.2364924707708822,16740,171575711.0,52075.0
562,394458,23,"Charlotte, NC",msa,NC,2019,0.2279047343988898,0.2385180761933841,16740,177471126.0,54534.0
563,394458,23,"Charlotte, NC",msa,NC,2020,0.2154058411398326,0.2359478662253149,16740,179136966.0,58135.0
564,394458,23,"Charlotte, NC",msa,NC,2021,0.2345438503404317,0.2501845443584187,16740,190543299.0,63408.0
565,394458,23,"Charlotte, NC",msa,NC,2022,0.3228681766125345,0.2664333926469781,16740,197347279.0,66223.0
566,394458,23,"Charlotte, NC",msa,NC,2023,0.3606251936738238,0.2651128998144087,16740,206547241.0,69588.0
567,394459,212,"Charlottesville, VA",msa,VA,2015,0.2544576869348293,0.2235127768166945,16820,12537748.0,55160.0
568,394459,212,"Charlottesville, VA",msa,VA,2016,0.250324020150183,0.2222483672638271,16820,12712697.0,57656.0
569,394459,212,"Charlottesville, VA",msa,VA,2017,0.2441039578752795,0.2238921682712219,16820,13408130.0,61783.0
570,394459,212,"Charlottesville, VA",msa,VA,2018,0.2680257340410123,0.220288058262844,16820,13679393.0,64886.0
571,394459,212,"Charlottesville, VA",msa,VA,2019,0.2568764010144936,0.2220377917180723,16820,13717647.0,67653.0
572,394459,212,"Charlottesville, VA",msa,VA,2020,0.238494785385378,0.2209115185779349,16820,13194082.0,68587.0
573,394459,212,"Charlottesville, VA",msa,VA,2021,0.2499223783342995,0.22650939871083,16820,14349161.0,78496.0
574,394459,212,"Charlottesville, VA",msa,VA,2022,0.3155941924318702,0.2323262989166179,16820,14884280.0,84021.0
575,394459,212,"Charlottesville, VA",msa,VA,2023,0.3538370063569165,0.2339181123529047,16820,15505841.0,90472.0
576,394460,102,"Chattanooga, TN",msa,TN,2015,0.2145260296798247,0.2199696693001918,16860,27949582.0,41696.0
577,394460,102,"Chattanooga, TN",msa,TN,2016,0.2155128335616024,0.2234215155685624,16860,28558972.0,42437.0
578,394460,102,"Chattanooga, TN",msa,TN,2017,0.2223911534498289,0.2209969079898612,16860,29616001.0,44176.0
579,394460,102,"Chattanooga, TN",msa,TN,2018,0.2204170698942973,0.2208950864408689,16860,29878030.0,45844.0
580,394460,102,"Chattanooga, TN",msa,TN,2019,0.2108419389488741,0.2222259055482295,16860,30392786.0,47669.0
581,394460,102,"Chattanooga, TN",msa,TN,2020,0.2013580498431629,0.225336862300136,16860,30479579.0,50292.0
582,394460,102,"Chattanooga, TN",msa,TN,2021,0.2081391613313093,0.2340493535177179,16860,32493348.0,53797.0
583,394460,102,"Chattanooga, TN",msa,TN,2022,0.2790425741265809,0.2516329960238544,16860,34149107.0,56016.0
584,394460,102,"Chattanooga, TN",msa,TN,2023,0.3196645396337587,0.2571969674493145,16860,34125981.0,58813.0
585,394462,391,"Cheyenne, WY",msa,WY,2015,0.2500187821973708,0.1817201054580538,16940,5507020.0,49560.0
586,394462,391,"Cheyenne, WY",msa,WY,2016,0.249971775261447,0.1818854732177373,16940,5376004.0,48054.0
587,394462,391,"Cheyenne, WY",msa,WY,2017,0.261244323806617,0.178880061044497,16940,5428708.0,49348.0
588,394462,391,"Cheyenne, WY",msa,WY,2018,0.2724386179244774,0.1745926305400706,16940,5727043.0,51951.0
589,394462,391,"Cheyenne, WY",msa,WY,2019,0.2642225292756893,0.1748432530426852,16940,5990637.0,52555.0
590,394462,391,"Cheyenne, WY",msa,WY,2020,0.2682698361661105,0.1831456558264625,16940,5699206.0,55487.0
591,394462,391,"Cheyenne, WY",msa,WY,2021,0.2755860598446217,0.1945902811887438,16940,6034707.0,60073.0
592,394462,391,"Cheyenne, WY",msa,WY,2022,0.3408757888669099,0.1980890947074172,16940,6005376.0,60874.0
593,394462,391,"Cheyenne, WY",msa,WY,2023,0.3737148566691253,0.1971681560079247,16940,6478574.0,65150.0
594,394463,3,"Chicago, IL",msa,IL,2015,0.240470269663216,0.2581720619430965,16980,659877954.0,54367.0
595,394463,3,"Chicago, IL",msa,IL,2016,0.240235569969144,0.2563977703349932,16980,665040292.0,55036.0
596,394463,3,"Chicago, IL",msa,IL,2017,0.245969912981997,0.2532259048271146,16980,674568186.0,56973.0
597,394463,3,"Chicago, IL",msa,IL,2018,0.2543501840745118,0.248007229495681,16980,691185754.0,60423.0
598,394463,3,"Chicago, IL",msa,IL,2019,0.241162505000742,0.2460147137334704,16980,697507917.0,62232.0
599,394463,3,"Chicago, IL",msa,IL,2020,0.2257360105946324,0.2396973411899094,16980,659584289.0,65871.0
600,394463,3,"Chicago, IL",msa,IL,2021,0.2332164480195718,0.2397069315263371,16980,698046890.0,71206.0
601,394463,3,"Chicago, IL",msa,IL,2022,0.285836521932072,0.2499519082952822,16980,715646145.0,73317.0
602,394463,3,"Chicago, IL",msa,IL,2023,0.3127591093660851,0.2559816506596999,16980,725745075.0,77429.0
603,394464,215,"Chico, CA",msa,CA,2015,0.3317135908162924,0.2655420439373184,17020,8282989.0,39347.0
604,394464,215,"Chico, CA",msa,CA,2016,0.3330796234701853,0.2670179517113458,17020,8845128.0,40653.0
605,394464,215,"Chico, CA",msa,CA,2017,0.3541276009227627,0.2709006995631073,17020,9181452.0,41568.0
606,394464,215,"Chico, CA",msa,CA,2018,0.3610891320892938,0.2610201765345708,17020,9272932.0,42612.0
607,394464,215,"Chico, CA",msa,CA,2019,0.3645006046870846,0.2767418811810123,17020,9457300.0,45912.0
608,394464,215,"Chico, CA",msa,CA,2020,0.3335903281471582,0.2666990653287376,17020,8910788.0,51323.0
609,394464,215,"Chico, CA",msa,CA,2021,0.3522495928556692,0.2743588899605561,17020,9129906.0,55937.0
610,394464,215,"Chico, CA",msa,CA,2022,0.4597460570615748,0.2853102068995501,17020,9027053.0,53962.0
611,394464,215,"Chico, CA",msa,CA,2023,0.4943931183596291,0.2903366363302134,17020,9278380.0,56847.0
612,394466,28,"Cincinnati, OH",msa,OH,2015,0.1853339200432036,0.1867822775850046,17140,135932807.0,47901.0
613,394466,28,"Cincinnati, OH",msa,OH,2016,0.1853211972447813,0.1867555080913535,17140,140899281.0,49234.0
614,394466,28,"Cincinnati, OH",msa,OH,2017,0.1908802512593174,0.1893247838834196,17140,145242197.0,51043.0
615,394466,28,"Cincinnati, OH",msa,OH,2018,0.2050577848208325,0.1946349436161431,17140,145312363.0,52889.0
616,394466,28,"Cincinnati, OH",msa,OH,2019,0.2000473606464668,0.1983657625042948,17140,152322725.0,55282.0
617,394466,28,"Cincinnati, OH",msa,OH,2020,0.1924598528704616,0.2007719781035443,17140,149524299.0,58736.0
618,394466,28,"Cincinnati, OH",msa,OH,2021,0.2052452896947119,0.2084433994150346,17140,155946868.0,63980.0
619,394466,28,"Cincinnati, OH",msa,OH,2022,0.259405995595431,0.2197423806385543,17140,157438682.0,65267.0
620,394466,28,"Cincinnati, OH",msa,OH,2023,0.2973568505346246,0.2266914469839046,17140,160107599.0,68560.0
621,394471,163,"Clarksville, TN",msa,TN,2015,0.1999988278697745,0.2068973217517906,17300,12437179.0,38093.0
622,394471,163,"Clarksville, TN",msa,TN,2016,0.1901155005804679,0.1961607154366005,17300,12308003.0,38396.0
623,394471,163,"Clarksville, TN",msa,TN,2017,0.1869548243226726,0.1937838005427381,17300,12303121.0,39063.0
624,394471,163,"Clarksville, TN",msa,TN,2018,0.2156413497293759,0.2064060944127689,17300,12435834.0,39710.0
625,394471,163,"Clarksville, TN",msa,TN,2019,0.2097885822252757,0.2141610561494927,17300,12682284.0,41100.0
626,394471,163,"Clarksville, TN",msa,TN,2020,0.2027120577788385,0.2172126704484064,17300,12860239.0,44568.0
627,394471,163,"Clarksville, TN",msa,TN,2021,0.2057321215673336,0.2291067370865207,17300,13624295.0,48414.0
628,394471,163,"Clarksville, TN",msa,TN,2022,0.2788366700984157,0.2366298915940301,17300,13909230.0,48814.0
629,394471,163,"Clarksville, TN",msa,TN,2023,0.3066905441117747,0.2279663100216067,17300,14176925.0,51007.0
630,394474,334,"Cleveland, TN",msa,TN,2015,0.2046082434337865,0.1681215367434758,17420,4816467.0,35623.0
631,394474,334,"Cleveland, TN",msa,TN,2016,0.2019830171575892,0.1646891852690385,17420,4661416.0,36029.0
632,394474,334,"Cleveland, TN",msa,TN,2017,0.2102454896428963,0.1673066549284686,17420,4678425.0,36688.0
633,394474,334,"Cleveland, TN",msa,TN,2018,0.2210744073223303,0.1685231258842443,17420,4720435.0,38040.0
634,394474,334,"Cleveland, TN",msa,TN,2019,0.2155974787771653,0.1694336732729292,17420,4729021.0,39136.0
635,394474,334,"Cleveland, TN",msa,TN,2020,0.2056521243648611,0.1832670295416913,17420,4889249.0,42060.0
636,394474,334,"Cleveland, TN",msa,TN,2021,0.2139940304077072,0.2367574979298589,17420,5207665.0,45751.0
637,394474,334,"Cleveland, TN",msa,TN,2022,0.2874367326960204,0.2632153226897005,17420,5352003.0,47189.0
638,394474,334,"Cleveland, TN",msa,TN,2023,0.3332308083315347,0.27421225162919,17420,5277522.0,48971.0
639,394475,35,"Cleveland, OH",msa,OH,2015,0.1891781316417188,0.1947767941796343,17460,125505372.0,47630.0
640,394475,35,"Cleveland, OH",msa,OH,2016,0.1903224692476166,0.1955970583496707,17460,125683811.0,48744.0
641,394475,35,"Cleveland, OH",msa,OH,2017,0.1975497409619548,0.1947280624685095,17460,128644607.0,50407.0
642,394475,35,"Cleveland, OH",msa,OH,2018,0.208386493912065,0.1953201970580931,17460,130644968.0,52254.0
643,394475,35,"Cleveland, OH",msa,OH,2019,0.20277413150803,0.1956123817910232,17460,134024850.0,54067.0
644,394475,35,"Cleveland, OH",msa,OH,2020,0.1888546159324095,0.1989525488005432,17460,129151174.0,56929.0
645,394475,35,"Cleveland, OH",msa,OH,2021,0.1969622932176802,0.2052501794192422,17460,136260848.0,62011.0
646,394475,35,"Cleveland, OH",msa,OH,2022,0.241903288138699,0.2141024772889215,17460,139139469.0,63830.0
647,394475,35,"Cleveland, OH",msa,OH,2023,0.2713553845837328,0.2175543471304673,17460,139934845.0,67451.0
648,394480,262,"Coeur d'Alene, ID",msa,ID,2015,0.2581532264005137,0.1959245483163882,17660,5585758.0,39979.0
649,394480,262,"Coeur d'Alene, ID",msa,ID,2016,0.2579034214192466,0.1884941249375499,17660,5857522.0,40862.0
650,394480,262,"Coeur d'Alene, ID",msa,ID,2017,0.2804835580538874,0.2169464248828618,17660,6045951.0,42542.0
651,394480,262,"Coeur d'Alene, ID",msa,ID,2018,0.308397887889803,0.2206905290905027,17660,6422914.0,44794.0
652,394480,262,"Coeur d'Alene, ID",msa,ID,2019,0.3001365781765945,0.2236572318755361,17660,6559142.0,47798.0
653,394480,262,"Coeur d'Alene, ID",msa,ID,2020,0.2940726602764891,0.2281388388064904,17660,6875753.0,51552.0
654,394480,262,"Coeur d'Alene, ID",msa,ID,2021,0.3487688304329073,0.2684430835997397,17660,7792848.0,58725.0
655,394480,262,"Coeur d'Alene, ID",msa,ID,2022,0.4895463706820399,0.2854024089294458,17660,7949586.0,59973.0
656,394480,262,"Coeur d'Alene, ID",msa,ID,2023,0.5450173467197287,0.2777358129773971,17660,8343499.0,63893.0
657,394483,189,"College Station, TX",msa,TX,2015,0.3171078145039174,0.3606983227143207,17780,12289486.0,36336.0
658,394483,189,"College Station, TX",msa,TX,2016,0.3239746049642161,0.3646853165327434,17780,12258617.0,36139.0
659,394483,189,"College Station, TX",msa,TX,2017,0.3520677944120957,0.3628067286286969,17780,12461621.0,37862.0
660,394483,189,"College Station, TX",msa,TX,2018,0.343141762894377,0.3322503668282252,17780,12996849.0,40522.0
661,394483,189,"College Station, TX",msa,TX,2019,0.3254882907174929,0.3237349318475977,17780,13578107.0,41695.0
662,394483,189,"College Station, TX",msa,TX,2020,0.2679558542695874,0.3314629230363438,17780,13547406.0,44068.0
663,394483,189,"College Station, TX",msa,TX,2021,0.3079114277392137,0.3394232810074566,17780,14172011.0,48850.0
664,394483,189,"College Station, TX",msa,TX,2022,0.4035265579608044,0.3678396404038563,17780,14738828.0,48638.0
665,394483,189,"College Station, TX",msa,TX,2023,0.4605789475162187,0.3957266334440101,17780,15835087.0,51507.0
666,394484,80,"Colorado Springs, CO",msa,CO,2015,0.2235195667936794,0.2056789087838149,17820,33030724.0,44222.0
667,394484,80,"Colorado Springs, CO",msa,CO,2016,0.2296096751350909,0.2113253467147069,17820,33678769.0,44599.0
668,394484,80,"Colorado Springs, CO",msa,CO,2017,0.2466327547091728,0.2184662283958712,17820,35086959.0,46245.0
669,394484,80,"Colorado Springs, CO",msa,CO,2018,0.2683987229615706,0.2216629064887769,17820,36241661.0,48074.0
670,394484,80,"Colorado Springs, CO",msa,CO,2019,0.2628011692100676,0.2261674838229605,17820,37747245.0,50605.0
671,394484,80,"Colorado Springs, CO",msa,CO,2020,0.2481173195497393,0.2266371257000935,17820,38831974.0,54476.0
672,394484,80,"Colorado Springs, CO",msa,CO,2021,0.2656581093134146,0.2418594367932595,17820,41068781.0,59608.0
673,394484,80,"Colorado Springs, CO",msa,CO,2022,0.3555806619643102,0.2457811280975485,17820,41758388.0,62021.0
674,394484,80,"Colorado Springs, CO",msa,CO,2023,0.3675134233181489,0.2353012632520253,17820,43615080.0,65775.0
675,394485,219,"Columbia, MO",msa,MO,2015,0.217039645165333,0.1690995931421835,17860,9687536.0,42243.0
676,394485,219,"Columbia, MO",msa,MO,2016,0.2164973473636576,0.1685758311101284,17860,9721711.0,42820.0
677,394485,219,"Columbia, MO",msa,MO,2017,0.2270105731682903,0.166425682061867,17860,9957674.0,44126.0
678,394485,219,"Columbia, MO",msa,MO,2018,0.2349493669321975,0.1644583040195748,17860,10019553.0,44861.0
679,394485,219,"Columbia, MO",msa,MO,2019,0.2177597868728644,0.1585594162876895,17860,10422926.0,47505.0
680,394485,219,"Columbia, MO",msa,MO,2020,0.2061962118880076,0.1568784718861639,17860,10116869.0,50036.0
681,394485,219,"Columbia, MO",msa,MO,2021,0.2212423070436402,0.1649540278452474,17860,10632228.0,53874.0
682,394485,219,"Columbia, MO",msa,MO,2022,0.2842762143024591,0.1757436111846918,17860,10683113.0,55928.0
683,394485,219,"Columbia, MO",msa,MO,2023,0.3179823246901412,0.1830497256627651,17860,10986158.0,59338.0
684,394486,72,"Columbia, SC",msa,SC,2015,0.1686980101158961,0.2168143929778788,17900,39706657.0,41232.0
685,394486,72,"Columbia, SC",msa,SC,2016,0.1681441805927073,0.2172066759848207,17900,40874852.0,42053.0
686,394486,72,"Columbia, SC",msa,SC,2017,0.1772430245778521,0.221344307277576,17900,41010232.0,43746.0
687,394486,72,"Columbia, SC",msa,SC,2018,0.1878926883585938,0.2257301501186159,17900,41651691.0,44700.0
688,394486,72,"Columbia, SC",msa,SC,2019,0.1855805612723991,0.2293976510952725,17900,42659069.0,46720.0
689,394486,72,"Columbia, SC",msa,SC,2020,0.1786619966162858,0.2344839415091132,17900,42232166.0,49506.0
690,394486,72,"Columbia, SC",msa,SC,2021,0.1835332212871742,0.2471361152436386,17900,44617948.0,54066.0
691,394486,72,"Columbia, SC",msa,SC,2022,0.2449242750247489,0.2615430896894756,17900,45509079.0,54683.0
692,394486,72,"Columbia, SC",msa,SC,2023,0.269640363480666,0.2624680423718036,17900,47035935.0,57976.0
693,394488,158,"Columbus, GA",msa,GA,2015,0.168330116978189,0.2112503758458088,17980,14585914.0,36234.0
694,394488,158,"Columbus, GA",msa,GA,2016,0.1679637977426346,0.2111931029243627,17980,14420989.0,37131.0
695,394488,158,"Columbus, GA",msa,GA,2017,0.1683430249937526,0.201963904905328,17980,14601270.0,38448.0
696,394488,158,"Columbus, GA",msa,GA,2018,0.1664950531560304,0.1885040135311576,17980,14626897.0,39308.0
697,394488,158,"Columbus, GA",msa,GA,2019,0.161300944175209,0.1920554059513453,17980,14914893.0,39994.0
698,394488,158,"Columbus, GA",msa,GA,2020,0.1548614263010571,0.2006225549772061,17980,14782083.0,42868.0
699,394488,158,"Columbus, GA",msa,GA,2021,0.1615230336385074,0.2147884398984804,17980,15001360.0,46669.0
700,394488,158,"Columbus, GA",msa,GA,2022,0.2057791027565178,0.2268339109342848,17980,14657640.0,47512.0
701,394488,158,"Columbus, GA",msa,GA,2023,0.2317666719136122,0.2259078436469824,17980,15038315.0,49717.0
702,394489,445,"Columbus, IN",msa,IN,2015,0.2120253874057843,0.2615711537958878,18020,6413199.0,46951.0
703,394489,445,"Columbus, IN",msa,IN,2016,0.15868472543027,0.2541453814396558,18020,6294125.0,47482.0
704,394489,445,"Columbus, IN",msa,IN,2017,0.1610232223187337,0.2235983232353106,18020,6366981.0,49628.0
705,394489,445,"Columbus, IN",msa,IN,2018,0.1655892189492004,0.1897444316807589,18020,6845733.0,53228.0
706,394489,445,"Columbus, IN",msa,IN,2019,0.1602533398234403,0.1824558105355361,18020,6781714.0,54331.0
707,394489,445,"Columbus, IN",msa,IN,2020,0.1517229562084517,0.1770182201577107,18020,6314353.0,57424.0
708,394489,445,"Columbus, IN",msa,IN,2021,0.1710753154608254,0.1954707687395264,18020,6680182.0,60392.0
709,394489,445,"Columbus, IN",msa,IN,2022,0.2141715056999116,0.1975697633321557,18020,6925539.0,62848.0
710,394489,445,"Columbus, IN",msa,IN,2023,0.2373807752867784,0.1911752360957665,18020,6847408.0,65564.0
711,394492,32,"Columbus, OH",msa,OH,2015,0.1935600594182592,0.1793111041646011,18140,121933562.0,46931.0
712,394492,32,"Columbus, OH",msa,OH,2016,0.1947790600018689,0.1789028843818031,18140,124495529.0,47741.0
713,394492,32,"Columbus, OH",msa,OH,2017,0.2046564900979064,0.1816806418066744,18140,129945459.0,49084.0
714,394492,32,"Columbus, OH",msa,OH,2018,0.2156809446346751,0.1848578550057745,18140,131537720.0,50570.0
715,394492,32,"Columbus, OH",msa,OH,2019,0.213108422736753,0.1885441640414638,18140,135685934.0,52024.0
716,394492,32,"Columbus, OH",msa,OH,2020,0.2063727397762624,0.1898658188423127,18140,134171034.0,55801.0
717,394492,32,"Columbus, OH",msa,OH,2021,0.2179995375670443,0.1974511065719234,18140,143614265.0,60921.0
718,394492,32,"Columbus, OH",msa,OH,2022,0.2786140966337043,0.2062885904218823,18140,145452082.0,62311.0
719,394492,32,"Columbus, OH",msa,OH,2023,0.324840690407015,0.210878631794104,18140,148019731.0,65277.0
720,394502,129,"Corpus Christi, TX",msa,TX,2015,0.2204021545336974,0.2552800237222067,18580,21064766.0,42808.0
721,394502,129,"Corpus Christi, TX",msa,TX,2016,0.228298300632763,0.258190200261459,18580,20490532.0,40823.0
722,394502,129,"Corpus Christi, TX",msa,TX,2017,0.2393936198095236,0.2544555035886909,18580,21073008.0,42867.0
723,394502,129,"Corpus Christi, TX",msa,TX,2018,0.256687988956107,0.2591190089142083,18580,21758642.0,43957.0
724,394502,129,"Corpus Christi, TX",msa,TX,2019,0.2456462054407507,0.2582445154133957,18580,22584927.0,46626.0
725,394502,129,"Corpus Christi, TX",msa,TX,2020,0.2359207068989769,0.2607446533819613,18580,21484861.0,48154.0
726,394502,129,"Corpus Christi, TX",msa,TX,2021,0.2402882222494282,0.2763785594668078,18580,22405889.0,53136.0
727,394502,129,"Corpus Christi, TX",msa,TX,2022,0.2980754471349982,0.2828185801369581,18580,21859811.0,53182.0
728,394502,129,"Corpus Christi, TX",msa,TX,2023,0.3135075355684754,0.2773719233452077,18580,23338535.0,56264.0
729,394505,411,"Corvallis, OR",msa,OR,2015,0.3454159714831029,0.2192970693817404,18700,4006029.0,40054.0
730,394505,411,"Corvallis, OR",msa,OR,2016,0.3456163590063819,0.2362966394078721,18700,4144658.0,41482.0
731,394505,411,"Corvallis, OR",msa,OR,2017,0.3636930471425665,0.2348664728362117,18700,4318847.0,42266.0
732,394505,411,"Corvallis, OR",msa,OR,2018,0.3789304948846408,0.2286997835633255,18700,4519396.0,44708.0
733,394505,411,"Corvallis, OR",msa,OR,2019,0.3621054523673844,0.2302724754450945,18700,4589245.0,46732.0
734,394505,411,"Corvallis, OR",msa,OR,2020,0.3499704296553421,0.2328690619144703,18700,4515038.0,49888.0
735,394505,411,"Corvallis, OR",msa,OR,2021,0.3860249640630434,0.2504800097304663,18700,4715092.0,55284.0
736,394505,411,"Corvallis, OR",msa,OR,2022,0.5054548344054116,0.2675459455959494,18700,4891818.0,56253.0
737,394505,411,"Corvallis, OR",msa,OR,2023,0.5657886916573572,0.2802482200947321,18700,5061341.0,60307.0
738,394513,409,"Cumberland, MD",msa,MD,2015,0.1719578090579001,0.2145999488912795,19060,3691446.0,35891.0
739,394513,409,"Cumberland, MD",msa,MD,2016,0.1573417217592077,0.2294952436341053,19060,3863895.0,37505.0
740,394513,409,"Cumberland, MD",msa,MD,2017,0.1600834322478682,0.2278681713622473,19060,3790007.0,38672.0
741,394513,409,"Cumberland, MD",msa,MD,2018,0.1696120602558394,0.2219363894354186,19060,3852561.0,40296.0
742,394513,409,"Cumberland, MD",msa,MD,2019,0.1621806492986315,0.2233438226447933,19060,3870328.0,41916.0
743,394513,409,"Cumberland, MD",msa,MD,2020,0.1536372775840722,0.2266536361534693,19060,3700452.0,45548.0
744,394513,409,"Cumberland, MD",msa,MD,2021,0.162541123554277,0.2368019102802865,19060,3729696.0,48276.0
745,394513,409,"Cumberland, MD",msa,MD,2022,0.200772936479485,0.2457095407738261,19060,3619571.0,47150.0
746,394513,409,"Cumberland, MD",msa,MD,2023,0.2193229596777289,0.1956354468273436,19060,3519780.0,49268.0
747,394514,4,"Dallas, TX",msa,TX,2015,0.2237514209618893,0.2158734796047262,19100,456229575.0,50829.0
748,394514,4,"Dallas, TX",msa,TX,2016,0.235847894742181,0.2173775005145014,19100,466825711.0,51457.0
749,394514,4,"Dallas, TX",msa,TX,2017,0.2528698763636756,0.2191738792011054,19100,483732021.0,54001.0
750,394514,4,"Dallas, TX",msa,TX,2018,0.2684835828264869,0.2191072268310383,19100,506219605.0,57142.0
751,394514,4,"Dallas, TX",msa,TX,2019,0.2592063379498819,0.2193457552794952,19100,526158780.0,59432.0
752,394514,4,"Dallas, TX",msa,TX,2020,0.2466268269231185,0.2177159971234614,19100,520197747.0,61409.0
753,394514,4,"Dallas, TX",msa,TX,2021,0.2586406557327427,0.2283597587705744,19100,562114928.0,67666.0
754,394514,4,"Dallas, TX",msa,TX,2022,0.3442292883530786,0.2438563479864874,19100,594463828.0,70887.0
755,394514,4,"Dallas, TX",msa,TX,2023,0.3649651261486458,0.2378973439818908,19100,613381002.0,74165.0
756,394515,305,"Dalton, GA",msa,GA,2015,0.1949211438793675,0.2110181615018443,19140,6725058.0,33026.0
757,394515,305,"Dalton, GA",msa,GA,2016,0.1780032740719872,0.2043749066254147,19140,6974782.0,33687.0
758,394515,305,"Dalton, GA",msa,GA,2017,0.1986182326715062,0.2060801549116856,19140,6885582.0,34356.0
759,394515,305,"Dalton, GA",msa,GA,2018,0.2059858636583454,0.2587914337319955,19140,6843613.0,36249.0
760,394515,305,"Dalton, GA",msa,GA,2019,0.1876561296557483,0.2685151186930246,19140,6874033.0,37689.0
761,394515,305,"Dalton, GA",msa,GA,2020,0.1752125415913013,0.277729280727927,19140,6659757.0,40361.0
762,394515,305,"Dalton, GA",msa,GA,2021,0.1852316445016064,0.230306564102525,19140,7170698.0,44259.0
763,394515,305,"Dalton, GA",msa,GA,2022,0.2432326478952241,0.2035174387879813,19140,7447125.0,44001.0
764,394515,305,"Dalton, GA",msa,GA,2023,0.2676928415107477,0.2048997518213044,19140,7468236.0,45373.0
765,394516,472,"Danville, IL",msa,IL,2015,0.1253491150912485,0.2600821366044489,19180,3252752.0,35703.0
766,394516,472,"Danville, IL",msa,IL,2016,0.2056439001531934,0.1760347446520297,19180,3204083.0,36102.0
767,394516,472,"Danville, IL",msa,IL,2017,0.1290130945191374,0.1614451551992232,19180,3203166.0,37356.0
768,394516,472,"Danville, IL",msa,IL,2018,0.2408457919139488,0.1593592033077201,19180,3211115.0,38609.0
769,394516,472,"Danville, IL",msa,IL,2019,0.2298073952171152,0.1642869827928802,19180,3199651.0,39800.0
770,394516,472,"Danville, IL",msa,IL,2020,0.1171806257552405,0.1698621670956855,19180,3054478.0,44319.0
771,394516,472,"Danville, IL",msa,IL,2021,0.1180436882832005,0.1734217933068721,19180,3204289.0,49237.0
772,394516,472,"Danville, IL",msa,IL,2022,0.1487750796303659,0.1712195435846918,19180,3285106.0,49732.0
773,394516,472,"Danville, IL",msa,IL,2023,0.1822744455528901,0.1562445910997596,19180,3262640.0,51471.0
774,394519,203,"Daphne, AL",msa,AL,2015,0.2341508026309693,0.231972416565818,19300,6757534.0,41470.0
775,394519,203,"Daphne, AL",msa,AL,2016,0.2322587453220291,0.2291030363340134,19300,7113177.0,42983.0
776,394519,203,"Daphne, AL",msa,AL,2017,0.2397173751097565,0.2303126615568459,19300,7382558.0,44475.0
777,394519,203,"Daphne, AL",msa,AL,2018,0.2575570755143174,0.2313501540369948,19300,7758980.0,45840.0
778,394519,203,"Daphne, AL",msa,AL,2019,0.2365123110806058,0.2228248875842564,19300,8145105.0,47921.0
779,394519,203,"Daphne, AL",msa,AL,2020,0.2261997201747569,0.2226411310040953,19300,8109210.0,50895.0
780,394519,203,"Daphne, AL",msa,AL,2021,0.2444913600616984,0.2467288212682911,19300,8706236.0,56285.0
781,394519,203,"Daphne, AL",msa,AL,2022,0.3371311394039389,0.2625933293672564,19300,9145388.0,57621.0
782,394519,203,"Daphne, AL",msa,AL,2023,0.3931083141506296,0.265520440425653,19300,9435720.0,60969.0
783,394520,144,"Davenport, IA",msa,IL,2015,0.1798282711164547,0.1578382517389861,19340,21494246.0,44023.0
784,394520,144,"Davenport, IA",msa,IL,2016,0.178339728093673,0.1587100230902494,19340,21344375.0,44864.0
785,394520,144,"Davenport, IA",msa,IL,2017,0.1854957533414907,0.1608863641313469,19340,21554709.0,46505.0
786,394520,144,"Davenport, IA",msa,IL,2018,0.18811553638854,0.155934768384466,19340,21409425.0,47757.0
787,394520,144,"Davenport, IA",msa,IL,2019,0.1785346877641429,0.1522523368903322,19340,21573971.0,48428.0
788,394520,144,"Davenport, IA",msa,IL,2020,0.1682241524004278,0.1516007101982297,19340,21047702.0,51856.0
789,394520,144,"Davenport, IA",msa,IL,2021,0.1728180557707101,0.1582254501248405,19340,21627162.0,55923.0
790,394520,144,"Davenport, IA",msa,IL,2022,0.204949918770435,0.1605087766954216,19340,21963421.0,57360.0
791,394520,144,"Davenport, IA",msa,IL,2023,0.2148636768889876,0.154763362688627,19340,22420369.0,60134.0
792,394523,276,"Decatur, AL",msa,AL,2015,0.1772301062776324,0.1976203187619588,19460,5868324.0,34994.0
793,394523,276,"Decatur, AL",msa,AL,2016,0.173632432407263,0.1985739113207338,19460,5970442.0,35022.0
794,394523,276,"Decatur, AL",msa,AL,2017,0.181285129453531,0.2020772796320994,19460,6090215.0,36175.0
795,394523,276,"Decatur, AL",msa,AL,2018,0.2603028617309371,0.2034870064345495,19460,6217087.0,37634.0
796,394523,276,"Decatur, AL",msa,AL,2019,0.1823115293104422,0.202909023415326,19460,6199053.0,39415.0
797,394523,276,"Decatur, AL",msa,AL,2020,0.1766361698527595,0.2108564255716105,19460,6317695.0,42038.0
798,394523,276,"Decatur, AL",msa,AL,2021,0.188056969922622,0.2295309110888771,19460,6567699.0,45604.0
799,394523,276,"Decatur, AL",msa,AL,2022,0.2254371475882144,0.2169963656544029,19460,6874169.0,46778.0
800,394523,276,"Decatur, AL",msa,AL,2023,0.2268720012018577,0.2026718772156157,19460,7037011.0,48528.0
801,394524,378,"Decatur, IL",msa,IL,2015,0.1418362240843106,0.1722386443980942,19500,8271381.0,43479.0
802,394524,378,"Decatur, IL",msa,IL,2016,0.1394012829181276,0.1747113818947653,19500,7735514.0,43802.0
803,394524,378,"Decatur, IL",msa,IL,2017,0.1377558646926606,0.1809676471685963,19500,6950487.0,44738.0
804,394524,378,"Decatur, IL",msa,IL,2018,0.1387141439835296,0.1852828214690789,19500,6752927.0,47184.0
805,394524,378,"Decatur, IL",msa,IL,2019,0.1335142449638708,0.1780445005628858,19500,6470128.0,47288.0
806,394524,378,"Decatur, IL",msa,IL,2020,0.1309591874152219,0.175368269758758,19500,6294521.0,51640.0
807,394524,378,"Decatur, IL",msa,IL,2021,0.1307313277376648,0.176907457742704,19500,6898810.0,56052.0
808,394524,378,"Decatur, IL",msa,IL,2022,0.1526692550264874,0.1664427842074422,19500,7036414.0,57486.0
809,394524,378,"Decatur, IL",msa,IL,2023,0.1722694973396951,0.2058769914166821,19500,7017642.0,60030.0
810,394528,90,"Deltona, FL",msa,FL,2015,0.2471123008705553,0.2700997568293488,19660,19225470.0,38514.0
811,394528,90,"Deltona, FL",msa,FL,2016,0.2545317586351709,0.276587842280655,19660,20048396.0,39848.0
812,394528,90,"Deltona, FL",msa,FL,2017,0.2667770560166347,0.2772170068958781,19660,20582041.0,41763.0
813,394528,90,"Deltona, FL",msa,FL,2018,0.2853269385198605,0.2791959850097812,19660,21185572.0,43599.0
814,394528,90,"Deltona, FL",msa,FL,2019,0.2710401771758746,0.2778996298785509,19660,21792703.0,46639.0
815,394528,90,"Deltona, FL",msa,FL,2020,0.2556990804992053,0.2781915360399267,19660,21939931.0,48282.0
816,394528,90,"Deltona, FL",msa,FL,2021,0.2657045304932574,0.2942447001235794,19660,23263836.0,52896.0
817,394528,90,"Deltona, FL",msa,FL,2022,0.3710501888470052,0.3234887006988727,19660,24730474.0,53695.0
818,394528,90,"Deltona, FL",msa,FL,2023,0.41077617085605,0.3220471320536204,19660,25950140.0,57280.0
819,394530,19,"Denver, CO",msa,CO,2015,0.2619613465518863,0.2231259086640031,19740,190646488.0,55715.0
820,394530,19,"Denver, CO",msa,CO,2016,0.2725587993429882,0.2238005034558316,19740,194781302.0,55116.0
821,394530,19,"Denver, CO",msa,CO,2017,0.2960481331964898,0.2237344871060117,19740,202210170.0,58958.0
822,394530,19,"Denver, CO",msa,CO,2018,0.313138354943358,0.2196249970576273,19740,211192596.0,63541.0
823,394530,19,"Denver, CO",msa,CO,2019,0.2989788866662612,0.2199313865680674,19740,222488871.0,67590.0
824,394530,19,"Denver, CO",msa,CO,2020,0.2815622252996049,0.2229440572964315,19740,222808082.0,71292.0
825,394530,19,"Denver, CO",msa,CO,2021,0.2956415214905279,0.2181781069308936,19740,239061662.0,79446.0
826,394530,19,"Denver, CO",msa,CO,2022,0.3969917950084301,0.2256471104071482,19740,250311918.0,86141.0
827,394530,19,"Denver, CO",msa,CO,2023,0.4188524510531208,0.2206442493240688,19740,258989249.0,89297.0
828,394531,84,"Des Moines, IA",msa,IA,2015,0.1961025983684163,0.1787950017980497,19780,50565219.0,49529.0
829,394531,84,"Des Moines, IA",msa,IA,2016,0.1974551106748244,0.1763061465282811,19780,52510450.0,50598.0
830,394531,84,"Des Moines, IA",msa,IA,2017,0.2052222321580876,0.1721901656271793,19780,51811153.0,51743.0
831,394531,84,"Des Moines, IA",msa,IA,2018,0.2135136358094062,0.1682324185949626,19780,51930218.0,53224.0
832,394531,84,"Des Moines, IA",msa,IA,2019,0.2095958102229874,0.1695894818467277,19780,54165518.0,54722.0
833,394531,84,"Des Moines, IA",msa,IA,2020,0.1996877130900941,0.1694543012300496,19780,55558614.0,58245.0
834,394531,84,"Des Moines, IA",msa,IA,2021,0.2005680617863781,0.1680255605580893,19780,60715874.0,63195.0
835,394531,84,"Des Moines, IA",msa,IA,2022,0.2489806767379511,0.1719642434045284,19780,59834558.0,65423.0
836,394531,84,"Des Moines, IA",msa,IA,2023,0.2788709052732266,0.1737362831386197,19780,60439921.0,68420.0
837,394532,14,"Detroit, MI",msa,MI,2015,0.1805572420078864,0.1939804475359973,19820,249282811.0,47056.0
838,394532,14,"Detroit, MI",msa,MI,2016,0.1801164625827394,0.1937146072132188,19820,253977971.0,48085.0
839,394532,14,"Detroit, MI",msa,MI,2017,0.1799835364596524,0.1948245479224417,19820,256207316.0,49302.0
840,394532,14,"Detroit, MI",msa,MI,2018,0.200386856365382,0.1954185956043936,19820,261548084.0,51421.0
841,394532,14,"Detroit, MI",msa,MI,2019,0.1979236132663842,0.1978571838076286,19820,262687213.0,52859.0
842,394532,14,"Detroit, MI",msa,MI,2020,0.1937457243896702,0.200222594967061,19820,249699954.0,57017.0
843,394532,14,"Detroit, MI",msa,MI,2021,0.1912910887685085,0.213005472806022,19820,263670004.0,60724.0
844,394532,14,"Detroit, MI",msa,MI,2022,0.2408320956958412,0.2234994660907558,19820,271653784.0,62545.0
845,394532,14,"Detroit, MI",msa,MI,2023,0.2681448206096641,0.2240937776687548,19820,276493740.0,66098.0
846,394537,293,"Dothan, AL",msa,AL,2015,0.1801475293894294,0.1844124467074491,20020,5952654.0,37422.0
847,394537,293,"Dothan, AL",msa,AL,2016,0.1728222142765809,0.2050375033414575,20020,6249501.0,38221.0
848,394537,293,"Dothan, AL",msa,AL,2017,0.1775136943788175,0.1938353979516615,20020,6355776.0,39120.0
849,394537,293,"Dothan, AL",msa,AL,2018,0.1757809471208408,0.1918475205857487,20020,6409091.0,40659.0
850,394537,293,"Dothan, AL",msa,AL,2019,0.1650919541442759,0.1923555838172113,20020,6556015.0,42548.0
851,394537,293,"Dothan, AL",msa,AL,2020,0.1605314626043772,0.1980646189062608,20020,6620462.0,45733.0
852,394537,293,"Dothan, AL",msa,AL,2021,0.165073715076734,0.1828040469191493,20020,6871170.0,50131.0
853,394537,293,"Dothan, AL",msa,AL,2022,0.2102430077522449,0.1945760624986575,20020,6848662.0,50430.0
854,394537,293,"Dothan, AL",msa,AL,2023,0.2329588080067905,0.2500415903789737,20020,7035925.0,52512.0
855,394539,244,"Dover, DE",msa,DE,2015,0.201962687582142,0.2356364847011097,20100,7430423.0,37776.0
856,394539,244,"Dover, DE",msa,DE,2016,0.2043782756978223,0.2380075731954938,20100,7582401.0,39366.0
857,394539,244,"Dover, DE",msa,DE,2017,0.2184523112975088,0.2453143010027775,20100,7633026.0,40869.0
858,394539,244,"Dover, DE",msa,DE,2018,0.2321941082983581,0.2478239709231851,20100,7813320.0,42425.0
859,394539,244,"Dover, DE",msa,DE,2019,0.2253375344429069,0.2497612600830359,20100,8393407.0,44271.0
860,394539,244,"Dover, DE",msa,DE,2020,0.2098736607400827,0.247465161847564,20100,7962310.0,45372.0
861,394539,244,"Dover, DE",msa,DE,2021,0.2179455460809142,0.2664311717574317,20100,8301820.0,49496.0
862,394539,244,"Dover, DE",msa,DE,2022,0.2910840869333411,0.2763472677960312,20100,8525668.0,50931.0
863,394539,244,"Dover, DE",msa,DE,2023,0.3336013711876866,0.2775206895566028,20100,8417117.0,52494.0
864,394542,396,"Dubuque, IA",msa,IA,2015,0.1932862635942686,0.1911143464389754,20220,6276359.0,43735.0
865,394542,396,"Dubuque, IA",msa,IA,2016,0.1890887181801361,0.195488264765271,20220,6100045.0,44553.0
866,394542,396,"Dubuque, IA",msa,IA,2017,0.197946346055919,0.1928766639924257,20220,6389591.0,45667.0
867,394542,396,"Dubuque, IA",msa,IA,2018,0.208580984087083,0.1881194187958843,20220,6378942.0,48436.0
868,394542,396,"Dubuque, IA",msa,IA,2019,0.2030176551222659,0.1887005586432875,20220,6631496.0,49522.0
869,394542,396,"Dubuque, IA",msa,IA,2020,0.1851386428852756,0.1955765073484644,20220,6591464.0,52928.0
870,394542,396,"Dubuque, IA",msa,IA,2021,0.1816932995569193,0.198783645052247,20220,6752157.0,57897.0
871,394542,396,"Dubuque, IA",msa,IA,2022,0.2392149491919233,0.1503715691889048,20220,6956228.0,61190.0
872,394542,396,"Dubuque, IA",msa,IA,2023,0.2788748616830273,0.1606039886722013,20220,7014874.0,63435.0
873,394543,171,"Duluth, MN",msa,MN,2015,0.1841501287534458,0.2284105377302538,20260,13289145.0,41432.0
874,394543,171,"Duluth, MN",msa,MN,2016,0.1791168588707274,0.2755667975998601,20260,13651341.0,41262.0
875,394543,171,"Duluth, MN",msa,MN,2017,0.1926399205424966,0.2732438480395573,20260,13554938.0,42733.0
876,394543,171,"Duluth, MN",msa,MN,2018,0.1953654501708102,0.2652613519823917,20260,13868115.0,45236.0
877,394543,171,"Duluth, MN",msa,MN,2019,0.1885527725199648,0.2602256133149901,20260,14163657.0,46579.0
878,394543,171,"Duluth, MN",msa,MN,2020,0.1775455689271392,0.25730311089121,20260,13358014.0,49308.0
879,394543,171,"Duluth, MN",msa,MN,2021,0.185944161462604,0.2660509456694316,20260,13882259.0,54093.0
880,394543,171,"Duluth, MN",msa,MN,2022,0.2345224410611608,0.2713543204209763,20260,14087884.0,54990.0
881,394543,171,"Duluth, MN",msa,MN,2023,0.2615321990623147,0.2758906199632104,20260,14678601.0,57316.0
882,394549,95,"Durham, NC",msa,NC,2015,0.2466261227715576,0.2276369529737267,20500,47012945.0,46896.0
883,394549,95,"Durham, NC",msa,NC,2016,0.240964554178641,0.2247551916741437,20500,46676890.0,48330.0
884,394549,95,"Durham, NC",msa,NC,2017,0.2489938323389235,0.2233708131126074,20500,46431099.0,50342.0
885,394549,95,"Durham, NC",msa,NC,2018,0.2665742979873174,0.2206200058385834,20500,48726823.0,51955.0
886,394549,95,"Durham, NC",msa,NC,2019,0.2515757907221354,0.22043749295888,20500,50111370.0,54941.0
887,394549,95,"Durham, NC",msa,NC,2020,0.2336694570530035,0.2158534077475938,20500,51537975.0,58068.0
888,394549,95,"Durham, NC",msa,NC,2021,0.2449090875145926,0.2207287957829727,20500,55135346.0,62626.0
889,394549,95,"Durham, NC",msa,NC,2022,0.3350571661663741,0.2349985091183561,20500,56996009.0,65122.0
890,394549,95,"Durham, NC",msa,NC,2023,0.3655090164148762,0.2311024242174501,20500,59014927.0,68654.0
891,394553,263,"East Stroudsburg, PA",msa,PA,2015,0.2049629129502654,0.1866305701223845,20700,7128640.0,38736.0
892,394553,263,"East Stroudsburg, PA",msa,PA,2016,0.1457314339628002,0.1898371707055402,20700,7235652.0,39836.0
893,394553,263,"East Stroudsburg, PA",msa,PA,2017,0.2057599494719073,0.1932228847712502,20700,7597383.0,40965.0
894,394553,263,"East Stroudsburg, PA",msa,PA,2018,0.2181411433400683,0.2003956670061439,20700,7669423.0,42569.0
895,394553,263,"East Stroudsburg, PA",msa,PA,2019,0.2107553765141855,0.1998427311005296,20700,7632076.0,44973.0
896,394553,263,"East Stroudsburg, PA",msa,PA,2020,0.1919301117877599,0.2050494254205416,20700,6867159.0,48503.0
897,394553,263,"East Stroudsburg, PA",msa,PA,2021,0.2036626629112777,0.2176049664286765,20700,7254850.0,51663.0
898,394553,263,"East Stroudsburg, PA",msa,PA,2022,0.2902627722591237,0.2554621843550997,20700,7182444.0,51977.0
899,394553,263,"East Stroudsburg, PA",msa,PA,2023,0.3469767916761745,0.2822194608895552,20700,7420773.0,54716.0
900,394555,258,"Eau Claire, WI",msa,WI,2015,0.211142882586481,0.2259052256149401,20740,8851444.0,42267.0
901,394555,258,"Eau Claire, WI",msa,WI,2016,0.2100100192720976,0.2134800296110572,20740,8802779.0,42137.0
902,394555,258,"Eau Claire, WI",msa,WI,2017,0.2209937195241329,0.1835225878087473,20740,8949759.0,44189.0
903,394555,258,"Eau Claire, WI",msa,WI,2018,0.2264409032352465,0.1839630120163689,20740,9144818.0,46524.0
904,394555,258,"Eau Claire, WI",msa,WI,2019,0.2124802046090791,0.1876157955692328,20740,9326946.0,48125.0
905,394555,258,"Eau Claire, WI",msa,WI,2020,0.2124987604964003,0.1937573946191052,20740,8812056.0,51084.0
906,394555,258,"Eau Claire, WI",msa,WI,2021,0.2223484874753483,0.2043718358108689,20740,9126206.0,55502.0
907,394555,258,"Eau Claire, WI",msa,WI,2022,0.2806210694283088,0.1684132943955697,20740,9296439.0,57015.0
908,394555,258,"Eau Claire, WI",msa,WI,2023,0.3044751937232585,0.168195118360739,20740,9433986.0,59135.0
909,394559,245,"El Centro, CA",msa,CA,2015,0.274899265226328,0.2356851980039384,20940,8069618.0,36118.0
910,394559,245,"El Centro, CA",msa,CA,2016,0.2863226427905059,0.2411054526631482,20940,8220070.0,35248.0
911,394559,245,"El Centro, CA",msa,CA,2017,0.2984053290435051,0.2501298988200586,20940,8039122.0,35579.0
912,394559,245,"El Centro, CA",msa,CA,2018,0.3225409961680155,0.2520981658819922,20940,8000968.0,35211.0
913,394559,245,"El Centro, CA",msa,CA,2019,0.3162262720330157,0.2584701953588721,20940,8360083.0,37662.0
914,394559,245,"El Centro, CA",msa,CA,2020,0.3058017986834087,0.2604794488239779,20940,8764641.0,45909.0
915,394559,245,"El Centro, CA",msa,CA,2021,0.308365109904498,0.2788908803133084,20940,8402635.0,48487.0
916,394559,245,"El Centro, CA",msa,CA,2022,0.2681706475672336,0.2580375711415463,20940,8994544.0,45622.0
917,394559,245,"El Centro, CA",msa,CA,2023,0.4191466246909071,0.2961524849276943,20940,10467574.0,47991.0
918,394561,69,"El Paso, TX",msa,TX,2015,0.2394875587597693,0.2705680922342402,21340,29541342.0,32475.0
919,394561,69,"El Paso, TX",msa,TX,2016,0.231961534847915,0.2620910626470805,21340,29797189.0,32876.0
920,394561,69,"El Paso, TX",msa,TX,2017,0.2449023869427959,0.2642795514621407,21340,30409532.0,33882.0
921,394561,69,"El Paso, TX",msa,TX,2018,0.2498760195738538,0.2566711022153553,21340,31352307.0,35312.0
922,394561,69,"El Paso, TX",msa,TX,2019,0.2416513002866948,0.2572337106279281,21340,33052829.0,36893.0
923,394561,69,"El Paso, TX",msa,TX,2020,0.226984356221293,0.2571771172102811,21340,32881105.0,39993.0
924,394561,69,"El Paso, TX",msa,TX,2021,0.2413343302195787,0.2750410232931752,21340,35262097.0,44213.0
925,394561,69,"El Paso, TX",msa,TX,2022,0.2951649443304183,0.2902048356255691,21340,35929929.0,44062.0
926,394561,69,"El Paso, TX",msa,TX,2023,0.3147415673517726,0.2850576860607497,21340,38112106.0,46732.0
927,394563,281,"Elizabethtown, KY",msa,KY,2015,0.1555827870636912,0.2015706046101068,21060,5711240.0,38347.0
928,394563,281,"Elizabethtown, KY",msa,KY,2016,0.1526470004098522,0.2100376304170319,21060,5828847.0,39532.0
929,394563,281,"Elizabethtown, KY",msa,KY,2017,0.1546897353403137,0.2213844208779697,21060,5939236.0,40378.0
930,394563,281,"Elizabethtown, KY",msa,KY,2018,0.1678692691144897,0.2206668309800481,21060,5878170.0,40943.0
931,394563,281,"Elizabethtown, KY",msa,KY,2019,0.1745434916826127,0.2180245204375981,21060,6040413.0,42821.0
932,394563,281,"Elizabethtown, KY",msa,KY,2020,0.1645083895877833,0.2170698004940806,21060,5940437.0,46183.0
933,394563,281,"Elizabethtown, KY",msa,KY,2021,0.2386560499437168,0.2245636234022524,21060,6334541.0,50683.0
934,394563,281,"Elizabethtown, KY",msa,KY,2022,0.3279557013344412,0.2255840502556481,21060,6507673.0,51431.0
935,394563,281,"Elizabethtown, KY",msa,KY,2023,0.3872346696925302,0.2488672853292284,21060,6624628.0,53708.0
936,394565,223,"Elkhart, IN",msa,IN,2015,0.2071838070278141,0.192325053887573,21140,13572433.0,39803.0
937,394565,223,"Elkhart, IN",msa,IN,2016,0.1517133804217136,0.2076318967820992,21140,14813421.0,41334.0
938,394565,223,"Elkhart, IN",msa,IN,2017,0.1571938069027268,0.212103267710598,21140,16441996.0,44498.0
939,394565,223,"Elkhart, IN",msa,IN,2018,0.1766902945116729,0.2094435632715925,21140,16607681.0,45823.0
940,394565,223,"Elkhart, IN",msa,IN,2019,0.1710779990190109,0.2061373688877023,21140,16078429.0,45616.0
941,394565,223,"Elkhart, IN",msa,IN,2020,0.1657670974027634,0.2080578702221761,21140,15671462.0,48687.0
942,394565,223,"Elkhart, IN",msa,IN,2021,0.1786407765286083,0.1990601125912783,21140,19322879.0,56966.0
943,394565,223,"Elkhart, IN",msa,IN,2022,0.2303768314946805,0.1664563999061343,21140,20150508.0,58844.0
944,394565,223,"Elkhart, IN",msa,IN,2023,0.2729894605751312,0.1729922930348912,21140,18282076.0,58662.0
945,394570,523,"Enid, OK",msa,OK,2015,0.1375710251843147,0.2600821366044489,21420,3293618.0,43508.0
946,394570,523,"Enid, OK",msa,OK,2016,15.762422258428751,0.1760347446520297,21420,3244115.0,43122.0
947,394570,523,"Enid, OK",msa,OK,2017,0.1498926161280273,0.1614451551992232,21420,2849100.0,42079.0
948,394570,523,"Enid, OK",msa,OK,2018,0.2726268211932488,0.1593592033077201,21420,2805923.0,42904.0
949,394570,523,"Enid, OK",msa,OK,2019,0.1348112626493085,0.1642869827928802,21420,2843513.0,43353.0
950,394570,523,"Enid, OK",msa,OK,2020,0.1251852528979577,0.1698621670956855,21420,2678999.0,44273.0
951,394570,523,"Enid, OK",msa,OK,2021,0.1328531837366121,0.1734217933068721,21420,2950916.0,48039.0
952,394570,523,"Enid, OK",msa,OK,2022,0.161143052888767,0.2015195016495873,21420,2892301.0,49362.0
953,394570,523,"Enid, OK",msa,OK,2023,0.1784318082273732,0.1955055423428777,21420,3088603.0,51152.0
954,394572,184,"Erie, PA",msa,PA,2015,0.1662245156396928,0.2524316178948427,21500,12099658.0,39769.0
955,394572,184,"Erie, PA",msa,PA,2016,0.1970404272409898,0.1920734712766302,21500,11792201.0,40437.0
956,394572,184,"Erie, PA",msa,PA,2017,0.2040723331536744,0.1476080528343587,21500,11500326.0,41388.0
957,394572,184,"Erie, PA",msa,PA,2018,0.2140264127826879,0.14740536742951,21500,11600425.0,43848.0
958,394572,184,"Erie, PA",msa,PA,2019,0.1925286244413679,0.1472556061194357,21500,11660440.0,45267.0
959,394572,184,"Erie, PA",msa,PA,2020,0.1486587030841549,0.1433238074084727,21500,10962392.0,50048.0
960,394572,184,"Erie, PA",msa,PA,2021,0.1887861747679446,0.1481054449518809,21500,11187341.0,52723.0
961,394572,184,"Erie, PA",msa,PA,2022,0.2315518055573428,0.158093370857598,21500,11253914.0,51554.0
962,394572,184,"Erie, PA",msa,PA,2023,0.2610140442313983,0.1644187712989379,21500,11425284.0,54694.0
963,394576,146,"Eugene, OR",msa,OR,2015,0.3116216838597865,0.2514791690443577,21660,14847249.0,39986.0
964,394576,146,"Eugene, OR",msa,OR,2016,0.3146114471941015,0.2567772329668279,21660,15290781.0,41095.0
965,394576,146,"Eugene, OR",msa,OR,2017,0.3351037424679153,0.2618807060647145,21660,15867405.0,42916.0
966,394576,146,"Eugene, OR",msa,OR,2018,0.3544660572279385,0.2641006091385238,21660,16302256.0,44676.0
967,394576,146,"Eugene, OR",msa,OR,2019,0.3402520491011504,0.2665675779884158,21660,16370571.0,46304.0
968,394576,146,"Eugene, OR",msa,OR,2020,0.3233617584014367,0.2659802277768072,21660,16256109.0,50662.0
969,394576,146,"Eugene, OR",msa,OR,2021,0.3510959600270706,0.2811412144492687,21660,17393440.0,56148.0
970,394576,146,"Eugene, OR",msa,OR,2022,0.4473343579201029,0.291780597006708,21660,17722102.0,57885.0
971,394576,146,"Eugene, OR",msa,OR,2023,0.4833276304754452,0.2874000955797018,21660,18136369.0,61634.0
972,394579,165,"Evansville, IN",msa,IN,2015,0.1945377047058074,0.1508676402977181,21780,16355836.0,42984.0
973,394579,165,"Evansville, IN",msa,IN,2016,0.1554389653952247,0.1494373078031292,21780,16686163.0,43388.0
974,394579,165,"Evansville, IN",msa,IN,2017,0.1590320094748511,0.1471330856633093,21780,17861300.0,45116.0
975,394579,165,"Evansville, IN",msa,IN,2018,0.1692394515144097,0.1478533216228118,21780,18372489.0,46555.0
976,394579,165,"Evansville, IN",msa,IN,2019,0.1643666688219305,0.1500149461201602,21780,19231710.0,48998.0
977,394579,165,"Evansville, IN",msa,IN,2020,0.1556338006888273,0.1508459318464863,21780,18297741.0,52505.0
978,394579,165,"Evansville, IN",msa,IN,2021,0.1632659204147159,0.1581059667287177,21780,20447519.0,57317.0
979,394579,165,"Evansville, IN",msa,IN,2022,0.2075616423459828,0.1613481535020464,21780,20283908.0,58863.0
980,394579,165,"Evansville, IN",msa,IN,2023,0.2366405732335125,0.1657052984684665,21780,21197753.0,61605.0
981,394580,407,"Fairbanks, AK",msa,AK,2015,0.2084503883906151,0.2099028284008187,21820,5833875.0,53021.0
982,394580,407,"Fairbanks, AK",msa,AK,2016,0.2114366991166226,0.2226938478603384,21820,5871559.0,52140.0
983,394580,407,"Fairbanks, AK",msa,AK,2017,0.2203242208170046,0.220869869888283,21820,5765988.0,53427.0
984,394580,407,"Fairbanks, AK",msa,AK,2018,0.2404607079420748,0.2151729953075118,21820,5667136.0,56329.0
985,394580,407,"Fairbanks, AK",msa,AK,2019,0.1763312446139903,0.2164151698444922,21820,5655579.0,58345.0
986,394580,407,"Fairbanks, AK",msa,AK,2020,0.228992217546758,0.2204382103924683,21820,5450465.0,60352.0
987,394580,407,"Fairbanks, AK",msa,AK,2021,0.2227293705102575,0.2231238108301067,21820,5728811.0,65085.0
988,394580,407,"Fairbanks, AK",msa,AK,2022,0.270634248494401,0.2238731359517028,21820,5576437.0,67899.0
989,394580,407,"Fairbanks, AK",msa,AK,2023,0.2833372880226502,0.2268578421512179,21820,5595570.0,69775.0
990,394585,194,"Fargo, ND",msa,ND,2015,0.2453388584838368,0.1781425469912936,22020,14538153.0,49734.0
991,394585,194,"Fargo, ND",msa,ND,2016,0.2444909699864215,0.1846728392410985,22020,14490882.0,49343.0
992,394585,194,"Fargo, ND",msa,ND,2017,0.2507177751637062,0.1804664750777673,22020,14963357.0,50151.0
993,394585,194,"Fargo, ND",msa,ND,2018,0.2666254866761617,0.1788268143118804,22020,15069720.0,52978.0
994,394585,194,"Fargo, ND",msa,ND,2019,0.2610802163198576,0.1811911551134807,22020,15447960.0,53870.0
995,394585,194,"Fargo, ND",msa,ND,2020,0.2491176451072606,0.1834849024668319,22020,14918880.0,57555.0
996,394585,194,"Fargo, ND",msa,ND,2021,0.248165603149796,0.1853900815533935,22020,15715270.0,63126.0
997,394585,194,"Fargo, ND",msa,ND,2022,0.3103448567120465,0.1889258547366631,22020,15774847.0,65666.0
998,394585,194,"Fargo, ND",msa,ND,2023,0.3437843869144332,0.1921452026326193,22020,16342815.0,68326.0
999,394588,342,"Farmington, NM",msa,NM,2015,0.208932559463822,0.1812633088390215,22140,6451182.0,34492.0
1000,394588,342,"Farmington, NM",msa,NM,2016,0.2070262030665733,0.1789587353356825,22140,5916590.0,33469.0
1001,394588,342,"Farmington, NM",msa,NM,2017,0.2213083263626851,0.209181316323432,22140,5756828.0,34291.0
1002,394588,342,"Farmington, NM",msa,NM,2018,0.1887684626757305,0.2184771104781867,22140,5571010.0,35799.0
1003,394588,342,"Farmington, NM",msa,NM,2019,0.2009116821035795,0.2227543603823029,22140,5616181.0,36619.0
1004,394588,342,"Farmington, NM",msa,NM,2020,0.2282078374728982,0.2223054062112076,22140,5215071.0,38933.0
1005,394588,342,"Farmington, NM",msa,NM,2021,0.2263204386557338,0.2129184932436855,22140,5232665.0,42947.0
1006,394588,342,"Farmington, NM",msa,NM,2022,0.2804263108384506,0.2075735972538281,22140,5261890.0,44161.0
1007,394588,342,"Farmington, NM",msa,NM,2023,0.3045097992431557,0.2188900065445842,22140,5389548.0,46055.0
1008,394589,109,"Fayetteville, NC",msa,NC,2015,0.2160639839446289,0.2265131112641072,22180,21229759.0,34301.0
1009,394589,109,"Fayetteville, NC",msa,NC,2016,0.2092267882840141,0.2250354279703955,22180,21743427.0,34275.0
1010,394589,109,"Fayetteville, NC",msa,NC,2017,0.2135052320431059,0.2222635541469573,22180,20429752.0,35262.0
1011,394589,109,"Fayetteville, NC",msa,NC,2018,0.2277155420808314,0.2281709961681672,22180,20637146.0,36521.0
1012,394589,109,"Fayetteville, NC",msa,NC,2019,0.2171285829607906,0.2308045290902091,22180,21135053.0,38030.0
1013,394589,109,"Fayetteville, NC",msa,NC,2020,0.1945818470558584,0.2376417459015273,22180,21203498.0,41245.0
1014,394589,109,"Fayetteville, NC",msa,NC,2021,0.2082854952804767,0.2552814188377552,22180,22169085.0,45121.0
1015,394589,109,"Fayetteville, NC",msa,NC,2022,0.2645753477507349,0.2710516490998801,22180,22234795.0,45803.0
1016,394589,109,"Fayetteville, NC",msa,NC,2023,0.2985537522393087,0.2665184901832314,22180,22590970.0,47602.0
1017,394590,108,"Fayetteville, AR",msa,AR,2015,0.2011136044506589,0.2170154246621168,22220,24141183.0,57351.0
1018,394590,108,"Fayetteville, AR",msa,AR,2016,0.2021245792018666,0.2192537086290067,22220,24843960.0,59379.0
1019,394590,108,"Fayetteville, AR",msa,AR,2017,0.21289636244274,0.2204189161480873,22220,26264981.0,61192.0
1020,394590,108,"Fayetteville, AR",msa,AR,2018,0.2243793867282975,0.2178593615383406,22220,27042602.0,65233.0
1021,394590,108,"Fayetteville, AR",msa,AR,2019,0.2096764897826376,0.2128700827945949,22220,27637679.0,62234.0
1022,394590,108,"Fayetteville, AR",msa,AR,2020,0.1959635134196829,0.209127394880761,22220,28837477.0,64497.0
1023,394590,108,"Fayetteville, AR",msa,AR,2021,0.2108653173833022,0.2160786713993183,22220,31616653.0,77159.0
1024,394590,108,"Fayetteville, AR",msa,AR,2022,0.2907577449139413,0.2312386256299825,22220,32911430.0,85237.0
1025,394590,108,"Fayetteville, AR",msa,AR,2023,0.3277810743228955,0.2359303769664352,22220,33361348.0,89095.0
1026,394595,302,"Flagstaff, AZ",msa,AZ,2015,0.319455088994538,0.2004337741134468,22380,7203886.0,42212.0
1027,394595,302,"Flagstaff, AZ",msa,AZ,2016,0.3209468038515923,0.1967145057753999,22380,7237251.0,43235.0
1028,394595,302,"Flagstaff, AZ",msa,AZ,2017,0.3417366980908574,0.1980878808852142,22380,7898455.0,46085.0
1029,394595,302,"Flagstaff, AZ",msa,AZ,2018,0.3715563063131166,0.2910849978164562,22380,7901190.0,47821.0
1030,394595,302,"Flagstaff, AZ",msa,AZ,2019,0.362418194934087,0.3064385939762866,22380,7642638.0,48976.0
1031,394595,302,"Flagstaff, AZ",msa,AZ,2020,0.3517678321899438,0.3191034023534749,22380,7005682.0,52855.0
1032,394595,302,"Flagstaff, AZ",msa,AZ,2021,0.408579006136134,0.3537036523851221,22380,7571641.0,58092.0
1033,394595,302,"Flagstaff, AZ",msa,AZ,2022,0.5676063098322667,0.3767335308543393,22380,7714807.0,58396.0
1034,394595,302,"Flagstaff, AZ",msa,AZ,2023,0.6013263970333306,0.3649653393339376,22380,8001256.0,62002.0
1035,394596,135,"Flint, MI",msa,MI,2015,0.1342716590793527,0.1723565149358725,22420,15301824.0,36764.0
1036,394596,135,"Flint, MI",msa,MI,2016,0.1383963923692688,0.1735431702059925,22420,15687268.0,37703.0
1037,394596,135,"Flint, MI",msa,MI,2017,0.1505082255449363,0.1748412106831558,22420,15931552.0,38727.0
1038,394596,135,"Flint, MI",msa,MI,2018,0.1665645078957963,0.1745837367408741,22420,16335674.0,40154.0
1039,394596,135,"Flint, MI",msa,MI,2019,0.2051919082281628,0.1797655275727422,22420,16724794.0,41652.0
1040,394596,135,"Flint, MI",msa,MI,2020,0.1874641103422257,0.1845950414887175,22420,15263502.0,45413.0
1041,394596,135,"Flint, MI",msa,MI,2021,0.191841743546503,0.1985920612458642,22420,15627227.0,48331.0
1042,394596,135,"Flint, MI",msa,MI,2022,0.2496207225797091,0.2038023187808575,22420,15786872.0,48700.0
1043,394596,135,"Flint, MI",msa,MI,2023,0.2028949513671775,0.1951094468886574,22420,16090544.0,52520.0
1044,394597,228,"Florence, SC",msa,SC,2015,0.1766271936211484,0.2090125872504632,22500,9394301.0,36412.0
1045,394597,228,"Florence, SC",msa,SC,2016,0.1783216965854167,0.1850827285564774,22500,9583550.0,37535.0
1046,394597,228,"Florence, SC",msa,SC,2017,0.1879991873927441,0.1837593866253694,22500,9628359.0,38839.0
1047,394597,228,"Florence, SC",msa,SC,2018,0.183782654490858,0.1855913670056238,22500,9651397.0,40621.0
1048,394597,228,"Florence, SC",msa,SC,2019,0.1736910343744463,0.252279953197782,22500,9906725.0,43125.0
1049,394597,228,"Florence, SC",msa,SC,2020,0.1658418602245707,0.2812980062849043,22500,9607503.0,45737.0
1050,394597,228,"Florence, SC",msa,SC,2021,0.1802525529506988,0.3022736365178082,22500,9980710.0,50193.0
1051,394597,228,"Florence, SC",msa,SC,2022,0.2315075687490811,0.3172539805537558,22500,9886316.0,50975.0
1052,394597,228,"Florence, SC",msa,SC,2023,0.2683369204163868,0.3363724354589603,22500,10046892.0,53326.0
1053,394598,292,"Florence, AL",msa,AL,2015,0.1773813555155519,0.1861282624977148,22520,5329277.0,34546.0
1054,394598,292,"Florence, AL",msa,AL,2016,0.1752726525706756,0.2129187697634866,22520,5184534.0,34946.0
1055,394598,292,"Florence, AL",msa,AL,2017,0.1739257888632271,0.2139147406653807,22520,5105162.0,35402.0
1056,394598,292,"Florence, AL",msa,AL,2018,0.1858835338129381,0.212197607407833,22520,5215298.0,36377.0
1057,394598,292,"Florence, AL",msa,AL,2019,0.1757737795432174,0.2122708805897868,22520,5220039.0,38047.0
1058,394598,292,"Florence, AL",msa,AL,2020,0.1695748386560129,0.214431858675671,22520,5166896.0,41409.0
1059,394598,292,"Florence, AL",msa,AL,2021,0.180512430326408,0.1736483895946154,22520,5354246.0,44559.0
1060,394598,292,"Florence, AL",msa,AL,2022,0.2274564483985218,0.1799053078708961,22520,5545899.0,44899.0
1061,394598,292,"Florence, AL",msa,AL,2023,0.2451034963019158,0.1817935050562674,22520,5726044.0,47156.0
1062,394599,381,"Fond du Lac, WI",msa,WI,2015,0.1932894018822009,0.1746090096630841,22540,5035503.0,43131.0
1063,394599,381,"Fond du Lac, WI",msa,WI,2016,0.1806025358233337,0.1765049047255083,22540,5026443.0,43503.0
1064,394599,381,"Fond du Lac, WI",msa,WI,2017,0.1883289783743464,0.1864315228632786,22540,5100413.0,45208.0
1065,394599,381,"Fond du Lac, WI",msa,WI,2018,0.1967657939274285,0.2068893177886002,22540,5214222.0,47537.0
1066,394599,381,"Fond du Lac, WI",msa,WI,2019,0.1683926058423347,0.1982009042945698,22540,5269900.0,49524.0
1067,394599,381,"Fond du Lac, WI",msa,WI,2020,0.178095096270055,0.1968004844610344,22540,5008389.0,52435.0
1068,394599,381,"Fond du Lac, WI",msa,WI,2021,0.1906933572416823,0.2043899730181204,22540,5166411.0,56767.0
1069,394599,381,"Fond du Lac, WI",msa,WI,2022,0.2466585641420547,0.1491583658140252,22540,5170001.0,58178.0
1070,394599,381,"Fond du Lac, WI",msa,WI,2023,0.2828007981558042,0.1489173937032731,22540,5021945.0,60018.0
1071,394602,152,"Fort Collins, CO",msa,CO,2015,0.2817658000031663,0.2344909876219703,22660,16600035.0,46446.0
1072,394602,152,"Fort Collins, CO",msa,CO,2016,0.290937462116692,0.2298507650674342,22660,17266967.0,48072.0
1073,394602,152,"Fort Collins, CO",msa,CO,2017,0.3147804545534067,0.2301563084549374,22660,18593761.0,51423.0
1074,394602,152,"Fort Collins, CO",msa,CO,2018,0.3357428960097952,0.2296574052001855,22660,19479555.0,53677.0
1075,394602,152,"Fort Collins, CO",msa,CO,2019,0.314985281716468,0.2272253275187853,22660,20344985.0,56225.0
1076,394602,152,"Fort Collins, CO",msa,CO,2020,0.2973408307104994,0.2251757469597843,22660,20154078.0,59520.0
1077,394602,152,"Fort Collins, CO",msa,CO,2021,0.3082618673375927,0.2282132466263323,22660,21332235.0,64885.0
1078,394602,152,"Fort Collins, CO",msa,CO,2022,0.4227610861070618,0.2407603508613024,22660,21728125.0,67788.0
1079,394602,152,"Fort Collins, CO",msa,CO,2023,0.4636172635214833,0.2470956998695798,22660,22016467.0,71359.0
1080,394609,196,"Fort Smith, AR",msa,AR,2015,0.1814833471814878,0.1719864972396293,22900,9210231.0,35596.0
1081,394609,196,"Fort Smith, AR",msa,AR,2016,0.1842073927454453,0.1776415905127989,22900,9220293.0,35931.0
1082,394609,196,"Fort Smith, AR",msa,AR,2017,0.1885263884019129,0.1757885590897485,22900,9252836.0,36691.0
1083,394609,196,"Fort Smith, AR",msa,AR,2018,0.1940166032518941,0.1683697261443845,22900,9477180.0,37562.0
1084,394609,196,"Fort Smith, AR",msa,AR,2019,0.182718387635333,0.1638770923287162,22900,9612658.0,39212.0
1085,394609,196,"Fort Smith, AR",msa,AR,2020,0.1760074083918369,0.1678583105836451,22900,9518761.0,41781.0
1086,394609,196,"Fort Smith, AR",msa,AR,2021,0.1860549624781129,0.1799576634867049,22900,9956130.0,45348.0
1087,394609,196,"Fort Smith, AR",msa,AR,2022,0.2375902848919407,0.1866153006538632,22900,9996584.0,45780.0
1088,394609,196,"Fort Smith, AR",msa,AR,2023,0.2607323573139852,0.1884827513000273,22900,10158719.0,47206.0
1089,394612,132,"Fort Wayne, IN",msa,IN,2015,0.2154844679144972,0.1580825183080335,23060,20952300.0,41650.0
1090,394612,132,"Fort Wayne, IN",msa,IN,2016,0.1488969705923273,0.1598778180291465,23060,21626910.0,42432.0
1091,394612,132,"Fort Wayne, IN",msa,IN,2017,0.1573158909329542,0.1605470633217933,23060,22444587.0,43435.0
1092,394612,132,"Fort Wayne, IN",msa,IN,2018,0.1696852648855252,0.1625548710476163,23060,23295008.0,45600.0
1093,394612,132,"Fort Wayne, IN",msa,IN,2019,0.1655553376071683,0.1625416259666693,23060,23463012.0,46875.0
1094,394612,132,"Fort Wayne, IN",msa,IN,2020,0.1590128789951387,0.1636558667788124,23060,21796962.0,50134.0
1095,394612,132,"Fort Wayne, IN",msa,IN,2021,0.1672167614333305,0.172883539604638,23060,23361880.0,56034.0
1096,394612,132,"Fort Wayne, IN",msa,IN,2022,0.2231975485218433,0.1911462465702079,23060,24347387.0,58206.0
1097,394612,132,"Fort Wayne, IN",msa,IN,2023,0.2659170716525258,0.195574704748231,23060,24697389.0,60361.0
1098,394619,57,"Fresno, CA",msa,CA,2015,0.2742094410804762,0.2766478549146494,23420,39852017.0,38288.0
1099,394619,57,"Fresno, CA",msa,CA,2016,0.2716305200309507,0.2732982362816016,23420,41390488.0,39065.0
1100,394619,57,"Fresno, CA",msa,CA,2017,0.2898615700177329,0.2784935811385033,23420,42568888.0,39594.0
1101,394619,57,"Fresno, CA",msa,CA,2018,0.313210963196486,0.2800150861325285,23420,43779278.0,40602.0
1102,394619,57,"Fresno, CA",msa,CA,2019,0.2953403022001907,0.2838877412187713,23420,45018790.0,42636.0
1103,394619,57,"Fresno, CA",msa,CA,2020,0.2717567079528722,0.2847805404796026,23420,44416463.0,48200.0
1104,394619,57,"Fresno, CA",msa,CA,2021,0.2844976429314028,0.3085370950151317,23420,46007412.0,51977.0
1105,394619,57,"Fresno, CA",msa,CA,2022,0.3803232403741983,0.3209243731769465,23420,46107283.0,50440.0
1106,394619,57,"Fresno, CA",msa,CA,2023,0.4126575223046957,0.3248646900279001,23420,47612742.0,52728.0
1107,394620,383,"Gadsden, AL",msa,AL,2015,0.1515950223234562,0.176979374928074,23460,3106556.0,33728.0
1108,394620,383,"Gadsden, AL",msa,AL,2016,0.1508413486843866,0.1782984275562513,23460,3118102.0,34226.0
1109,394620,383,"Gadsden, AL",msa,AL,2017,0.1598674006131667,0.1918953985579609,23460,3095515.0,35164.0
1110,394620,383,"Gadsden, AL",msa,AL,2018,0.2329201444046867,0.2284958141081216,23460,3131025.0,36167.0
1111,394620,383,"Gadsden, AL",msa,AL,2019,0.1653471538365129,0.2183573080262539,23460,3065345.0,37313.0
1112,394620,383,"Gadsden, AL",msa,AL,2020,0.1634302318769155,0.2182326991633107,23460,2824810.0,39536.0
1113,394620,383,"Gadsden, AL",msa,AL,2021,0.1607306857808833,0.2318724882935368,23460,2919437.0,42777.0
1114,394620,383,"Gadsden, AL",msa,AL,2022,0.2189559504956991,0.2037072841256393,23460,2952383.0,43196.0
1115,394620,383,"Gadsden, AL",msa,AL,2023,0.2408638164280058,0.2021672899929993,23460,3002919.0,45062.0
1116,394622,155,"Gainesville, FL",msa,FL,2015,0.2368213258140324,0.2415164479224444,23540,13665562.0,37400.0
1117,394622,155,"Gainesville, FL",msa,FL,2016,0.2479050601041465,0.2536955592314227,23540,13950035.0,38050.0
1118,394622,155,"Gainesville, FL",msa,FL,2017,0.2619348969716236,0.2604243879243957,23540,14483506.0,40157.0
1119,394622,155,"Gainesville, FL",msa,FL,2018,0.2690102158050608,0.254182327071159,23540,14965419.0,41874.0
1120,394622,155,"Gainesville, FL",msa,FL,2019,0.2558149742421245,0.2578505540875417,23540,15397159.0,43838.0
1121,394622,155,"Gainesville, FL",msa,FL,2020,0.246113460138333,0.2591522217462141,23540,15408320.0,46380.0
1122,394622,155,"Gainesville, FL",msa,FL,2021,0.2569006749685887,0.2728746778029471,23540,16415475.0,50186.0
1123,394622,155,"Gainesville, FL",msa,FL,2022,0.3354553144438946,0.2959696995565028,23540,16965502.0,50847.0
1124,394622,155,"Gainesville, FL",msa,FL,2023,0.3789367908598618,0.2971691895722199,23540,17724526.0,54166.0
1125,394623,226,"Gainesville, GA",msa,GA,2015,0.2023929484112834,0.2097441494466152,23580,9396494.0,39217.0
1126,394623,226,"Gainesville, GA",msa,GA,2016,0.2047547565172717,0.2127877092988966,23580,9761450.0,40410.0
1127,394623,226,"Gainesville, GA",msa,GA,2017,0.2207877217057535,0.2155786924274367,23580,10517593.0,42772.0
1128,394623,226,"Gainesville, GA",msa,GA,2018,0.2293661546420417,0.215246605755578,23580,11029043.0,45139.0
1129,394623,226,"Gainesville, GA",msa,GA,2019,0.2254297656209599,0.2216827129348868,23580,11289071.0,46350.0
1130,394623,226,"Gainesville, GA",msa,GA,2020,0.2157884959810578,0.2246815375137324,23580,11480934.0,49283.0
1131,394623,226,"Gainesville, GA",msa,GA,2021,0.2334813908205743,0.2474452199815835,23580,12125633.0,55114.0
1132,394623,226,"Gainesville, GA",msa,GA,2022,0.3246570127373916,0.2648266037225197,23580,13015442.0,57126.0
1133,394623,226,"Gainesville, GA",msa,GA,2023,0.3710372115741737,0.2654408058960755,23580,13196711.0,60036.0
1134,394630,382,"Gettysburg, PA",msa,PA,2015,0.1724422121028286,0.175794192295579,23900,3830516.0,44203.0
1135,394630,382,"Gettysburg, PA",msa,PA,2016,0.1657219422538601,0.1774016661408798,23900,3888451.0,44749.0
1136,394630,382,"Gettysburg, PA",msa,PA,2017,0.1740981894937565,0.1891634607106198,23900,4038383.0,45899.0
1137,394630,382,"Gettysburg, PA",msa,PA,2018,0.2338869736131622,0.2176925659483609,23900,3939119.0,47838.0
1138,394630,382,"Gettysburg, PA",msa,PA,2019,0.1890217551050309,0.2082791061604119,23900,3846736.0,48890.0
1139,394630,382,"Gettysburg, PA",msa,PA,2020,0.2106366054286875,0.2075165918121726,23900,3655582.0,52997.0
1140,394630,382,"Gettysburg, PA",msa,PA,2021,0.2174484564287129,0.2181312306558286,23900,3764950.0,55416.0
1141,394630,382,"Gettysburg, PA",msa,PA,2022,0.2738444185914425,0.1690148848105311,23900,3760563.0,56506.0
1142,394630,382,"Gettysburg, PA",msa,PA,2023,0.261832307291905,0.1683051612886789,23900,3731401.0,58880.0
1143,394635,350,"Goldsboro, NC",msa,NC,2015,0.1713493768846817,0.1925276849209177,24140,4807226.0,35707.0
1144,394635,350,"Goldsboro, NC",msa,NC,2016,0.1655443041600312,0.1903729827908676,24140,4851709.0,36184.0
1145,394635,350,"Goldsboro, NC",msa,NC,2017,0.1773701785530273,0.2125569555564573,24140,4893997.0,38161.0
1146,394635,350,"Goldsboro, NC",msa,NC,2018,0.1884281182716856,0.2096767762339558,24140,4869720.0,39399.0
1147,394635,350,"Goldsboro, NC",msa,NC,2019,0.1742657308491272,0.2054694031196865,24140,4865324.0,41262.0
1148,394635,350,"Goldsboro, NC",msa,NC,2020,0.1623622588861932,0.210979789301182,24140,4753242.0,44201.0
1149,394635,350,"Goldsboro, NC",msa,NC,2021,0.159777342922942,0.2227448321322464,24140,4988171.0,49199.0
1150,394635,350,"Goldsboro, NC",msa,NC,2022,0.2111648794512647,0.2302284862612563,24140,5039189.0,49441.0
1151,394635,350,"Goldsboro, NC",msa,NC,2023,0.2426621624257773,0.2711495689943731,24140,4989254.0,50748.0
1152,394637,377,"Grand Forks, ND",msa,MN,2015,0.2490866563468139,0.1710534617655993,24220,5289062.0,44911.0
1153,394637,377,"Grand Forks, ND",msa,MN,2016,0.2635597464606321,0.1738146204793938,24220,5412906.0,45077.0
1154,394637,377,"Grand Forks, ND",msa,MN,2017,0.2780871590429741,0.1782357093212552,24220,5409304.0,45947.0
1155,394637,377,"Grand Forks, ND",msa,MN,2018,0.2775139873390619,0.1744795733093183,24220,5431145.0,47983.0
1156,394637,377,"Grand Forks, ND",msa,MN,2019,0.2511969408146448,0.1679662986970438,24220,5469819.0,49344.0
1157,394637,377,"Grand Forks, ND",msa,MN,2020,0.2322232737760396,0.1646521624076199,24220,5321907.0,54362.0
1158,394637,377,"Grand Forks, ND",msa,MN,2021,0.233247553901192,0.1631662001049958,24220,5475646.0,58992.0
1159,394637,377,"Grand Forks, ND",msa,MN,2022,0.2749128564013849,0.1553498361825852,24220,5420334.0,61337.0
1160,394637,377,"Grand Forks, ND",msa,MN,2023,0.295236103576291,0.1510268405479939,24220,5383923.0,62364.0
1161,394638,462,"Grand Island, NE",msa,NE,2015,0.1949970885570308,0.2600821366044489,24260,4165247.0,40999.0
1162,394638,462,"Grand Island, NE",msa,NE,2016,0.188929792275746,0.1760347446520297,24260,4232127.0,40608.0
1163,394638,462,"Grand Island, NE",msa,NE,2017,0.1975226734281275,0.1614451551992232,24260,4050138.0,41110.0
1164,394638,462,"Grand Island, NE",msa,NE,2018,0.2239871035965086,0.1593592033077201,24260,4106450.0,41918.0
1165,394638,462,"Grand Island, NE",msa,NE,2019,0.2142747419596337,0.1642869827928802,24260,4116242.0,43964.0
1166,394638,462,"Grand Island, NE",msa,NE,2020,0.2099188978223703,0.1698621670956855,24260,4057195.0,47576.0
1167,394638,462,"Grand Island, NE",msa,NE,2021,0.2100721513485984,0.1734217933068721,24260,4476132.0,54217.0
1168,394638,462,"Grand Island, NE",msa,NE,2022,0.2653703399930129,0.175458133184983,24260,4447390.0,56736.0
1169,394638,462,"Grand Island, NE",msa,NE,2023,0.2844398836947788,0.1692408632026436,24260,4635163.0,60508.0
1170,394639,280,"Grand Junction, CO",msa,CO,2015,0.2392620471449231,0.2032864204003727,24300,6151499.0,40295.0
1171,394639,280,"Grand Junction, CO",msa,CO,2016,0.2431889858882538,0.2057136433819135,24300,6022330.0,39840.0
1172,394639,280,"Grand Junction, CO",msa,CO,2017,0.2644976881775738,0.2154370556232916,24300,6404009.0,42117.0
1173,394639,280,"Grand Junction, CO",msa,CO,2018,0.2829655946568375,0.2160316478313044,24300,6686313.0,44404.0
1174,394639,280,"Grand Junction, CO",msa,CO,2019,0.2688529026665678,0.2160470580719376,24300,6815198.0,45982.0
1175,394639,280,"Grand Junction, CO",msa,CO,2020,0.2517676335931246,0.2126046383953753,24300,6608274.0,48393.0
1176,394639,280,"Grand Junction, CO",msa,CO,2021,0.2665465470064582,0.2236627416340198,24300,6930925.0,52891.0
1177,394639,280,"Grand Junction, CO",msa,CO,2022,0.3829205465118243,0.2522985979896437,24300,7177634.0,55220.0
1178,394639,280,"Grand Junction, CO",msa,CO,2023,0.4501945825817727,0.2693496798381043,24300,7367394.0,57653.0
1179,394640,53,"Grand Rapids, MI",msa,MI,2015,0.1854516184817192,0.2009424306413462,24340,56543645.0,45237.0
1180,394640,53,"Grand Rapids, MI",msa,MI,2016,0.1874756680995225,0.2094138168749062,24340,58005353.0,46134.0
1181,394640,53,"Grand Rapids, MI",msa,MI,2017,0.1974935420266037,0.2148243555136836,24340,58890732.0,46861.0
1182,394640,53,"Grand Rapids, MI",msa,MI,2018,0.2144446518959496,0.2193492446239429,24340,60849854.0,48604.0
1183,394640,53,"Grand Rapids, MI",msa,MI,2019,0.209153346068165,0.223430497039032,24340,61303421.0,50150.0
1184,394640,53,"Grand Rapids, MI",msa,MI,2020,0.1987645153550888,0.2230807412127873,24340,60063912.0,54955.0
1185,394640,53,"Grand Rapids, MI",msa,MI,2021,0.2062366808477747,0.2302410842817356,24340,64204641.0,61100.0
1186,394640,53,"Grand Rapids, MI",msa,MI,2022,0.2426704863480967,0.2440264009158231,24340,65462466.0,62288.0
1187,394640,53,"Grand Rapids, MI",msa,MI,2023,0.3031924091331862,0.2488504743143663,24340,66215291.0,65239.0
1188,394641,422,"Grants Pass, OR",msa,OR,2015,0.3240764109096824,0.2380855513435837,24420,2441178.0,35953.0
1189,394641,422,"Grants Pass, OR",msa,OR,2016,0.3265907592783791,0.2442294136442204,24420,2467631.0,36778.0
1190,394641,422,"Grants Pass, OR",msa,OR,2017,0.3572502056139544,0.2134924577581805,24420,2650085.0,38707.0
1191,394641,422,"Grants Pass, OR",msa,OR,2018,0.3826171112660055,0.1946603974628363,24420,2764830.0,40915.0
1192,394641,422,"Grants Pass, OR",msa,OR,2019,0.3630442023791233,0.1939207921270546,24420,2949509.0,43707.0
1193,394641,422,"Grants Pass, OR",msa,OR,2020,0.3493014047141687,0.192652733599398,24420,2911287.0,48022.0
1194,394641,422,"Grants Pass, OR",msa,OR,2021,0.3842231871155978,0.2104763580807523,24420,3062153.0,52513.0
1195,394641,422,"Grants Pass, OR",msa,OR,2022,0.4519613039369649,0.202635923303288,24420,2950786.0,51561.0
1196,394641,422,"Grants Pass, OR",msa,OR,2023,0.4550660636501915,0.2863121225068119,24420,3094718.0,55038.0
1197,394644,433,"Great Falls, MT",msa,MT,2015,0.2454632380526119,0.2427826718340445,24500,3560168.0,41792.0
1198,394644,433,"Great Falls, MT",msa,MT,2016,0.2778219592715522,0.2462126072033075,24500,3563143.0,42445.0
1199,394644,433,"Great Falls, MT",msa,MT,2017,0.2504593433853318,0.2081489539886727,24500,3715757.0,43977.0
1200,394644,433,"Great Falls, MT",msa,MT,2018,0.2618089539989985,0.186150550937714,24500,3765477.0,45746.0
1201,394644,433,"Great Falls, MT",msa,MT,2019,0.2478066199720928,0.1848328712975446,24500,3717543.0,46852.0
1202,394644,433,"Great Falls, MT",msa,MT,2020,0.2323351170037463,0.18259865152063,24500,3660574.0,50352.0
1203,394644,433,"Great Falls, MT",msa,MT,2021,0.2470492319995624,0.2004754451683238,24500,3791808.0,54912.0
1204,394644,433,"Great Falls, MT",msa,MT,2022,0.3168036303921634,0.2126391060950121,24500,4051275.0,57157.0
1205,394644,433,"Great Falls, MT",msa,MT,2023,0.3551254080506054,0.2096595280455107,24500,4179787.0,60126.0
1206,394645,161,"Greeley, CO",msa,CO,2015,0.2318769124545023,0.2143858881532677,24540,16724499.0,43913.0
1207,394645,161,"Greeley, CO",msa,CO,2016,0.2498396412194583,0.2132389839472398,24540,17346759.0,43921.0
1208,394645,161,"Greeley, CO",msa,CO,2017,0.2733850029070954,0.2162999980873527,24540,18534036.0,44388.0
1209,394645,161,"Greeley, CO",msa,CO,2018,0.296919315283983,0.2147682276987914,24540,20592662.0,47852.0
1210,394645,161,"Greeley, CO",msa,CO,2019,0.2781951803114085,0.2159954714697231,24540,21737461.0,49754.0
1211,394645,161,"Greeley, CO",msa,CO,2020,0.2656768004894623,0.2141346658360089,24540,19906701.0,51918.0
1212,394645,161,"Greeley, CO",msa,CO,2021,0.276835587841628,0.2162341767346834,24540,20409798.0,56330.0
1213,394645,161,"Greeley, CO",msa,CO,2022,0.3830538428338394,0.2282231345335335,24540,19168541.0,59270.0
1214,394645,161,"Greeley, CO",msa,CO,2023,0.409794001417312,0.2304481432397875,24540,22705689.0,62532.0
1215,394646,157,"Green Bay, WI",msa,WI,2015,0.2004848878487584,0.2417602443762032,24580,19835345.0,45820.0
1216,394646,157,"Green Bay, WI",msa,WI,2016,0.1971471474477486,0.2419787174645482,24580,20039250.0,46213.0
1217,394646,157,"Green Bay, WI",msa,WI,2017,0.2062643102614516,0.2361961640435903,24580,20005038.0,47909.0
1218,394646,157,"Green Bay, WI",msa,WI,2018,0.2172298279004458,0.2277824685579133,24580,20648388.0,50475.0
1219,394646,157,"Green Bay, WI",msa,WI,2019,0.2168221408389085,0.2303644905042202,24580,20722458.0,51836.0
1220,394646,157,"Green Bay, WI",msa,WI,2020,0.2094663142461934,0.2340955483942026,24580,20142751.0,55780.0
1221,394646,157,"Green Bay, WI",msa,WI,2021,0.2242630394266835,0.1399870288037431,24580,20534007.0,59613.0
1222,394646,157,"Green Bay, WI",msa,WI,2022,0.277403352397966,0.1468446959328918,24580,20827740.0,60880.0
1223,394646,157,"Green Bay, WI",msa,WI,2023,0.3086476903020369,0.1466268319071894,24580,21092915.0,63575.0
1224,394648,76,"Greensboro, NC",msa,NC,2015,0.1955833444048037,0.2218050991161357,24660,41466412.0,39610.0
1225,394648,76,"Greensboro, NC",msa,NC,2016,0.1893148950176537,0.2158990186693621,24660,41019892.0,39697.0
1226,394648,76,"Greensboro, NC",msa,NC,2017,0.1971962704461357,0.2173896931135372,24660,41215571.0,41010.0
1227,394648,76,"Greensboro, NC",msa,NC,2018,0.2101072346544512,0.217689217145044,24660,41409745.0,42445.0
1228,394648,76,"Greensboro, NC",msa,NC,2019,0.1988655948295482,0.2234178016543994,24660,40962026.0,44536.0
1229,394648,76,"Greensboro, NC",msa,NC,2020,0.1869587061893393,0.224144831116932,24660,39491075.0,47437.0
1230,394648,76,"Greensboro, NC",msa,NC,2021,0.2030823988680348,0.2381253188335722,24660,41075879.0,51874.0
1231,394648,76,"Greensboro, NC",msa,NC,2022,0.2685035069610487,0.2566037448977992,24660,42232267.0,53734.0
1232,394648,76,"Greensboro, NC",msa,NC,2023,0.301762622411508,0.2605037571176067,24660,42453281.0,56030.0
1233,394651,259,"Greenville, NC",msa,NC,2015,0.2014734024676951,0.2281278210609758,24780,9382802.0,38378.0
1234,394651,259,"Greenville, NC",msa,NC,2016,0.1949360263839068,0.2278309166006546,24780,9395392.0,39533.0
1235,394651,259,"Greenville, NC",msa,NC,2017,0.2041042872504006,0.2330552229685606,24780,9658131.0,40960.0
1236,394651,259,"Greenville, NC",msa,NC,2018,0.2068821268722446,0.2331476373689003,24780,9399113.0,43254.0
1237,394651,259,"Greenville, NC",msa,NC,2019,0.2036779677022938,0.23871031936476,24780,9256380.0,45526.0
1238,394651,259,"Greenville, NC",msa,NC,2020,0.1976200638732107,0.2439428511944695,24780,8957371.0,49093.0
1239,394651,259,"Greenville, NC",msa,NC,2021,0.2097873797910132,0.2598449292288697,24780,9212531.0,52984.0
1240,394651,259,"Greenville, NC",msa,NC,2022,0.2701141581935327,0.2702509239361825,24780,9427166.0,54090.0
1241,394651,259,"Greenville, NC",msa,NC,2023,0.3059212954923361,0.2745777736978474,24780,9691704.0,56956.0
1242,394653,61,"Greenville, SC",msa,SC,2015,0.1918982475333924,0.2350542482243593,24860,41809435.0,39964.0
1243,394653,61,"Greenville, SC",msa,SC,2016,0.1938055782225288,0.2356005101502832,24860,42980339.0,40680.0
1244,394653,61,"Greenville, SC",msa,SC,2017,0.1996859098734668,0.2323784352913966,24860,43798842.0,42418.0
1245,394653,61,"Greenville, SC",msa,SC,2018,0.2114043975150928,0.2317953480494555,24860,45521410.0,43719.0
1246,394653,61,"Greenville, SC",msa,SC,2019,0.2028400210532991,0.2341113213748482,24860,46486146.0,45548.0
1247,394653,61,"Greenville, SC",msa,SC,2020,0.190679800231177,0.2317918363020353,24860,45159656.0,47635.0
1248,394653,61,"Greenville, SC",msa,SC,2021,0.2039266214808925,0.2449547281657801,24860,47477661.0,51744.0
1249,394653,61,"Greenville, SC",msa,SC,2022,0.2786286910317313,0.2564145967574128,24860,49411335.0,53156.0
1250,394653,61,"Greenville, SC",msa,SC,2023,0.3153502242365877,0.2548262690641474,24860,50797835.0,55747.0
1251,394658,133,"Gulfport, MS",msa,MS,2015,0.1946641647047372,0.2224808622719601,25060,16952658.0,34597.0
1252,394658,133,"Gulfport, MS",msa,MS,2016,0.1977718419168156,0.2234368212468176,25060,17314958.0,35286.0
1253,394658,133,"Gulfport, MS",msa,MS,2017,0.2075922674247565,0.2237713001797968,25060,17329568.0,35848.0
1254,394658,133,"Gulfport, MS",msa,MS,2018,0.2222871214123099,0.2305097114863002,25060,16998219.0,36562.0
1255,394658,133,"Gulfport, MS",msa,MS,2019,0.2153275079715397,0.2343317704719819,25060,17580247.0,38045.0
1256,394658,133,"Gulfport, MS",msa,MS,2020,0.2010104235790553,0.2388558541120299,25060,17879941.0,41309.0
1257,394658,133,"Gulfport, MS",msa,MS,2021,0.2070290400125956,0.2541716461321318,25060,18741947.0,45852.0
1258,394658,133,"Gulfport, MS",msa,MS,2022,0.2642856546905577,0.2689039191349459,25060,18547056.0,45479.0
1259,394658,133,"Gulfport, MS",msa,MS,2023,0.2901131252899259,0.2741959140581502,25060,19381800.0,48268.0
1260,394660,170,"Hagerstown, MD",msa,MD,2015,0.1972153929235061,0.1973822949181172,25180,10525007.0,39304.0
1261,394660,170,"Hagerstown, MD",msa,MD,2016,0.1927258539952236,0.1973582204222811,25180,11015848.0,40491.0
1262,394660,170,"Hagerstown, MD",msa,MD,2017,0.2013401011972951,0.1955152232797236,25180,11326919.0,41433.0
1263,394660,170,"Hagerstown, MD",msa,MD,2018,0.2103132620174752,0.1928321191467365,25180,11663887.0,42916.0
1264,394660,170,"Hagerstown, MD",msa,MD,2019,0.203392321185908,0.1940173572870525,25180,11478956.0,44640.0
1265,394660,170,"Hagerstown, MD",msa,MD,2020,0.1951519151170501,0.1972547283931184,25180,10940782.0,47730.0
1266,394660,170,"Hagerstown, MD",msa,MD,2021,0.2086232184086171,0.2114248470728965,25180,11645353.0,51811.0
1267,394660,170,"Hagerstown, MD",msa,MD,2022,0.2647304873814857,0.2236045108949466,25180,11618276.0,52195.0
1268,394660,170,"Hagerstown, MD",msa,MD,2023,0.2920550807597398,0.2256553499706145,25180,12014140.0,55041.0
1269,394661,325,"Hammond, LA",msa,LA,2015,0.2521674774017605,0.2005474649420533,25220,3637806.0,35677.0
1270,394661,325,"Hammond, LA",msa,LA,2016,0.2511315650253733,0.2225039770920272,25220,3782194.0,36545.0
1271,394661,325,"Hammond, LA",msa,LA,2017,0.249019392323916,0.1959816080160932,25220,4086210.0,37512.0
1272,394661,325,"Hammond, LA",msa,LA,2018,0.26090976723723,0.1890085032645389,25220,4096259.0,38306.0
1273,394661,325,"Hammond, LA",msa,LA,2019,0.23695059067041,0.1981095995840842,25220,4352843.0,40525.0
1274,394661,325,"Hammond, LA",msa,LA,2020,0.2231422096182123,0.2077966809460565,25220,4240458.0,43918.0
1275,394661,325,"Hammond, LA",msa,LA,2021,0.2238028645515951,0.2044021399991431,25220,4437179.0,47871.0
1276,394661,325,"Hammond, LA",msa,LA,2022,0.2881298745587955,0.2380042839995184,25220,4487376.0,47688.0
1277,394661,325,"Hammond, LA",msa,LA,2023,0.3385018302749392,0.2380025038135696,25220,4756791.0,50875.0
1278,394662,290,"Hanford, CA",msa,CA,2015,0.22800965458797,0.1895598940782464,25260,5721626.0,32758.0
1279,394662,290,"Hanford, CA",msa,CA,2016,0.223243180450477,0.2286813026075446,25260,6065609.0,34192.0
1280,394662,290,"Hanford, CA",msa,CA,2017,0.2329409848430782,0.2540734260928193,25260,6443298.0,35431.0
1281,394662,290,"Hanford, CA",msa,CA,2018,0.2512360242261083,0.2528977810520015,25260,6336899.0,35083.0
1282,394662,290,"Hanford, CA",msa,CA,2019,0.2457468851856235,0.2521014741349375,25260,6457601.0,36435.0
1283,394662,290,"Hanford, CA",msa,CA,2020,0.2384200691656999,0.2552289668368554,25260,6531692.0,41319.0
1284,394662,290,"Hanford, CA",msa,CA,2021,0.2546278269542881,0.2676489834912346,25260,6604670.0,43867.0
1285,394662,290,"Hanford, CA",msa,CA,2022,0.344662857697126,0.2862592263670225,25260,6868202.0,42565.0
1286,394662,290,"Hanford, CA",msa,CA,2023,0.3827593358887722,0.2931247246281998,25260,7041297.0,43994.0
1287,394666,99,"Harrisburg, PA",msa,PA,2015,0.1943265532600052,0.1698488215722412,25420,38272320.0,46923.0
1288,394666,99,"Harrisburg, PA",msa,PA,2016,0.1754826160438065,0.1676556362141129,25420,38454881.0,47272.0
1289,394666,99,"Harrisburg, PA",msa,PA,2017,0.20520656640416,0.1668064492240532,25420,38684588.0,48938.0
1290,394666,99,"Harrisburg, PA",msa,PA,2018,0.2066824110244977,0.1682218267837781,25420,39391581.0,51137.0
1291,394666,99,"Harrisburg, PA",msa,PA,2019,0.1734348342104004,0.1740958539630284,25420,40601043.0,53265.0
1292,394666,99,"Harrisburg, PA",msa,PA,2020,0.1754557229132173,0.1746055778042045,25420,38629293.0,57285.0
1293,394666,99,"Harrisburg, PA",msa,PA,2021,0.1994990847510656,0.1866833197374467,25420,40625492.0,60447.0
1294,394666,99,"Harrisburg, PA",msa,PA,2022,0.2510128689605365,0.1961913411830936,25420,41093042.0,61224.0
1295,394666,99,"Harrisburg, PA",msa,PA,2023,0.2886965839995719,0.2001446033983987,25420,41591153.0,64066.0
1296,394668,317,"Harrisonburg, VA",msa,VA,2015,0.2192716523016013,0.1997877049849386,25500,7751051.0,36627.0
1297,394668,317,"Harrisonburg, VA",msa,VA,2016,0.2167816378489854,0.2043837067593342,25500,7467012.0,35715.0
1298,394668,317,"Harrisonburg, VA",msa,VA,2017,0.2225479809478865,0.2106700734396498,25500,7664982.0,37621.0
1299,394668,317,"Harrisonburg, VA",msa,VA,2018,0.2330701162669784,0.2094969301901373,25500,7859692.0,39153.0
1300,394668,317,"Harrisonburg, VA",msa,VA,2019,0.2184549948473895,0.2077133519904065,25500,7986941.0,40517.0
1301,394668,317,"Harrisonburg, VA",msa,VA,2020,0.2038862339840007,0.2105474023562791,25500,7595563.0,42773.0
1302,394668,317,"Harrisonburg, VA",msa,VA,2021,0.2120535587260277,0.2179873383318071,25500,8283646.0,48241.0
1303,394668,317,"Harrisonburg, VA",msa,VA,2022,0.2756516023033123,0.2292683054696911,25500,8627419.0,51204.0
1304,394668,317,"Harrisonburg, VA",msa,VA,2023,0.3130202824411217,0.236697985882841,25500,8287227.0,51573.0
1305,394669,49,"Hartford, CT",msa,CT,2015,0.2355132121809063,0.1928127938577899,25540,97478200.0,57381.0
1306,394669,49,"Hartford, CT",msa,CT,2016,0.232280580926706,0.1941489624020792,25540,97917009.0,58299.0
1307,394669,49,"Hartford, CT",msa,CT,2017,0.2388702677038902,0.1943262076612755,25540,100616750.0,59371.0
1308,394669,49,"Hartford, CT",msa,CT,2018,0.2481016159823663,0.1953286773244274,25540,100887989.0,61433.0
1309,394669,49,"Hartford, CT",msa,CT,2019,0.2363630998966348,0.1968057997857175,25540,101852675.0,63323.0
1310,394669,49,"Hartford, CT",msa,CT,2020,0.2232226285773116,0.1996465052931439,25540,94783400.0,66941.0
1311,394669,49,"Hartford, CT",msa,CT,2021,0.2298636825826734,0.2086808060731111,25540,97642124.0,69688.0
1312,394669,49,"Hartford, CT",msa,CT,2022,0.2814793210263704,0.2184693795115751,25540,100472968.0,71684.0
1313,394669,49,"Hartford, CT",msa,CT,2023,0.3201857254766542,0.2239234731503722,25540,102764650.0,75241.0
1314,394671,255,"Hattiesburg, MS",msa,MS,2015,0.2047187978396405,0.2192374392768328,25620,6273221.0,35790.0
1315,394671,255,"Hattiesburg, MS",msa,MS,2016,0.2076160081156689,0.1976556427903565,25620,6152625.0,35725.0
1316,394671,255,"Hattiesburg, MS",msa,MS,2017,0.2037561829545183,0.1798784188326277,25620,6262313.0,36855.0
1317,394671,255,"Hattiesburg, MS",msa,MS,2018,0.2169909062873996,0.1925628314121816,25620,6249222.0,37587.0
1318,394671,255,"Hattiesburg, MS",msa,MS,2019,0.2051557775288117,0.193205491949637,25620,6178843.0,38236.0
1319,394671,255,"Hattiesburg, MS",msa,MS,2020,0.1899260197504393,0.1784748334080462,25620,6084681.0,41097.0
1320,394671,255,"Hattiesburg, MS",msa,MS,2021,0.1925121924614896,0.1798836079238018,25620,6564082.0,45351.0
1321,394671,255,"Hattiesburg, MS",msa,MS,2022,0.2456436167793912,0.234248855087338,25620,6671826.0,45690.0
1322,394671,255,"Hattiesburg, MS",msa,MS,2023,0.2805291739340361,0.2429235948458197,25620,6913181.0,47876.0
1323,394679,150,"Hickory, NC",msa,NC,2015,0.1754274735716243,0.2411568244085272,25860,14219424.0,35359.0
1324,394679,150,"Hickory, NC",msa,NC,2016,0.1723660094760794,0.2386318603629621,25860,14603221.0,36356.0
1325,394679,150,"Hickory, NC",msa,NC,2017,0.1773595054691628,0.2214661720716124,25860,15103484.0,38155.0
1326,394679,150,"Hickory, NC",msa,NC,2018,0.1868700328058422,0.2165377938869433,25860,14923589.0,39398.0
1327,394679,150,"Hickory, NC",msa,NC,2019,0.185686876213499,0.2144250634579384,25860,14741211.0,41260.0
1328,394679,150,"Hickory, NC",msa,NC,2020,0.1835942281513067,0.2153826728964792,25860,14434453.0,44497.0
1329,394679,150,"Hickory, NC",msa,NC,2021,0.1965634684225727,0.2349853793390971,25860,15092565.0,48835.0
1330,394679,150,"Hickory, NC",msa,NC,2022,0.2617110483890901,0.2613972899781602,25860,15500795.0,50195.0
1331,394679,150,"Hickory, NC",msa,NC,2023,0.3103567297265147,0.269391182134452,25860,15312194.0,52213.0
1332,394681,216,"Hilton Head Island, SC",msa,SC,2015,0.2747973917060872,0.234063384102579,25940,8560666.0,48838.0
1333,394681,216,"Hilton Head Island, SC",msa,SC,2016,0.2790453573599829,0.2409219730662134,25940,8817628.0,50811.0
1334,394681,216,"Hilton Head Island, SC",msa,SC,2017,0.2823282152530169,0.2436730504634376,25940,8876622.0,52089.0
1335,394681,216,"Hilton Head Island, SC",msa,SC,2018,0.2978433322679094,0.245318124415338,25940,9319395.0,54572.0
1336,394681,216,"Hilton Head Island, SC",msa,SC,2019,0.2694426556678042,0.2366520707551391,25940,9762165.0,58576.0
1337,394681,216,"Hilton Head Island, SC",msa,SC,2020,0.2915511554115076,0.2367897496206636,25940,9971047.0,61486.0
1338,394681,216,"Hilton Head Island, SC",msa,SC,2021,0.2700195341501837,0.2581673709614883,25940,10324401.0,67583.0
1339,394681,216,"Hilton Head Island, SC",msa,SC,2022,0.3963205002411226,0.3001477801259317,25940,10974028.0,71058.0
1340,394681,216,"Hilton Head Island, SC",msa,SC,2023,0.4564683293114009,0.2991104029438048,25940,11429484.0,75647.0
1341,394682,449,"Hinesville, GA",msa,GA,2015,0.227359748124544,0.2662682742863487,25980,3806525.0,32106.0
1342,394682,449,"Hinesville, GA",msa,GA,2016,0.2111705885909327,0.2561285749987429,25980,3772860.0,31954.0
1343,394682,449,"Hinesville, GA",msa,GA,2017,0.1927283818115629,0.242603576019475,25980,3790848.0,33078.0
1344,394682,449,"Hinesville, GA",msa,GA,2018,0.2030122217105567,0.2362857907138481,25980,3833459.0,34926.0
1345,394682,449,"Hinesville, GA",msa,GA,2019,0.1977374384998902,0.2370030678061439,25980,3868264.0,34930.0
1346,394682,449,"Hinesville, GA",msa,GA,2020,0.1910401285353704,0.244638002708093,25980,3784101.0,37542.0
1347,394682,449,"Hinesville, GA",msa,GA,2021,0.193976122380015,0.2671820177526444,25980,4110009.0,40817.0
1348,394682,449,"Hinesville, GA",msa,GA,2022,0.2650431575199188,0.3029055398188857,25980,4094419.0,39944.0
1349,394682,449,"Hinesville, GA",msa,GA,2023,0.3098814012931678,0.3000277509854646,25980,4124707.0,41210.0
1350,394685,289,"Homosassa Springs, FL",msa,FL,2015,0.2026074997748209,0.1912757098685122,26140,3795411.0,35385.0
1351,394685,289,"Homosassa Springs, FL",msa,FL,2016,0.203394265818464,0.2365625690295737,26140,3881586.0,35589.0
1352,394685,289,"Homosassa Springs, FL",msa,FL,2017,0.2237655564204147,0.2741527688065385,26140,3704389.0,36349.0
1353,394685,289,"Homosassa Springs, FL",msa,FL,2018,0.2367029111322772,0.2732478678740859,26140,3890477.0,37553.0
1354,394685,289,"Homosassa Springs, FL",msa,FL,2019,0.2277047633851664,0.272016770907513,26140,4177469.0,39064.0
1355,394685,289,"Homosassa Springs, FL",msa,FL,2020,0.2157059140170058,0.2756275209174477,26140,4220549.0,41566.0
1356,394685,289,"Homosassa Springs, FL",msa,FL,2021,0.2494912925814241,0.3146492804395441,26140,4612378.0,45422.0
1357,394685,289,"Homosassa Springs, FL",msa,FL,2022,0.3597431686912556,0.3407823795926388,26140,4894456.0,44901.0
1358,394685,289,"Homosassa Springs, FL",msa,FL,2023,0.4107891215136849,0.3546450293270533,26140,5072824.0,47178.0
1359,394689,392,"Hot Springs, AR",msa,AR,2015,0.2040941055562865,0.1864172259485146,26300,3230244.0,36476.0
1360,394689,392,"Hot Springs, AR",msa,AR,2016,0.1992677570722179,0.1886868689915041,26300,3279101.0,37406.0
1361,394689,392,"Hot Springs, AR",msa,AR,2017,0.200354883609182,0.1858783625184613,26300,3297461.0,38345.0
1362,394689,392,"Hot Springs, AR",msa,AR,2018,0.212725640451074,0.1813560246679774,26300,3379134.0,39353.0
1363,394689,392,"Hot Springs, AR",msa,AR,2019,0.2082221546646784,0.1817719058429864,26300,3433130.0,41376.0
1364,394689,392,"Hot Springs, AR",msa,AR,2020,0.1999324606158657,0.1893610815874634,26300,3406886.0,45046.0
1365,394689,392,"Hot Springs, AR",msa,AR,2021,0.2163875866141132,0.1966869631204954,26300,3524013.0,48218.0
1366,394689,392,"Hot Springs, AR",msa,AR,2022,0.3001219948514824,0.2806226956570325,26300,3557580.0,49641.0
1367,394689,392,"Hot Springs, AR",msa,AR,2023,0.3262948591760763,0.2944804893690595,26300,3654803.0,52506.0
1368,394691,221,"Houma, LA",msa,LA,2015,0.2425615404170119,0.1807123235148783,26380,11135205.0,43427.0
1369,394691,221,"Houma, LA",msa,LA,2016,0.2445062760742381,0.1773107871060827,26380,9628706.0,40274.0
1370,394691,221,"Houma, LA",msa,LA,2017,0.2403246613720924,0.1712345826126187,26380,9241061.0,40974.0
1371,394691,221,"Houma, LA",msa,LA,2018,0.2458294378516928,0.1675466616657018,26380,9579891.0,41914.0
1372,394691,221,"Houma, LA",msa,LA,2019,0.2319193501848073,0.1694270469431686,26380,9533673.0,43662.0
1373,394691,221,"Houma, LA",msa,LA,2020,0.219096365903343,0.1700211117506194,26380,8899826.0,45507.0
1374,394691,221,"Houma, LA",msa,LA,2021,0.2044163658334599,0.1666389560484342,26380,9003701.0,50045.0
1375,394691,221,"Houma, LA",msa,LA,2022,0.2343698944737559,0.2257849617318326,26380,9182773.0,51635.0
1376,394691,221,"Houma, LA",msa,LA,2023,0.2343704915358752,0.2663976445486488,26380,9898374.0,55657.0
1377,394692,5,"Houston, TX",msa,TX,2015,0.227395080858017,0.2424968336490174,26420,477484630.0,54213.0
1378,394692,5,"Houston, TX",msa,TX,2016,0.2407507477425448,0.2398310050452058,26420,467360514.0,50842.0
1379,394692,5,"Houston, TX",msa,TX,2017,0.2520067146810106,0.2382822664252733,26420,470676136.0,53998.0
1380,394692,5,"Houston, TX",msa,TX,2018,0.2574761237400266,0.2377870756686552,26420,491166782.0,57080.0
1381,394692,5,"Houston, TX",msa,TX,2019,0.2254976562641222,0.2368292385874076,26420,486873172.0,58891.0
1382,394692,5,"Houston, TX",msa,TX,2020,0.21703346098841,0.2345881075297067,26420,478037198.0,59431.0
1383,394692,5,"Houston, TX",msa,TX,2021,0.239024707420147,0.2416440074038565,26420,501191617.0,65196.0
1384,394692,5,"Houston, TX",msa,TX,2022,0.2984162556102837,0.2508153083407143,26420,522617412.0,68808.0
1385,394692,5,"Houston, TX",msa,TX,2023,0.327055108887654,0.2464311676418956,26420,550795536.0,72453.0
1386,394697,151,"Huntington, WV",msa,OH,2015,0.1665707959628692,0.2378239060152487,26580,15172130.0,36165.0
1387,394697,151,"Huntington, WV",msa,OH,2016,0.1662930903001611,0.2281044306253173,26580,14735222.0,36130.0
1388,394697,151,"Huntington, WV",msa,OH,2017,0.1685099700597055,0.1864715810997505,26580,14669576.0,37445.0
1389,394697,151,"Huntington, WV",msa,OH,2018,0.1700457579357267,0.179209641542095,26580,15381602.0,39517.0
1390,394697,151,"Huntington, WV",msa,OH,2019,0.1538134574624829,0.1703482861520205,26580,15646447.0,40967.0
1391,394697,151,"Huntington, WV",msa,OH,2020,0.1476883656228561,0.1716206304052603,26580,14379313.0,43832.0
1392,394697,151,"Huntington, WV",msa,OH,2021,0.1502545143719997,0.1708834212525156,26580,14743891.0,47477.0
1393,394697,151,"Huntington, WV",msa,OH,2022,0.1793491861325306,0.1678019802678619,26580,14564977.0,48290.0
1394,394697,151,"Huntington, WV",msa,OH,2023,0.1939700362676571,0.1669692168054432,26580,15235180.0,51286.0
1395,394698,114,"Huntsville, AL",msa,AL,2015,0.1826798185968439,0.1698958515415526,26620,25701010.0,44355.0
1396,394698,114,"Huntsville, AL",msa,AL,2016,0.1785915116826546,0.1693875723987948,26620,26510299.0,45414.0
1397,394698,114,"Huntsville, AL",msa,AL,2017,0.1820414067609048,0.1696470555672716,26620,27520607.0,46759.0
1398,394698,114,"Huntsville, AL",msa,AL,2018,0.1887775760832447,0.1711388870315989,26620,28602244.0,48596.0
1399,394698,114,"Huntsville, AL",msa,AL,2019,0.1819089837048561,0.1778689628484408,26620,30239374.0,50917.0
1400,394698,114,"Huntsville, AL",msa,AL,2020,0.172734146272586,0.1862727143486049,26620,30731153.0,54238.0
1401,394698,114,"Huntsville, AL",msa,AL,2021,0.1868360463646871,0.2004358578477013,26620,32580889.0,58950.0
1402,394698,114,"Huntsville, AL",msa,AL,2022,0.2482090637090916,0.2052731067689352,26620,34070054.0,60687.0
1403,394698,114,"Huntsville, AL",msa,AL,2023,0.2730920195183771,0.2033587505714066,26620,36099905.0,64089.0
1404,394703,279,"Idaho Falls, ID",msa,ID,2015,0.1793167618144631,0.1394795489729725,26820,6316252.0,39107.0
1405,394703,279,"Idaho Falls, ID",msa,ID,2016,0.1851537308639904,0.1419308903484684,26820,6592241.0,42068.0
1406,394703,279,"Idaho Falls, ID",msa,ID,2017,0.2026022158834934,0.1465499459622271,26820,7361547.0,45446.0
1407,394703,279,"Idaho Falls, ID",msa,ID,2018,0.2316907974398313,0.1543379659296469,26820,8111156.0,49164.0
1408,394703,279,"Idaho Falls, ID",msa,ID,2019,0.2217564327399741,0.1549844413379799,26820,8943485.0,52492.0
1409,394703,279,"Idaho Falls, ID",msa,ID,2020,0.2193374821981037,0.1595922300023433,26820,9030045.0,56116.0
1410,394703,279,"Idaho Falls, ID",msa,ID,2021,0.2574297129434633,0.1797468871060109,26820,9259683.0,59318.0
1411,394703,279,"Idaho Falls, ID",msa,ID,2022,0.3573353069258864,0.1932399694181516,26820,9107882.0,55449.0
1412,394703,279,"Idaho Falls, ID",msa,ID,2023,0.3744130465261858,0.1910255329741156,26820,9447519.0,57483.0
1413,394705,34,"Indianapolis, IN",msa,IN,2015,0.1656208726454116,0.2006195302389029,26900,129541147.0,48575.0
1414,394705,34,"Indianapolis, IN",msa,IN,2016,0.1642883199271149,0.1969374445895744,26900,132707968.0,50022.0
1415,394705,34,"Indianapolis, IN",msa,IN,2017,0.1726877084659521,0.1955913962896487,26900,135881902.0,51172.0
1416,394705,34,"Indianapolis, IN",msa,IN,2018,0.1868046820247301,0.1970678661636274,26900,140736192.0,53569.0
1417,394705,34,"Indianapolis, IN",msa,IN,2019,0.1814767164385654,0.1964671000581578,26900,143849528.0,56407.0
1418,394705,34,"Indianapolis, IN",msa,IN,2020,0.1723009248670627,0.1969590855167418,26900,142833662.0,60299.0
1419,394705,34,"Indianapolis, IN",msa,IN,2021,0.1838883754997099,0.2043519870708446,26900,152526284.0,67119.0
1420,394705,34,"Indianapolis, IN",msa,IN,2022,0.2410494090085092,0.2121281392428106,26900,158800351.0,69545.0
1421,394705,34,"Indianapolis, IN",msa,IN,2023,0.2699194874636204,0.2128046521745497,26900,161812303.0,72494.0
1422,394707,252,"Iowa City, IA",msa,IA,2015,0.2358693883702736,0.2125696529387256,26980,10040453.0,47934.0
1423,394707,252,"Iowa City, IA",msa,IA,2016,0.2376068186297345,0.2246856984527745,26980,10202427.0,48965.0
1424,394707,252,"Iowa City, IA",msa,IA,2017,0.2400126718287814,0.2208655566463876,26980,10820185.0,50940.0
1425,394707,252,"Iowa City, IA",msa,IA,2018,0.2503372586670641,0.2171571250803284,26980,10918793.0,53765.0
1426,394707,252,"Iowa City, IA",msa,IA,2019,0.2387445334428039,0.21112528578205,26980,10819831.0,54658.0
1427,394707,252,"Iowa City, IA",msa,IA,2020,0.228189562464947,0.2092743382621802,26980,10351953.0,56555.0
1428,394707,252,"Iowa City, IA",msa,IA,2021,0.2276038540418293,0.2096122906065293,26980,10893891.0,62267.0
1429,394707,252,"Iowa City, IA",msa,IA,2022,0.2882893991895556,0.2165143412775205,26980,10974831.0,63673.0
1430,394707,252,"Iowa City, IA",msa,IA,2023,0.3279419892408033,0.2219416404281781,26980,10935446.0,65563.0
1431,394709,376,"Ithaca, NY",msa,NY,2015,0.2189636496947379,0.1698682791331043,27060,6082558.0,39572.0
1432,394709,376,"Ithaca, NY",msa,NY,2016,0.2258283162815226,0.1729178590640223,27060,6101705.0,39274.0
1433,394709,376,"Ithaca, NY",msa,NY,2017,0.2948875912053006,0.1759548705707473,27060,6140234.0,41550.0
1434,394709,376,"Ithaca, NY",msa,NY,2018,0.2387216189183253,0.1724480741753536,27060,6184849.0,42647.0
1435,394709,376,"Ithaca, NY",msa,NY,2019,0.2292868423955355,0.3034985045246926,27060,6263722.0,44671.0
1436,394709,376,"Ithaca, NY",msa,NY,2020,0.213291842291469,0.3050580482535996,27060,5791732.0,50720.0
1437,394709,376,"Ithaca, NY",msa,NY,2021,0.2143727378239193,0.2951445716891426,27060,6017590.0,50211.0
1438,394709,376,"Ithaca, NY",msa,NY,2022,0.2577402482559832,0.3408514314171535,27060,6142342.0,51589.0
1439,394709,376,"Ithaca, NY",msa,NY,2023,0.2823893865899884,0.3573967078820252,27060,6140288.0,54159.0
1440,394710,272,"Jackson, MI",msa,MI,2015,0.1604678504167247,0.2697929871390717,27100,5703002.0,35070.0
1441,394710,272,"Jackson, MI",msa,MI,2016,0.1630361347507499,0.186189986291509,27100,5949982.0,36529.0
1442,394710,272,"Jackson, MI",msa,MI,2017,0.1749923560114726,0.1528446393258407,27100,5986766.0,37151.0
1443,394710,272,"Jackson, MI",msa,MI,2018,0.1924075695333889,0.150378369408294,27100,6319957.0,38587.0
1444,394710,272,"Jackson, MI",msa,MI,2019,0.1857946833556155,0.1535266191293862,27100,6597819.0,39474.0
1445,394710,272,"Jackson, MI",msa,MI,2020,0.1758878197353455,0.1663188620409205,27100,6374681.0,43450.0
1446,394710,272,"Jackson, MI",msa,MI,2021,0.1887845093889874,0.1702729374462176,27100,6771227.0,47084.0
1447,394710,272,"Jackson, MI",msa,MI,2022,0.294783090604795,0.1782734887883133,27100,6803878.0,46541.0
1448,394710,272,"Jackson, MI",msa,MI,2023,0.324413629756662,0.1891011032219105,27100,6909361.0,48818.0
1449,394711,98,"Jackson, MS",msa,MS,2015,0.1714277336676505,0.2047471562248146,27140,27876726.0,41426.0
1450,394711,98,"Jackson, MS",msa,MS,2016,0.1697420981773306,0.2241212309807189,27140,27619643.0,41497.0
1451,394711,98,"Jackson, MS",msa,MS,2017,0.1680779709495662,0.2253893119576683,27140,27649880.0,41971.0
1452,394711,98,"Jackson, MS",msa,MS,2018,0.1682182494241937,0.2191282600623013,27140,27640828.0,42981.0
1453,394711,98,"Jackson, MS",msa,MS,2019,0.1660879007417972,0.2232235604696369,27140,27630411.0,44641.0
1454,394711,98,"Jackson, MS",msa,MS,2020,0.1619499051180336,0.2296773887771111,27140,27343331.0,48607.0
1455,394711,98,"Jackson, MS",msa,MS,2021,0.1699127051210178,0.2399397358451803,27140,28798742.0,53345.0
1456,394711,98,"Jackson, MS",msa,MS,2022,0.2188109139703099,0.2491887956393542,27140,29359243.0,54710.0
1457,394711,98,"Jackson, MS",msa,MS,2023,0.2469196654935697,0.2532532581260755,27140,29957357.0,58104.0
1458,394712,246,"Jackson, TN",msa,TN,2015,0.1666930067416832,0.2357339113067672,27180,7739258.0,36177.0
1459,394712,246,"Jackson, TN",msa,TN,2016,0.1663107298408561,0.2442033321308027,27180,7896492.0,36722.0
1460,394712,246,"Jackson, TN",msa,TN,2017,0.1743307728320832,0.2549454966373397,27180,8258298.0,38014.0
1461,394712,246,"Jackson, TN",msa,TN,2018,0.1823024015291175,0.2563723608407994,27180,8289197.0,39164.0
1462,394712,246,"Jackson, TN",msa,TN,2019,0.1739844155985525,0.2671791306347083,27180,8393916.0,41616.0
1463,394712,246,"Jackson, TN",msa,TN,2020,0.1773861616045264,0.2734937358003919,27180,8299665.0,44676.0
1464,394712,246,"Jackson, TN",msa,TN,2021,0.186019021087676,0.291350588869185,27180,8953005.0,49363.0
1465,394712,246,"Jackson, TN",msa,TN,2022,0.2452572082011263,0.2397278744870614,27180,8788317.0,49283.0
1466,394712,246,"Jackson, TN",msa,TN,2023,0.267338668278205,0.2495125942289491,27180,8998352.0,52273.0
1467,394714,40,"Jacksonville, FL",msa,FL,2015,0.2165671065080617,0.2231811340382318,27260,74125653.0,44244.0
1468,394714,40,"Jacksonville, FL",msa,FL,2016,0.2160234466463121,0.2204681826014894,27260,76912031.0,45155.0
1469,394714,40,"Jacksonville, FL",msa,FL,2017,0.2272434493378289,0.2205478815287092,27260,80341696.0,47710.0
1470,394714,40,"Jacksonville, FL",msa,FL,2018,0.2423898917779575,0.2208618153559535,27260,82993748.0,49350.0
1471,394714,40,"Jacksonville, FL",msa,FL,2019,0.2359186832115853,0.22318968580172,27260,86527981.0,51532.0
1472,394714,40,"Jacksonville, FL",msa,FL,2020,0.2235502131952677,0.2236934657802853,27260,87695010.0,54831.0
1473,394714,40,"Jacksonville, FL",msa,FL,2021,0.2345325672491568,0.2404019825942031,27260,94437627.0,60264.0
1474,394714,40,"Jacksonville, FL",msa,FL,2022,0.3305492875962423,0.2589996986801596,27260,100377422.0,62107.0
1475,394714,40,"Jacksonville, FL",msa,FL,2023,0.3716005577650342,0.2558854707990398,27260,104720125.0,65324.0
1476,394716,227,"Jacksonville, NC",msa,NC,2015,0.209586681043762,0.2006705147366911,27340,8514361.0,42507.0
1477,394716,227,"Jacksonville, NC",msa,NC,2016,0.1993654126737275,0.1976662470925888,27340,8159381.0,43517.0
1478,394716,227,"Jacksonville, NC",msa,NC,2017,0.2017693999691787,0.1950002732210537,27340,8335011.0,42023.0
1479,394716,227,"Jacksonville, NC",msa,NC,2018,0.2147779758398933,0.1978971771873756,27340,8412503.0,43504.0
1480,394716,227,"Jacksonville, NC",msa,NC,2019,0.213324476011067,0.2121182822633925,27340,8545858.0,43832.0
1481,394716,227,"Jacksonville, NC",msa,NC,2020,0.2038671979293122,0.2133695441053039,27340,8697170.0,46138.0
1482,394716,227,"Jacksonville, NC",msa,NC,2021,0.2047253145587797,0.2203955735859406,27340,9156444.0,51268.0
1483,394716,227,"Jacksonville, NC",msa,NC,2022,0.2668453454743005,0.2371208273508519,27340,9280585.0,51772.0
1484,394716,227,"Jacksonville, NC",msa,NC,2023,0.3013591837977133,0.2301738301763672,27340,9506281.0,53594.0
1485,394720,268,"Janesville, WI",msa,WI,2015,0.1758838449786335,0.2560635126850019,27500,6870628.0,39588.0
1486,394720,268,"Janesville, WI",msa,WI,2016,0.1874742040209452,0.2579497742937506,27500,6993113.0,40378.0
1487,394720,268,"Janesville, WI",msa,WI,2017,0.1995383705671148,0.2621757314068075,27500,6935931.0,41533.0
1488,394720,268,"Janesville, WI",msa,WI,2018,0.2063240272792679,0.2604679969629935,27500,7300585.0,43396.0
1489,394720,268,"Janesville, WI",msa,WI,2019,0.1995773041702246,0.2641954433792794,27500,7495534.0,45523.0
1490,394720,268,"Janesville, WI",msa,WI,2020,0.1899186992753176,0.2750287248631257,27500,7429811.0,48024.0
1491,394720,268,"Janesville, WI",msa,WI,2021,0.2022931548299973,0.3623776869432403,27500,7691478.0,52003.0
1492,394720,268,"Janesville, WI",msa,WI,2022,0.2444000357747294,0.1603936699705697,27500,7946455.0,53827.0
1493,394720,268,"Janesville, WI",msa,WI,2023,0.358401997461462,0.1623610384796541,27500,8380111.0,56319.0
1494,394723,291,"Jefferson City, MO",msa,MO,2015,0.1685201343829094,0.1878440782879806,27620,7798355.0,39346.0
1495,394723,291,"Jefferson City, MO",msa,MO,2016,0.1716542407783085,0.2208000361855156,27620,7744632.0,39714.0
1496,394723,291,"Jefferson City, MO",msa,MO,2017,0.1787548143584284,0.2339940833791,27620,7593521.0,41130.0
1497,394723,291,"Jefferson City, MO",msa,MO,2018,0.1918663295980202,0.2325476942299172,27620,7670253.0,41807.0
1498,394723,291,"Jefferson City, MO",msa,MO,2019,0.1858321547137993,0.2321861773623621,27620,8089811.0,44522.0
1499,394723,291,"Jefferson City, MO",msa,MO,2020,0.1768740941338734,0.2348304127562632,27620,7881335.0,48436.0
1500,394723,291,"Jefferson City, MO",msa,MO,2021,0.1764780446972758,0.220648686542925,27620,7779893.0,51013.0
1501,394723,291,"Jefferson City, MO",msa,MO,2022,0.2319418062485008,0.2330822671189593,27620,8217043.0,53320.0
1502,394723,291,"Jefferson City, MO",msa,MO,2023,0.267231749572101,0.1786564000185928,27620,8569734.0,56862.0
1503,394726,224,"Johnson City, TN",msa,TN,2015,0.2135624825149191,0.1981314190739204,27740,7241581.0,36343.0
1504,394726,224,"Johnson City, TN",msa,TN,2016,0.2135577108325024,0.2227924516201075,27740,7068393.0,36608.0
1505,394726,224,"Johnson City, TN",msa,TN,2017,0.2169449790836779,0.2325376102595876,27740,7311684.0,37820.0
1506,394726,224,"Johnson City, TN",msa,TN,2018,0.2246928175206372,0.2303920140745379,27740,7446435.0,39189.0
1507,394726,224,"Johnson City, TN",msa,TN,2019,0.2083960886206306,0.2244925298599691,27740,7640923.0,41354.0
1508,394726,224,"Johnson City, TN",msa,TN,2020,0.2020040923288651,0.2270762494579545,27740,7670996.0,44051.0
1509,394726,224,"Johnson City, TN",msa,TN,2021,0.209391564113045,0.2351405473513923,27740,8327963.0,48683.0
1510,394726,224,"Johnson City, TN",msa,TN,2022,0.2824978981792921,0.2614316782569749,27740,8291867.0,48918.0
1511,394726,224,"Johnson City, TN",msa,TN,2023,0.3305313021371557,0.2747515015508127,27740,8636505.0,51590.0
1512,394727,322,"Johnstown, PA",msa,PA,2015,0.1301960788395997,0.2211294594693894,27780,4804216.0,37685.0
1513,394727,322,"Johnstown, PA",msa,PA,2016,0.1264787122960306,0.2416471261529629,27780,4739521.0,38039.0
1514,394727,322,"Johnstown, PA",msa,PA,2017,0.127215930128102,0.2336704224302962,27780,4692840.0,38943.0
1515,394727,322,"Johnstown, PA",msa,PA,2018,0.1527773612529955,0.1665830786037213,27780,4697005.0,41400.0
1516,394727,322,"Johnstown, PA",msa,PA,2019,0.1520160110126126,0.1556452981497239,27780,4672897.0,42789.0
1517,394727,322,"Johnstown, PA",msa,PA,2020,0.148820295203341,0.1558328486268504,27780,4623044.0,46181.0
1518,394727,322,"Johnstown, PA",msa,PA,2021,0.1457916003303004,0.1599537249552044,27780,4606204.0,48712.0
1519,394727,322,"Johnstown, PA",msa,PA,2022,0.1796059662465247,0.1660133639072256,27780,4714549.0,48018.0
1520,394727,322,"Johnstown, PA",msa,PA,2023,0.1791827690833608,0.1713421809280456,27780,4905627.0,50932.0
1521,394728,323,"Jonesboro, AR",msa,AR,2015,0.1935092703462124,0.214268794626944,27860,4867323.0,34065.0
1522,394728,323,"Jonesboro, AR",msa,AR,2016,0.1850275640034029,0.2464452966821738,27860,4936717.0,34655.0
1523,394728,323,"Jonesboro, AR",msa,AR,2017,0.1855491155623146,0.245890609212655,27860,5105989.0,35434.0
1524,394728,323,"Jonesboro, AR",msa,AR,2018,0.1975714463091765,0.2426729645492424,27860,5234530.0,36166.0
1525,394728,323,"Jonesboro, AR",msa,AR,2019,0.1934910433516296,0.2472200183398807,27860,5400870.0,37886.0
1526,394728,323,"Jonesboro, AR",msa,AR,2020,0.1789099726570221,0.2431489577308784,27860,5463682.0,41640.0
1527,394728,323,"Jonesboro, AR",msa,AR,2021,0.1759539773303255,0.2379935333451344,27860,5937466.0,46337.0
1528,394728,323,"Jonesboro, AR",msa,AR,2022,0.2285305257096027,0.239347111409563,27860,6049040.0,47213.0
1529,394728,323,"Jonesboro, AR",msa,AR,2023,0.2526873446879193,0.2398927532613008,27860,6173118.0,49153.0
1530,394729,243,"Joplin, MO",msa,MO,2015,0.1615919318625445,0.2391652810304934,27900,7631049.0,36193.0
1531,394729,243,"Joplin, MO",msa,MO,2016,0.1601852466016569,0.2386352442311172,27900,7548012.0,36772.0
1532,394729,243,"Joplin, MO",msa,MO,2017,0.1670474609749461,0.2434814223645121,27900,7558956.0,37678.0
1533,394729,243,"Joplin, MO",msa,MO,2018,0.1785921547635822,0.2507745746642972,27900,7656330.0,39457.0
1534,394729,243,"Joplin, MO",msa,MO,2019,0.2421773541477557,0.2744419292054823,27900,7574903.0,39411.0
1535,394729,243,"Joplin, MO",msa,MO,2020,0.1696931521323335,0.2630781172865369,27900,7274749.0,41335.0
1536,394729,243,"Joplin, MO",msa,MO,2021,0.1789297442229511,0.2659661802730848,27900,7643775.0,44135.0
1537,394729,243,"Joplin, MO",msa,MO,2022,0.244312137158877,0.2125595406212207,27900,7694301.0,45881.0
1538,394729,243,"Joplin, MO",msa,MO,2023,0.2797729483855171,0.2203850089038869,27900,7696303.0,47609.0
1539,394731,267,"Kahului, HI",msa,HI,2015,0.471459253370516,0.2446790156853077,27980,9219389.0,42502.0
1540,394731,267,"Kahului, HI",msa,HI,2016,0.4558448117239699,0.2490654829821409,27980,9525628.0,43885.0
1541,394731,267,"Kahului, HI",msa,HI,2017,0.5009526962011641,0.2525523319372433,27980,9606468.0,46042.0
1542,394731,267,"Kahului, HI",msa,HI,2018,0.5321779615264287,0.255534358084762,27980,10183573.0,47625.0
1543,394731,267,"Kahului, HI",msa,HI,2019,0.5308459617098555,0.2671603010688076,27980,10365301.0,51322.0
1544,394731,267,"Kahului, HI",msa,HI,2020,0.5175577982876746,0.2860741306283514,27980,8577089.0,52876.0
1545,394731,267,"Kahului, HI",msa,HI,2021,0.5470261403430235,0.4606600069557622,27980,9452570.0,59914.0
1546,394731,267,"Kahului, HI",msa,HI,2022,0.7600345168427669,0.4849896087442155,27980,9774550.0,60502.0
1547,394731,267,"Kahului, HI",msa,HI,2023,0.8491099750798399,0.4829603176175336,27980,9714929.0,62816.0
1548,394732,190,"Kalamazoo, MI",msa,MI,2015,0.1971973308576609,0.1994927936785335,28020,12730593.0,43991.0
1549,394732,190,"Kalamazoo, MI",msa,MI,2016,0.1913209367252883,0.195517803677839,28020,13112094.0,45491.0
1550,394732,190,"Kalamazoo, MI",msa,MI,2017,0.1962975005425551,0.1984310282573302,28020,13678676.0,46452.0
1551,394732,190,"Kalamazoo, MI",msa,MI,2018,0.1765506188270681,0.2034652006931158,28020,14546835.0,48369.0
1552,394732,190,"Kalamazoo, MI",msa,MI,2019,0.1700742033642091,0.2060897092283336,28020,14978275.0,50162.0
1553,394732,190,"Kalamazoo, MI",msa,MI,2020,0.1620188206174372,0.2073942009118515,28020,15017678.0,54892.0
1554,394732,190,"Kalamazoo, MI",msa,MI,2021,0.1689305062367344,0.2120311566965429,28020,15979090.0,59196.0
1555,394732,190,"Kalamazoo, MI",msa,MI,2022,0.3290704134188945,0.2254144991128183,28020,16458764.0,60902.0
1556,394732,190,"Kalamazoo, MI",msa,MI,2023,0.3751995297178718,0.2282297224943465,28020,16666024.0,63668.0
1557,394734,370,"Kankakee, IL",msa,IL,2015,0.188840643042662,0.1686830965006093,28100,5058790.0,37420.0
1558,394734,370,"Kankakee, IL",msa,IL,2016,0.1880968861024132,0.1720210976486508,28100,5468186.0,38475.0
1559,394734,370,"Kankakee, IL",msa,IL,2017,0.1942731516097252,0.1736740318202394,28100,5940652.0,39591.0
1560,394734,370,"Kankakee, IL",msa,IL,2018,0.1999292504975888,0.1704165750413891,28100,6332562.0,41437.0
1561,394734,370,"Kankakee, IL",msa,IL,2019,0.2073767439764264,0.2759743158029645,28100,6272833.0,43187.0
1562,394734,370,"Kankakee, IL",msa,IL,2020,0.1943604108068984,0.2767879441054419,28100,6162590.0,47256.0
1563,394734,370,"Kankakee, IL",msa,IL,2021,0.1954979217466466,0.2052214371803567,28100,6888379.0,51544.0
1564,394734,370,"Kankakee, IL",msa,IL,2022,0.2405676401105816,0.2086098476830346,28100,7036823.0,51228.0
1565,394734,370,"Kankakee, IL",msa,IL,2023,0.2695426696036858,0.2203406249699893,28100,7040527.0,53698.0
1566,394735,31,"Kansas City, MO",msa,MO,2015,0.1820971635359131,0.1764969207331812,28140,128811380.0,49130.0
1567,394735,31,"Kansas City, MO",msa,MO,2016,0.1854634076040515,0.176791010049478,28140,129505863.0,49587.0
1568,394735,31,"Kansas City, MO",msa,MO,2017,0.1983566195197308,0.179172107536341,28140,133753933.0,51094.0
1569,394735,31,"Kansas City, MO",msa,MO,2018,0.2126800374007239,0.1776145121503528,28140,136390868.0,52790.0
1570,394735,31,"Kansas City, MO",msa,MO,2019,0.2052837771899452,0.1783621284436231,28140,139466175.0,54553.0
1571,394735,31,"Kansas City, MO",msa,MO,2020,0.1968797902793432,0.1807431435650504,28140,136834341.0,57404.0
1572,394735,31,"Kansas City, MO",msa,MO,2021,0.2090539901750671,0.1888052171450224,28140,141720524.0,61022.0
1573,394735,31,"Kansas City, MO",msa,MO,2022,0.2676115268830171,0.1983851077653804,28140,148863632.0,66272.0
1574,394735,31,"Kansas City, MO",msa,MO,2023,0.3029478019701901,0.201048980988281,28140,152822300.0,69865.0
1575,394741,168,"Kennewick, WA",msa,WA,2015,0.2152928391549133,0.1968950081855017,28420,14031127.0,40594.0
1576,394741,168,"Kennewick, WA",msa,WA,2016,0.2193186585168394,0.1985212736334936,28420,14703336.0,41246.0
1577,394741,168,"Kennewick, WA",msa,WA,2017,0.2456661517870339,0.2064080927146671,28420,14688220.0,41802.0
1578,394741,168,"Kennewick, WA",msa,WA,2018,0.2677094601788194,0.2066232436696976,28420,15221366.0,42635.0
1579,394741,168,"Kennewick, WA",msa,WA,2019,0.2650120320505632,0.2033863406861526,28420,15806922.0,45185.0
1580,394741,168,"Kennewick, WA",msa,WA,2020,0.2478529135621509,0.1998359037612305,28420,15425316.0,48165.0
1581,394741,168,"Kennewick, WA",msa,WA,2021,0.2546239529235827,0.2082509252802448,28420,16321008.0,52209.0
1582,394741,168,"Kennewick, WA",msa,WA,2022,0.3462208091017086,0.2227859563141511,28420,16284968.0,51822.0
1583,394741,168,"Kennewick, WA",msa,WA,2023,0.3923084487577932,0.2324514100207274,28420,16679184.0,54152.0
1584,394746,120,"Killeen, TX",msa,TX,2015,0.2118180094230576,0.1973079413721723,28660,18323765.0,39508.0
1585,394746,120,"Killeen, TX",msa,TX,2016,0.2106986103091978,0.1957763441591915,28660,17954006.0,39321.0
1586,394746,120,"Killeen, TX",msa,TX,2017,0.2132324767208769,0.1927502159113876,28660,18366880.0,40707.0
1587,394746,120,"Killeen, TX",msa,TX,2018,0.2313409296509408,0.1946851291633966,28660,18495677.0,41129.0
1588,394746,120,"Killeen, TX",msa,TX,2019,0.2315782511268601,0.2013811699533589,28660,18945144.0,41824.0
1589,394746,120,"Killeen, TX",msa,TX,2020,0.2222654663812246,0.2067938188113374,28660,19235689.0,44762.0
1590,394746,120,"Killeen, TX",msa,TX,2021,0.2240942487461996,0.2299799908418453,28660,20105361.0,48293.0
1591,394746,120,"Killeen, TX",msa,TX,2022,0.3037202576648148,0.2377534642339197,28660,20635505.0,47597.0
1592,394746,120,"Killeen, TX",msa,TX,2023,0.3082705431815895,0.2210265778798383,28660,21361974.0,50292.0
1593,394747,167,"Kingsport, TN",msa,TN,2015,0.1862668518890597,0.1738813242416099,28700,12685008.0,36165.0
1594,394747,167,"Kingsport, TN",msa,TN,2016,0.1832825693333532,0.1739792907183114,28700,12866727.0,36522.0
1595,394747,167,"Kingsport, TN",msa,TN,2017,0.1947358404667863,0.1767705891889882,28700,13292994.0,37694.0
1596,394747,167,"Kingsport, TN",msa,TN,2018,0.1987927518228081,0.1772382826462547,28700,13679790.0,39323.0
1597,394747,167,"Kingsport, TN",msa,TN,2019,0.1916276413005381,0.1767006434031563,28700,13294037.0,40631.0
1598,394747,167,"Kingsport, TN",msa,TN,2020,0.1837862190656435,0.1753409178038584,28700,13332437.0,43528.0
1599,394747,167,"Kingsport, TN",msa,TN,2021,0.1951207293548522,0.1869252929656552,28700,14258786.0,47491.0
1600,394747,167,"Kingsport, TN",msa,TN,2022,0.2594692778328489,0.2544297179611635,28700,14691261.0,48387.0
1601,394747,167,"Kingsport, TN",msa,TN,2023,0.3002873175997244,0.2756532974110921,28700,14762527.0,50922.0
1602,394748,241,"Kingston, NY",msa,NY,2015,0.2396592756502172,0.2286374911287675,28740,7139599.0,43786.0
1603,394748,241,"Kingston, NY",msa,NY,2016,0.2682677547889985,0.2248965819941806,28740,7133664.0,45089.0
1604,394748,241,"Kingston, NY",msa,NY,2017,0.2713150192219771,0.2299035448406184,28740,7233714.0,47268.0
1605,394748,241,"Kingston, NY",msa,NY,2018,0.2907005222624202,0.2425704440557227,28740,7326583.0,48935.0
1606,394748,241,"Kingston, NY",msa,NY,2019,0.2752660548639244,0.2508019779461354,28740,7590366.0,53084.0
1607,394748,241,"Kingston, NY",msa,NY,2020,0.2652280319718658,0.2613415973535521,28740,7271561.0,57202.0
1608,394748,241,"Kingston, NY",msa,NY,2021,0.2547267666953557,0.2785370736816548,28740,7539426.0,61076.0
1609,394748,241,"Kingston, NY",msa,NY,2022,0.3680607578701418,0.2826072676264008,28740,7767217.0,62723.0
1610,394748,241,"Kingston, NY",msa,NY,2023,0.396166305211465,0.2712570499444962,28740,7959618.0,66314.0
1611,394753,65,"Knoxville, TN",msa,TN,2015,0.1952823804472001,0.2270304802083052,28940,39957603.0,41138.0
1612,394753,65,"Knoxville, TN",msa,TN,2016,0.190238421475048,0.2240743806451896,28940,41513743.0,42143.0
1613,394753,65,"Knoxville, TN",msa,TN,2017,0.1979990131547152,0.2265838679320433,28940,43011276.0,43545.0
1614,394753,65,"Knoxville, TN",msa,TN,2018,0.2089014582294903,0.2274592694937367,28940,44070389.0,45892.0
1615,394753,65,"Knoxville, TN",msa,TN,2019,0.1988534674704034,0.2293459500985268,28940,44983408.0,48434.0
1616,394753,65,"Knoxville, TN",msa,TN,2020,0.1911111487707891,0.2316986118658281,28940,45266978.0,51757.0
1617,394753,65,"Knoxville, TN",msa,TN,2021,0.2048896188272609,0.2509424443637069,28940,49277364.0,57581.0
1618,394753,65,"Knoxville, TN",msa,TN,2022,0.2841036880719116,0.2780244715758551,28940,51315982.0,58941.0
1619,394753,65,"Knoxville, TN",msa,TN,2023,0.3341938941771153,0.2902029990322195,28940,52366530.0,62167.0
1620,394755,438,"Kokomo, IN",msa,IN,2015,0.2129484304755537,0.2521769128149662,29020,4495602.0,37532.0
1621,394755,438,"Kokomo, IN",msa,IN,2016,0.1230240897457731,0.2501789943214816,29020,4390351.0,38100.0
1622,394755,438,"Kokomo, IN",msa,IN,2017,0.1271158816524194,0.185587817666982,29020,4279358.0,39084.0
1623,394755,438,"Kokomo, IN",msa,IN,2018,0.1380970797930735,0.1330601852360739,29020,4391576.0,40952.0
1624,394755,438,"Kokomo, IN",msa,IN,2019,0.132644703641744,0.1308198882462046,29020,4391125.0,41680.0
1625,394755,438,"Kokomo, IN",msa,IN,2020,0.1307498435103866,0.1363830022158055,29020,4133195.0,43989.0
1626,394755,438,"Kokomo, IN",msa,IN,2021,0.1428702427440314,0.1451731070037305,29020,4650719.0,47533.0
1627,394755,438,"Kokomo, IN",msa,IN,2022,0.1870790401153602,0.157520776560165,29020,4938847.0,47992.0
1628,394755,438,"Kokomo, IN",msa,IN,2023,0.2116597860889388,0.1660852453790901,29020,4968417.0,50368.0
1629,394756,311,"La Crosse, WI",msa,WI,2015,0.226980855242101,0.221863803249263,29100,7599440.0,44535.0
1630,394756,311,"La Crosse, WI",msa,WI,2016,0.2288099791531797,0.2723863406676935,29100,7723975.0,45300.0
1631,394756,311,"La Crosse, WI",msa,WI,2017,0.2281694796738923,0.2877693081132628,29100,7962972.0,46748.0
1632,394756,311,"La Crosse, WI",msa,WI,2018,0.3532192286971889,0.2830712843782911,29100,8098515.0,48741.0
1633,394756,311,"La Crosse, WI",msa,WI,2019,0.235285289510875,0.2805694918845018,29100,8204229.0,50735.0
1634,394756,311,"La Crosse, WI",msa,WI,2020,0.2258453544579043,0.2819581890492552,29100,7881491.0,54020.0
1635,394756,311,"La Crosse, WI",msa,WI,2021,0.223743121342384,0.2826225088587553,29100,8122506.0,59539.0
1636,394756,311,"La Crosse, WI",msa,WI,2022,0.278951347752212,0.1712399636250641,29100,8002112.0,59708.0
1637,394756,311,"La Crosse, WI",msa,WI,2023,0.3202159029858889,0.1830491552482611,29100,8061800.0,62497.0
1638,394761,116,"Lafayette, LA",msa,LA,2015,0.2416442066858524,0.2690862630985896,29180,23287666.0,43163.0
1639,394761,116,"Lafayette, LA",msa,LA,2016,0.2423745835600212,0.2485899530130932,29180,21115542.0,40802.0
1640,394761,116,"Lafayette, LA",msa,LA,2017,0.2416635880126858,0.2360431382737906,29180,21115560.0,42264.0
1641,394761,116,"Lafayette, LA",msa,LA,2018,0.2469581394175705,0.2248640101736796,29180,22041983.0,44019.0
1642,394761,116,"Lafayette, LA",msa,LA,2019,0.2286950432406097,0.2217519318655429,29180,21814900.0,45042.0
1643,394761,116,"Lafayette, LA",msa,LA,2020,0.221894961887334,0.2303810757217909,29180,20825048.0,48583.0
1644,394761,116,"Lafayette, LA",msa,LA,2021,0.2311295388758385,0.2597867579029118,29180,21777652.0,53637.0
1645,394761,116,"Lafayette, LA",msa,LA,2022,0.2860438223640107,0.2712577770765148,29180,21790642.0,54890.0
1646,394761,116,"Lafayette, LA",msa,LA,2023,0.4284230053368873,0.2673609813962347,29180,22626815.0,57906.0
1647,394763,213,"Lake Charles, LA",msa,LA,2015,0.2561311933455226,0.2389996670881328,29340,13239413.0,41999.0
1648,394763,213,"Lake Charles, LA",msa,LA,2016,0.2487367752059808,0.2301427307875481,29340,14438344.0,42460.0
1649,394763,213,"Lake Charles, LA",msa,LA,2017,0.2564726978047459,0.232032533831454,29340,16643123.0,44192.0
1650,394763,213,"Lake Charles, LA",msa,LA,2018,0.2653340642346588,0.2288861515267939,29340,16397626.0,45932.0
1651,394763,213,"Lake Charles, LA",msa,LA,2019,0.2568142134116021,0.2144103272247315,29340,16947550.0,45600.0
1652,394763,213,"Lake Charles, LA",msa,LA,2020,0.2293792666395314,0.2004521684425592,29340,13908472.0,47130.0
1653,394763,213,"Lake Charles, LA",msa,LA,2021,0.2134678577540027,0.2303026028470719,29340,14504110.0,51761.0
1654,394763,213,"Lake Charles, LA",msa,LA,2022,0.2461366377624402,0.1987322024645277,29340,13739208.0,52747.0
1655,394763,213,"Lake Charles, LA",msa,LA,2023,0.2786996971463183,0.1864416562763397,29340,14629056.0,54391.0
1656,394765,218,"Lake Havasu City, AZ",msa,AZ,2015,0.2530927815441819,0.2498543027673787,29420,5200633.0,29421.0
1657,394765,218,"Lake Havasu City, AZ",msa,AZ,2016,0.2543492526945763,0.253956867190508,29420,5456986.0,30611.0
1658,394765,218,"Lake Havasu City, AZ",msa,AZ,2017,0.2679446024234895,0.2612794883865753,29420,5323399.0,32274.0
1659,394765,218,"Lake Havasu City, AZ",msa,AZ,2018,0.288711442369869,0.26449994669786,29420,5437354.0,33670.0
1660,394765,218,"Lake Havasu City, AZ",msa,AZ,2019,0.2882781054730723,0.2776245869647715,29420,5596478.0,35487.0
1661,394765,218,"Lake Havasu City, AZ",msa,AZ,2020,0.2278540972819323,0.294644645302217,29420,5861065.0,39023.0
1662,394765,218,"Lake Havasu City, AZ",msa,AZ,2021,0.3242719076076805,0.3332864176157827,29420,6435342.0,42978.0
1663,394765,218,"Lake Havasu City, AZ",msa,AZ,2022,0.4388516888077232,0.345646584869852,29420,6591777.0,43657.0
1664,394765,218,"Lake Havasu City, AZ",msa,AZ,2023,0.4600208596404347,0.3388399910110116,29420,6877318.0,46777.0
1665,394766,82,"Lakeland, FL",msa,FL,2015,0.2020000657219171,0.2730444604365485,29460,23713182.0,33828.0
1666,394766,82,"Lakeland, FL",msa,FL,2016,0.2058207950807482,0.2759088017754699,29460,24482482.0,33762.0
1667,394766,82,"Lakeland, FL",msa,FL,2017,0.2261223217917985,0.276643616086885,29460,25742485.0,35344.0
1668,394766,82,"Lakeland, FL",msa,FL,2018,0.2489338882008384,0.2844595029159903,29460,26450032.0,36246.0
1669,394766,82,"Lakeland, FL",msa,FL,2019,0.2365468992334702,0.2902264050575174,29460,27501601.0,37844.0
1670,394766,82,"Lakeland, FL",msa,FL,2020,0.2282393733474643,0.2975649655741745,29460,28191159.0,40794.0
1671,394766,82,"Lakeland, FL",msa,FL,2021,0.24130452674813,0.3170027112712857,29460,30208901.0,43780.0
1672,394766,82,"Lakeland, FL",msa,FL,2022,0.3391360229846845,0.3384401564119359,29460,31484355.0,43103.0
1673,394766,82,"Lakeland, FL",msa,FL,2023,0.3703982119954097,0.326704329132961,29460,32161734.0,44430.0
1674,394768,104,"Lancaster, PA",msa,PA,2015,0.2226758356012081,0.165186434290763,29540,27744239.0,45490.0
1675,394768,104,"Lancaster, PA",msa,PA,2016,0.2348252510743358,0.1651409991071343,29540,27998686.0,46492.0
1676,394768,104,"Lancaster, PA",msa,PA,2017,0.2400616913418501,0.1667507069449219,29540,28779773.0,48601.0
1677,394768,104,"Lancaster, PA",msa,PA,2018,0.2075747321577581,0.1694826167138304,29540,29307162.0,51101.0
1678,394768,104,"Lancaster, PA",msa,PA,2019,0.2398209042212593,0.1685730133081492,29540,29560641.0,53267.0
1679,394768,104,"Lancaster, PA",msa,PA,2020,0.1786370144697135,0.1695131566047616,29540,28317681.0,57805.0
1680,394768,104,"Lancaster, PA",msa,PA,2021,0.2256634785935572,0.1747893418343687,29540,29670156.0,61287.0
1681,394768,104,"Lancaster, PA",msa,PA,2022,0.2919716702115004,0.1878603650433236,29540,30409088.0,64355.0
1682,394768,104,"Lancaster, PA",msa,PA,2023,0.3421665483164381,0.1986857803793379,29540,30698072.0,66876.0
1683,394770,107,"Lansing, MI",msa,MI,2015,0.1863516398081775,0.1686830170449302,29620,24121177.0,37589.0
1684,394770,107,"Lansing, MI",msa,MI,2016,0.1822638824099787,0.1679187341809396,29620,25131166.0,38722.0
1685,394770,107,"Lansing, MI",msa,MI,2017,0.1819848521047925,0.1669896469754286,29620,25569757.0,39828.0
1686,394770,107,"Lansing, MI",msa,MI,2018,0.1964134846708173,0.1689729604078383,29620,26063562.0,41350.0
1687,394770,107,"Lansing, MI",msa,MI,2019,0.1837861503857929,0.1673682213572734,29620,26533549.0,42889.0
1688,394770,107,"Lansing, MI",msa,MI,2020,0.1691581177517082,0.1715264755361918,29620,26169433.0,47112.0
1689,394770,107,"Lansing, MI",msa,MI,2021,0.1769622875781686,0.1809719520794771,29620,27477944.0,51789.0
1690,394770,107,"Lansing, MI",msa,MI,2022,0.2406588670892833,0.1909845946616406,29620,28685215.0,51152.0
1691,394770,107,"Lansing, MI",msa,MI,2023,0.2472791521824201,0.1951118549785232,29620,29273555.0,53806.0
1692,394772,187,"Laredo, TX",msa,TX,2015,0.2766318182464429,0.2664608244632881,29700,11259688.0,30296.0
1693,394772,187,"Laredo, TX",msa,TX,2016,0.2786130271675323,0.2466660611214474,29700,11140032.0,30435.0
1694,394772,187,"Laredo, TX",msa,TX,2017,0.2578373372291893,0.2795924881085928,29700,11313473.0,31185.0
1695,394772,187,"Laredo, TX",msa,TX,2018,0.2033619628062711,0.2573211093644462,29700,10859468.0,32589.0
1696,394772,187,"Laredo, TX",msa,TX,2019,2.2771764652579454,0.2386224362948437,29700,11332349.0,34471.0
1697,394772,187,"Laredo, TX",msa,TX,2020,0.1897341698359442,0.2342149104839221,29700,10962638.0,36739.0
1698,394772,187,"Laredo, TX",msa,TX,2021,0.1905605026138256,0.2327122066432012,29700,11422646.0,41029.0
1699,394772,187,"Laredo, TX",msa,TX,2022,0.2450875457205127,0.2458598225938892,29700,11819506.0,40674.0
1700,394772,187,"Laredo, TX",msa,TX,2023,0.2775406681223315,0.2512059741551376,29700,12970009.0,42757.0
1701,394773,214,"Las Cruces, NM",msa,NM,2015,0.2578046997562159,0.2544865573595712,29740,7058840.0,33204.0
1702,394773,214,"Las Cruces, NM",msa,NM,2016,0.2564287726847293,0.2618937005112469,29740,7220206.0,34238.0
1703,394773,214,"Las Cruces, NM",msa,NM,2017,0.2737899395164654,0.2715848737834687,29740,7305489.0,34911.0
1704,394773,214,"Las Cruces, NM",msa,NM,2018,0.2823379401433512,0.2684495821078462,29740,7447694.0,35767.0
1705,394773,214,"Las Cruces, NM",msa,NM,2019,0.2614420338898189,0.2626106968822551,29740,7736864.0,37865.0
1706,394773,214,"Las Cruces, NM",msa,NM,2020,0.2418653219799205,0.2627041189210137,29740,7464061.0,40824.0
1707,394773,214,"Las Cruces, NM",msa,NM,2021,0.2522248300994354,0.2735355931045676,29740,7978043.0,45696.0
1708,394773,214,"Las Cruces, NM",msa,NM,2022,0.3317948371603316,0.2866842766625728,29740,8139926.0,46226.0
1709,394773,214,"Las Cruces, NM",msa,NM,2023,0.3728261911019317,0.2844115705502286,29740,8537154.0,47712.0
1710,394775,30,"Las Vegas, NV",msa,NV,2015,0.2237376978339527,0.2275118392421579,29820,108812755.0,42871.0
1711,394775,30,"Las Vegas, NV",msa,NV,2016,0.2255312461911319,0.2289292322190637,29820,112331243.0,43663.0
1712,394775,30,"Las Vegas, NV",msa,NV,2017,0.2436414367357794,0.2348140858696968,29820,116332382.0,45586.0
1713,394775,30,"Las Vegas, NV",msa,NV,2018,0.2780495198392201,0.2411358695424335,29820,122721414.0,47497.0
1714,394775,30,"Las Vegas, NV",msa,NV,2019,0.2752496917145025,0.2497346130439141,29820,128195333.0,50433.0
1715,394775,30,"Las Vegas, NV",msa,NV,2020,0.2548180198207814,0.2517547031490142,29820,117309807.0,52642.0
1716,394775,30,"Las Vegas, NV",msa,NV,2021,0.2724534168879127,0.2813759136402519,29820,130073970.0,58224.0
1717,394775,30,"Las Vegas, NV",msa,NV,2022,0.3806322956983585,0.2909473252633319,29820,138454646.0,60083.0
1718,394775,30,"Las Vegas, NV",msa,NV,2023,0.3968059508585933,0.2738101293239864,29820,142816754.0,63767.0
1719,394778,349,"Lawrence, KS",msa,KS,2015,0.2322168849373872,0.1906502889072683,29940,4609258.0,39669.0
1720,394778,349,"Lawrence, KS",msa,KS,2016,0.2277632014717246,0.189151271097571,29940,4851506.0,40426.0
1721,394778,349,"Lawrence, KS",msa,KS,2017,0.2401009058440198,0.2186380329923213,29940,4987674.0,42519.0
1722,394778,349,"Lawrence, KS",msa,KS,2018,0.2529348715651576,0.2168698230156955,29940,5123305.0,44506.0
1723,394778,349,"Lawrence, KS",msa,KS,2019,0.2398637045280808,0.212083229991035,29940,5141968.0,46123.0
1724,394778,349,"Lawrence, KS",msa,KS,2020,0.1517124253962692,0.2182727939714303,29940,5005574.0,48916.0
1725,394778,349,"Lawrence, KS",msa,KS,2021,0.2540291215176846,0.2264939246583846,29940,5169496.0,52025.0
1726,394778,349,"Lawrence, KS",msa,KS,2022,0.3310863028080488,0.2380163982998455,29940,5242985.0,53670.0
1727,394778,349,"Lawrence, KS",msa,KS,2023,0.3791193726265315,0.2506665756014701,29940,5438191.0,56846.0
1728,394780,332,"Lawton, OK",msa,OK,2015,0.1562351742713429,0.1662441407298265,30020,5315550.0,38973.0
1729,394780,332,"Lawton, OK",msa,OK,2016,0.1478768668372324,0.1626506781166608,30020,5309468.0,39262.0
1730,394780,332,"Lawton, OK",msa,OK,2017,0.1458281186121137,0.1605178191638067,30020,5191990.0,40065.0
1731,394780,332,"Lawton, OK",msa,OK,2018,0.1470939461051852,0.1629400477573344,30020,5143664.0,41053.0
1732,394780,332,"Lawton, OK",msa,OK,2019,0.1463060380151929,0.1633578268114996,30020,5269969.0,42597.0
1733,394780,332,"Lawton, OK",msa,OK,2020,0.1429723262091782,0.1720524495185807,30020,5136981.0,45627.0
1734,394780,332,"Lawton, OK",msa,OK,2021,0.1514003440835667,0.1834314957465292,30020,5349694.0,48328.0
1735,394780,332,"Lawton, OK",msa,OK,2022,0.1923913731809699,0.2046252413855933,30020,5331300.0,48545.0
1736,394780,332,"Lawton, OK",msa,OK,2023,0.2101067033577761,0.2046576095633765,30020,5428856.0,51510.0
1737,394783,306,"Lebanon, PA",msa,PA,2015,0.2127088202130697,0.2163103551960431,30140,5700630.0,41824.0
1738,394783,306,"Lebanon, PA",msa,PA,2016,0.2086946135619725,0.208205107050422,30140,5630083.0,43116.0
1739,394783,306,"Lebanon, PA",msa,PA,2017,0.2134971315833588,0.2100762919249213,30140,5749659.0,44766.0
1740,394783,306,"Lebanon, PA",msa,PA,2018,0.2138613082115326,0.2426446516897651,30140,5825113.0,46482.0
1741,394783,306,"Lebanon, PA",msa,PA,2019,0.1791771654702429,0.2495533810513936,30140,5824798.0,48226.0
1742,394783,306,"Lebanon, PA",msa,PA,2020,0.2056718999546311,0.2570422199151531,30140,5654024.0,52210.0
1743,394783,306,"Lebanon, PA",msa,PA,2021,0.2116611534728351,0.1686080199612265,30140,6042963.0,56065.0
1744,394783,306,"Lebanon, PA",msa,PA,2022,0.2591215378373092,0.1737596419664696,30140,6091753.0,56954.0
1745,394783,306,"Lebanon, PA",msa,PA,2023,0.2861270503113234,0.1780947604967837,30140,6209212.0,58851.0
1746,394788,367,"Lewiston, ME",msa,ME,2015,0.2185380697082428,0.1663127312356195,30340,4469042.0,37199.0
1747,394788,367,"Lewiston, ME",msa,ME,2016,0.2207721233479946,0.1702275748179078,30340,4554028.0,37347.0
1748,394788,367,"Lewiston, ME",msa,ME,2017,0.2408782294523716,0.1691123543192235,30340,4503370.0,38551.0
1749,394788,367,"Lewiston, ME",msa,ME,2018,0.2456695704558764,0.16635357677346,30340,4703346.0,39824.0
1750,394788,367,"Lewiston, ME",msa,ME,2019,0.2307785455354427,0.2209259383595082,30340,4833867.0,41671.0
1751,394788,367,"Lewiston, ME",msa,ME,2020,0.2186525140546825,0.2202477358091265,30340,5007785.0,46049.0
1752,394788,367,"Lewiston, ME",msa,ME,2021,0.239719906210854,0.1883892676181195,30340,5043204.0,48420.0
1753,394788,367,"Lewiston, ME",msa,ME,2022,0.3221724606675065,0.1986992558977691,30340,5173079.0,51087.0
1754,394788,367,"Lewiston, ME",msa,ME,2023,0.3773990668096827,0.2314396592357203,30340,5383444.0,53731.0
1755,394792,110,"Lexington, KY",msa,KY,2015,0.1966073890565561,0.1939063061367225,30460,27715988.0,44261.0
1756,394792,110,"Lexington, KY",msa,KY,2016,0.1863613791306159,0.1927428093006774,30460,28330748.0,44861.0
1757,394792,110,"Lexington, KY",msa,KY,2017,0.2044435132840644,0.1952443433141243,30460,28671245.0,45991.0
1758,394792,110,"Lexington, KY",msa,KY,2018,0.2192337851731716,0.1933033631804529,30460,29465225.0,47504.0
1759,394792,110,"Lexington, KY",msa,KY,2019,0.2126022116999484,0.1950963617516609,30460,30031948.0,50056.0
1760,394792,110,"Lexington, KY",msa,KY,2020,0.2034169197338041,0.1958495597279749,30460,28688742.0,53343.0
1761,394792,110,"Lexington, KY",msa,KY,2021,0.2156095198358,0.2103625436373012,30460,29578729.0,58031.0
1762,394792,110,"Lexington, KY",msa,KY,2022,0.2781109391959922,0.221780814639961,30460,30629641.0,59690.0
1763,394792,110,"Lexington, KY",msa,KY,2023,0.302936816332374,0.225460575137302,30460,31447143.0,63021.0
1764,394794,387,"Lima, OH",msa,OH,2015,0.147537011133902,0.1793497401930639,30620,7615897.0,37908.0
1765,394794,387,"Lima, OH",msa,OH,2016,0.1424179224469551,0.1800919503869943,30620,7886346.0,38813.0
1766,394794,387,"Lima, OH",msa,OH,2017,0.1492850268589577,0.1973592742526433,30620,7711921.0,40175.0
1767,394794,387,"Lima, OH",msa,OH,2018,0.1553944325329024,0.2501023104276429,30620,8163264.0,41906.0
1768,394794,387,"Lima, OH",msa,OH,2019,0.1542908055578236,0.2385137117579379,30620,7820932.0,43117.0
1769,394794,387,"Lima, OH",msa,OH,2020,0.1499895940081881,0.2396649138655871,30620,7671608.0,46903.0
1770,394794,387,"Lima, OH",msa,OH,2021,0.1665476702401579,0.2593550035689533,30620,8775765.0,50199.0
1771,394794,387,"Lima, OH",msa,OH,2022,0.1927973992929303,0.2762917237613337,30620,8835880.0,50956.0
1772,394794,387,"Lima, OH",msa,OH,2023,0.2031062806255317,0.2865115053970716,30620,9016944.0,54010.0
1773,394796,154,"Lincoln, NE",msa,NE,2015,0.2128601496554739,0.2083168671860401,30700,18252553.0,44536.0
1774,394796,154,"Lincoln, NE",msa,NE,2016,0.2106708189271594,0.1775704757109328,30700,18564581.0,44803.0
1775,394796,154,"Lincoln, NE",msa,NE,2017,0.2252972607693386,0.1781710831640928,30700,19552170.0,46517.0
1776,394796,154,"Lincoln, NE",msa,NE,2018,0.245194351458365,0.1825048719455533,30700,19940034.0,48482.0
1777,394796,154,"Lincoln, NE",msa,NE,2019,0.2407249600635235,0.1813944237842332,30700,20324808.0,50412.0
1778,394796,154,"Lincoln, NE",msa,NE,2020,0.223990726900066,0.181570186931584,30700,20185586.0,53550.0
1779,394796,154,"Lincoln, NE",msa,NE,2021,0.2447797719382969,0.1892042233479348,30700,21093487.0,59451.0
1780,394796,154,"Lincoln, NE",msa,NE,2022,0.3057711852060177,0.1969676559410007,30700,22054048.0,62366.0
1781,394796,154,"Lincoln, NE",msa,NE,2023,0.3378794489566187,0.2004205626067727,30700,22777574.0,66373.0
1782,394798,81,"Little Rock, AR",msa,AR,2015,0.2003568918964094,0.2029583900074908,30780,36399814.0,42283.0
1783,394798,81,"Little Rock, AR",msa,AR,2016,0.193742877120033,0.1991518295526482,30780,36810546.0,43155.0
1784,394798,81,"Little Rock, AR",msa,AR,2017,0.1966386366182519,0.1991203802205417,30780,36515427.0,43866.0
1785,394798,81,"Little Rock, AR",msa,AR,2018,0.2038442886519621,0.1955433774483473,30780,37072057.0,44939.0
1786,394798,81,"Little Rock, AR",msa,AR,2019,0.1923944763118734,0.1953419442676484,30780,37377293.0,46714.0
1787,394798,81,"Little Rock, AR",msa,AR,2020,0.1816131007997971,0.198381789062245,30780,37693518.0,50915.0
1788,394798,81,"Little Rock, AR",msa,AR,2021,0.1915482831095182,0.2141985224379615,30780,39432797.0,55386.0
1789,394798,81,"Little Rock, AR",msa,AR,2022,0.2395518123115629,0.2170735496625748,30780,39880822.0,56399.0
1790,394798,81,"Little Rock, AR",msa,AR,2023,0.2569438341521578,0.2110364359127261,30780,41292149.0,59463.0
1791,394800,301,"Logan, UT",msa,UT,2015,0.2171833531155806,0.195141580419248,30860,5065752.0,33507.0
1792,394800,301,"Logan, UT",msa,UT,2016,0.2284206174649836,0.1928843053503926,30860,5244744.0,34477.0
1793,394800,301,"Logan, UT",msa,UT,2017,0.242064690075304,0.1940917438719785,30860,5665636.0,36653.0
1794,394800,301,"Logan, UT",msa,UT,2018,0.2730530460057775,0.2633510130254333,30860,6169276.0,38812.0
1795,394800,301,"Logan, UT",msa,UT,2019,0.2649622046649051,0.2740762997004571,30860,6282265.0,40698.0
1796,394800,301,"Logan, UT",msa,UT,2020,0.2565184164360736,0.2865506451300282,30860,6346464.0,42744.0
1797,394800,301,"Logan, UT",msa,UT,2021,0.2875169142376502,0.3092868810524548,30860,6772851.0,48864.0
1798,394800,301,"Logan, UT",msa,UT,2022,0.3850212160545341,0.2269440364010772,30860,6965161.0,48563.0
1799,394800,301,"Logan, UT",msa,UT,2023,0.3877355883252654,0.2069525595919532,30860,7183662.0,50139.0
1800,394803,173,"Longview, TX",msa,TX,2015,0.1984408265050617,0.2140069989616732,30980,15481996.0,40757.0
1801,394803,173,"Longview, TX",msa,TX,2016,0.2022015231141712,0.2062836236215331,30980,14573953.0,39292.0
1802,394803,173,"Longview, TX",msa,TX,2017,0.2072912404462868,0.1954130127420277,30980,14585371.0,40097.0
1803,394803,173,"Longview, TX",msa,TX,2018,0.211904602839376,0.1888505676786724,30980,15385350.0,42060.0
1804,394803,173,"Longview, TX",msa,TX,2019,0.2090479462703429,0.1865544411380184,30980,15233441.0,43803.0
1805,394803,173,"Longview, TX",msa,TX,2020,0.1963427524156562,0.188479180641285,30980,14456374.0,46088.0
1806,394803,173,"Longview, TX",msa,TX,2021,0.1964720306162037,0.1942820188406679,30980,15000258.0,49561.0
1807,394803,173,"Longview, TX",msa,TX,2022,0.2489839674658529,0.2034029693964617,30980,15454262.0,50944.0
1808,394803,173,"Longview, TX",msa,TX,2023,0.26904138729556,0.2040475003110249,30980,15974088.0,53386.0
1809,394804,368,"Longview, WA",msa,WA,2015,0.2389000795330804,0.1674979138681144,31020,4646965.0,39873.0
1810,394804,368,"Longview, WA",msa,WA,2016,0.2482528949168285,0.1711243362332793,31020,4730351.0,40650.0
1811,394804,368,"Longview, WA",msa,WA,2017,0.2713160672912423,0.1713931930697315,31020,4700051.0,41703.0
1812,394804,368,"Longview, WA",msa,WA,2018,0.2966269472158661,0.1683850759074245,31020,4907501.0,43299.0
1813,394804,368,"Longview, WA",msa,WA,2019,0.2842662233642252,0.2484501270812363,31020,5182692.0,45852.0
1814,394804,368,"Longview, WA",msa,WA,2020,0.2769565553798694,0.2485178399572842,31020,5262679.0,49692.0
1815,394804,368,"Longview, WA",msa,WA,2021,0.2915286673764127,0.1968053523992381,31020,5447676.0,54090.0
1816,394804,368,"Longview, WA",msa,WA,2022,0.3884970184301364,0.2115120074727251,31020,5564869.0,55235.0
1817,394804,368,"Longview, WA",msa,WA,2023,0.4355577807293103,0.2183566040230939,31020,5566844.0,57947.0
1818,394807,46,"Louisville, KY",msa,KY,2015,0.1790239399281091,0.1917006156931515,31140,68324694.0,44846.0
1819,394807,46,"Louisville, KY",msa,KY,2016,0.1754140359623115,0.1908959337226632,31140,69615733.0,45867.0
1820,394807,46,"Louisville, KY",msa,KY,2017,0.1921441826449502,0.1951844608286671,31140,70802465.0,47340.0
1821,394807,46,"Louisville, KY",msa,KY,2018,0.2072146280785767,0.1983998302891908,31140,71637665.0,49326.0
1822,394807,46,"Louisville, KY",msa,KY,2019,0.200996922728569,0.1965582986939733,31140,74330117.0,51182.0
1823,394807,46,"Louisville, KY",msa,KY,2020,0.1908709093539187,0.1981999905805019,31140,72811177.0,54677.0
1824,394807,46,"Louisville, KY",msa,KY,2021,0.1929926416469183,0.2025095138660911,31140,76398224.0,60470.0
1825,394807,46,"Louisville, KY",msa,KY,2022,0.2485614104508837,0.2161604390448314,31140,77936501.0,61964.0
1826,394807,46,"Louisville, KY",msa,KY,2023,0.2855918167478427,0.223695216355462,31140,79172814.0,65205.0
1827,394808,162,"Lubbock, TX",msa,TX,2015,0.2124921595350029,0.2547565429877723,31180,13440732.0,39611.0
1828,394808,162,"Lubbock, TX",msa,TX,2016,0.2109802249698926,0.2582819751209861,31180,13607252.0,39965.0
1829,394808,162,"Lubbock, TX",msa,TX,2017,0.2334463343554051,0.2578159445868622,31180,13659578.0,41038.0
1830,394808,162,"Lubbock, TX",msa,TX,2018,0.2443598124359403,0.2524302129547844,31180,14001212.0,43170.0
1831,394808,162,"Lubbock, TX",msa,TX,2019,0.2217187109457425,0.2416461731360816,31180,14428792.0,45104.0
1832,394808,162,"Lubbock, TX",msa,TX,2020,0.205124889497077,0.2371037107807896,31180,14474725.0,47462.0
1833,394808,162,"Lubbock, TX",msa,TX,2021,0.2125472527895477,0.2439870011766615,31180,14951723.0,51366.0
1834,394808,162,"Lubbock, TX",msa,TX,2022,0.2789883190488654,0.2590174001944811,31180,15284438.0,52013.0
1835,394808,162,"Lubbock, TX",msa,TX,2023,0.310995169137542,0.2644639166245173,31180,15745106.0,54524.0
1836,394811,191,"Lynchburg, VA",msa,VA,2015,0.1959347941323875,0.1873766216187901,31340,10069842.0,36864.0
1837,394811,191,"Lynchburg, VA",msa,VA,2016,0.1910226772100237,0.1868896413017566,31340,9967242.0,37119.0
1838,394811,191,"Lynchburg, VA",msa,VA,2017,0.1985557259865988,0.1885002128664902,31340,10060609.0,38285.0
1839,394811,191,"Lynchburg, VA",msa,VA,2018,0.2043664463551957,0.1824801560950749,31340,10501057.0,39664.0
1840,394811,191,"Lynchburg, VA",msa,VA,2019,0.1933653817710706,0.1819776335545956,31340,10456036.0,41031.0
1841,394811,191,"Lynchburg, VA",msa,VA,2020,0.1826680092815994,0.1851983420203271,31340,10042321.0,44141.0
1842,394811,191,"Lynchburg, VA",msa,VA,2021,0.1942698037737305,0.1958979273980704,31340,10488481.0,47551.0
1843,394811,191,"Lynchburg, VA",msa,VA,2022,0.2546142688769845,0.2158652084055104,31340,10505151.0,48695.0
1844,394811,191,"Lynchburg, VA",msa,VA,2023,0.2898201119195248,0.214704439895786,31340,10718093.0,51243.0
1845,394813,200,"Macon, GA",msa,GA,2015,0.187619608773486,0.1743830938102834,31420,10926190.0,36592.0
1846,394813,200,"Macon, GA",msa,GA,2016,0.1879778143902873,0.1916306963008444,31420,10873814.0,37027.0
1847,394813,200,"Macon, GA",msa,GA,2017,0.2004885250909156,0.2016540365051291,31420,10845986.0,38354.0
1848,394813,200,"Macon, GA",msa,GA,2018,0.1847812017612672,0.1984030791211868,31420,11030811.0,39381.0
1849,394813,200,"Macon, GA",msa,GA,2019,0.1813314791218106,0.1958050356381598,31420,10855285.0,40211.0
1850,394813,200,"Macon, GA",msa,GA,2020,0.1697436452915713,0.199374956265473,31420,10107245.0,43137.0
1851,394813,200,"Macon, GA",msa,GA,2021,0.1776720770440318,0.2214525853440382,31420,10734704.0,47422.0
1852,394813,200,"Macon, GA",msa,GA,2022,0.2270533595125483,0.2267014084095117,31420,10851038.0,46970.0
1853,394813,200,"Macon, GA",msa,GA,2023,0.2406525870117348,0.2237106498966727,31420,10718598.0,48529.0
1854,394814,275,"Madera, CA",msa,CA,2015,0.2660483022292276,0.234879141677703,31460,5280320.0,34349.0
1855,394814,275,"Madera, CA",msa,CA,2016,0.2668466892634386,0.2427287622793492,31460,5849024.0,35964.0
1856,394814,275,"Madera, CA",msa,CA,2017,0.2787987818521422,0.2498255125196801,31460,6023623.0,36908.0
1857,394814,275,"Madera, CA",msa,CA,2018,0.3023975158755566,0.2503590185355187,31460,6027876.0,37455.0
1858,394814,275,"Madera, CA",msa,CA,2019,0.275133360614013,0.2413974427918278,31460,6222075.0,39073.0
1859,394814,275,"Madera, CA",msa,CA,2020,0.2630530119028409,0.254301311196971,31460,6201866.0,44026.0
1860,394814,275,"Madera, CA",msa,CA,2021,0.2746099305937788,0.283643312955156,31460,6448515.0,47871.0
1861,394814,275,"Madera, CA",msa,CA,2022,0.39722470512348,0.3426801192252194,31460,6043485.0,45181.0
1862,394814,275,"Madera, CA",msa,CA,2023,0.4605313134646458,0.3856829007013051,31460,6226914.0,46709.0
1863,394816,88,"Madison, WI",msa,WI,2015,0.2480054397900627,0.2044767036681729,31540,45242559.0,52069.0
1864,394816,88,"Madison, WI",msa,WI,2016,0.2487548285074767,0.1987718091738695,31540,46733465.0,53309.0
1865,394816,88,"Madison, WI",msa,WI,2017,0.2606825462998146,0.1992723503024688,31540,47412823.0,55045.0
1866,394816,88,"Madison, WI",msa,WI,2018,0.2752828538415149,0.1978416768045221,31540,49252686.0,58010.0
1867,394816,88,"Madison, WI",msa,WI,2019,0.267119062522209,0.2004810354216671,31540,50603904.0,60876.0
1868,394816,88,"Madison, WI",msa,WI,2020,0.2563305519532111,0.2017711654179402,31540,49380727.0,63796.0
1869,394816,88,"Madison, WI",msa,WI,2021,0.2645660137563085,0.2036646530885206,31540,52271157.0,70480.0
1870,394816,88,"Madison, WI",msa,WI,2022,0.3352469716207116,0.2124475433725951,31540,53432473.0,71900.0
1871,394816,88,"Madison, WI",msa,WI,2023,0.3888695646614132,0.2295455908888917,31540,55129893.0,75862.0
1872,394820,131,"Manchester, NH",msa,NH,2015,0.2363047711242572,0.1719704663373368,31700,25447457.0,54056.0
1873,394820,131,"Manchester, NH",msa,NH,2016,0.2361288246526585,0.1749350866681837,31700,25862657.0,55444.0
1874,394820,131,"Manchester, NH",msa,NH,2017,0.2486782739103239,0.1791024504138169,31700,25959140.0,57356.0
1875,394820,131,"Manchester, NH",msa,NH,2018,0.265078134478293,0.1849923252409564,31700,26455143.0,59738.0
1876,394820,131,"Manchester, NH",msa,NH,2019,0.2623412410235327,0.1949390224290788,31700,27240319.0,62665.0
1877,394820,131,"Manchester, NH",msa,NH,2020,0.2485681729293272,0.1963452404563053,31700,27002678.0,65906.0
1878,394820,131,"Manchester, NH",msa,NH,2021,0.26105428470204,0.2096714727140531,31700,29511318.0,74634.0
1879,394820,131,"Manchester, NH",msa,NH,2022,0.3205337020881396,0.2164297360207218,31700,30010481.0,72592.0
1880,394820,131,"Manchester, NH",msa,NH,2023,0.3595597783995206,0.2161995652255536,31700,30476161.0,76187.0
1881,394821,320,"Manhattan, KS",msa,KS,2015,0.1914577505318211,0.2348507891542802,31740,7307689.0,41368.0
1882,394821,320,"Manhattan, KS",msa,KS,2016,0.2339598753356161,0.2320507850945412,31740,7191474.0,42171.0
1883,394821,320,"Manhattan, KS",msa,KS,2017,0.2487119196847168,0.2339750335337017,31740,7189918.0,43444.0
1884,394821,320,"Manhattan, KS",msa,KS,2018,0.2852294563522531,0.2435356160807136,31740,7104990.0,44108.0
1885,394821,320,"Manhattan, KS",msa,KS,2019,0.2619726997509012,0.2305377833749227,31740,6872458.0,45587.0
1886,394821,320,"Manhattan, KS",msa,KS,2020,0.2400070723662896,0.2207928308479461,31740,6841825.0,48305.0
1887,394821,320,"Manhattan, KS",msa,KS,2021,0.2022678149743648,0.2263661014231767,31740,7108693.0,51890.0
1888,394821,320,"Manhattan, KS",msa,KS,2022,0.2978920808090355,0.2208179844932651,31740,7113660.0,53251.0
1889,394821,320,"Manhattan, KS",msa,KS,2023,0.3307237558508996,0.216855830551895,31740,7020615.0,56195.0
1890,394823,386,"Mankato, MN",msa,MN,2015,0.1780440180005301,0.1781645575605689,31860,5585193.0,42827.0
1891,394823,386,"Mankato, MN",msa,MN,2016,0.2080403213631824,0.1791951889716228,31860,5519939.0,42134.0
1892,394823,386,"Mankato, MN",msa,MN,2017,0.217411488978518,0.1946273364053021,31860,5561722.0,43503.0
1893,394823,386,"Mankato, MN",msa,MN,2018,0.2319533151962113,0.2392990622678822,31860,5646562.0,45445.0
1894,394823,386,"Mankato, MN",msa,MN,2019,0.2212225462601193,0.2284355098920959,31860,5618822.0,46675.0
1895,394823,386,"Mankato, MN",msa,MN,2020,0.209307204490589,0.2289488065144489,31860,5381176.0,49940.0
1896,394823,386,"Mankato, MN",msa,MN,2021,0.2153423368705201,0.245613745931245,31860,5612433.0,54036.0
1897,394823,386,"Mankato, MN",msa,MN,2022,0.2855149075472869,0.2383996834407475,31860,5692707.0,55745.0
1898,394823,386,"Mankato, MN",msa,MN,2023,0.3380188131098384,0.2360294186973199,31860,5670157.0,56825.0
1899,394824,337,"Mansfield, OH",msa,OH,2015,0.1402433473041001,0.173753724784424,31900,4589206.0,35351.0
1900,394824,337,"Mansfield, OH",msa,OH,2016,0.1395565189261972,0.1708047067261716,31900,4535134.0,35407.0
1901,394824,337,"Mansfield, OH",msa,OH,2017,0.1445669945418509,0.1865437244309203,31900,4544336.0,36615.0
1902,394824,337,"Mansfield, OH",msa,OH,2018,0.1515100957059147,0.1979013597621447,31900,4591106.0,37803.0
1903,394824,337,"Mansfield, OH",msa,OH,2019,0.1509542901968345,0.2024445610492312,31900,4586234.0,39589.0
1904,394824,337,"Mansfield, OH",msa,OH,2020,0.1524440940335532,0.2028257765884419,31900,4393186.0,43507.0
1905,394824,337,"Mansfield, OH",msa,OH,2021,0.1686206553046398,0.2099836024749354,31900,4587864.0,45386.0
1906,394824,337,"Mansfield, OH",msa,OH,2022,0.2135475509146155,0.215161612910806,31900,4598035.0,45660.0
1907,394824,337,"Mansfield, OH",msa,OH,2023,0.2144931008784192,0.1868892454735065,31900,4709913.0,48116.0
1908,394843,67,"McAllen, TX",msa,TX,2015,0.211287232485156,0.2737121631466847,32580,20702995.0,25140.0
1909,394843,67,"McAllen, TX",msa,TX,2016,0.215677902410392,0.270695037265985,32580,20609846.0,25314.0
1910,394843,67,"McAllen, TX",msa,TX,2017,0.2220856530348819,0.2670963668535384,32580,20721197.0,25802.0
1911,394843,67,"McAllen, TX",msa,TX,2018,0.2257213143139992,0.2593514755402875,32580,21184628.0,26831.0
1912,394843,67,"McAllen, TX",msa,TX,2019,0.2061293471804599,0.2466210275248123,32580,21991095.0,28110.0
1913,394843,67,"McAllen, TX",msa,TX,2020,0.2200072902239248,0.2441692219422878,32580,21525990.0,31101.0
1914,394843,67,"McAllen, TX",msa,TX,2021,0.211727524621955,0.2490052609594547,32580,22681955.0,34807.0
1915,394843,67,"McAllen, TX",msa,TX,2022,0.2638215021112394,0.2508148599062066,32580,23108370.0,32961.0
1916,394843,67,"McAllen, TX",msa,TX,2023,0.2909030028662576,0.2461285123211475,32580,23993556.0,34373.0
1917,394848,210,"Medford, OR",msa,OR,2015,0.3367651960922895,0.2620296474228792,32780,8290482.0,40875.0
1918,394848,210,"Medford, OR",msa,OR,2016,0.3390103022266282,0.2783352872199224,32780,8636441.0,42209.0
1919,394848,210,"Medford, OR",msa,OR,2017,0.3520496520704714,0.2816396143043577,32780,9087979.0,43879.0
1920,394848,210,"Medford, OR",msa,OR,2018,0.3740752125057876,0.2838073289855926,32780,9236535.0,45343.0
1921,394848,210,"Medford, OR",msa,OR,2019,0.3506748716252516,0.2855890299875145,32780,9377950.0,47190.0
1922,394848,210,"Medford, OR",msa,OR,2020,0.3249821238135284,0.2886199082011039,32780,9367440.0,51838.0
1923,394848,210,"Medford, OR",msa,OR,2021,0.3392647261480266,0.2961865807790034,32780,10015358.0,57180.0
1924,394848,210,"Medford, OR",msa,OR,2022,0.4269098833774387,0.2918656929167993,32780,9957252.0,58570.0
1925,394848,210,"Medford, OR",msa,OR,2023,0.4528770505262586,0.2887318603335536,32780,10314605.0,62541.0
1926,394849,44,"Memphis, TN",msa,TN,2015,0.1706073247157685,0.2221241611797132,32820,73049465.0,42217.0
1927,394849,44,"Memphis, TN",msa,TN,2016,0.1693926685693936,0.218137133558891,32820,74014482.0,43155.0
1928,394849,44,"Memphis, TN",msa,TN,2017,0.1970393018285036,0.219701474939938,32820,75341736.0,44570.0
1929,394849,44,"Memphis, TN",msa,TN,2018,0.1988324598853454,0.2210505323080189,32820,75977096.0,46231.0
1930,394849,44,"Memphis, TN",msa,TN,2019,0.1940410854577499,0.226422891615964,32820,76633375.0,48281.0
1931,394849,44,"Memphis, TN",msa,TN,2020,0.1869562771429948,0.2352707945230438,32820,75708024.0,51329.0
1932,394849,44,"Memphis, TN",msa,TN,2021,0.2004790074611761,0.2511576360244913,32820,79858628.0,56910.0
1933,394849,44,"Memphis, TN",msa,TN,2022,0.2621067068816591,0.2580372872693505,32820,79703375.0,57193.0
1934,394849,44,"Memphis, TN",msa,TN,2023,0.3015625513694295,0.2552083553843854,32820,81215062.0,60083.0
1935,394851,177,"Merced, CA",msa,CA,2015,0.2660686337099863,0.2488691310406494,32900,8608451.0,35164.0
1936,394851,177,"Merced, CA",msa,CA,2016,0.2784098869212507,0.2635777726977503,32900,8657384.0,35623.0
1937,394851,177,"Merced, CA",msa,CA,2017,0.2850361805240468,0.2637770708997295,32900,9136656.0,36405.0
1938,394851,177,"Merced, CA",msa,CA,2018,0.3017671832504311,0.2641119934022272,32900,9152693.0,36823.0
1939,394851,177,"Merced, CA",msa,CA,2019,0.2906007877726517,0.2652824133370766,32900,9251024.0,38423.0
1940,394851,177,"Merced, CA",msa,CA,2020,0.2879077250550959,0.2848984788203487,32900,9115222.0,44087.0
1941,394851,177,"Merced, CA",msa,CA,2021,0.3157722411091805,0.3173210766021392,32900,9294314.0,47854.0
1942,394851,177,"Merced, CA",msa,CA,2022,0.4640389937714359,0.3595063861445564,32900,9511320.0,45918.0
1943,394851,177,"Merced, CA",msa,CA,2023,0.5238569812675108,0.377514828838384,32900,9548937.0,46654.0
1944,394856,8,"Miami, FL",msa,FL,2015,0.3193340391941415,0.3624617823437407,33100,321884135.0,50744.0
1945,394856,8,"Miami, FL",msa,FL,2016,0.329897682431603,0.3617846358428812,33100,331898529.0,51065.0
1946,394856,8,"Miami, FL",msa,FL,2017,0.3487426089625855,0.3577931961301346,33100,346955899.0,55210.0
1947,394856,8,"Miami, FL",msa,FL,2018,0.3672781849708642,0.3497972486143604,33100,359852689.0,59151.0
1948,394856,8,"Miami, FL",msa,FL,2019,0.3524345504343762,0.3461088953326979,33100,367587090.0,62391.0
1949,394856,8,"Miami, FL",msa,FL,2020,0.3365569685919222,0.343112701401822,33100,353846629.0,64957.0
1950,394856,8,"Miami, FL",msa,FL,2021,0.3480517072882039,0.3781529159253482,33100,391367438.0,73220.0
1951,394856,8,"Miami, FL",msa,FL,2022,0.4610218745038319,0.4282701665068847,33100,415201140.0,78610.0
1952,394856,8,"Miami, FL",msa,FL,2023,0.5173875504617518,0.4115534566633765,33100,431882272.0,84302.0
1953,394857,365,"Michigan City, IN",msa,IN,2015,0.2135573475673378,0.1651275486031245,33140,4080028.0,37186.0
1954,394857,365,"Michigan City, IN",msa,IN,2016,0.1626305246889489,0.1693308134025364,33140,4136406.0,38338.0
1955,394857,365,"Michigan City, IN",msa,IN,2017,0.1678723804250367,0.1668315155687157,33140,4105788.0,39551.0
1956,394857,365,"Michigan City, IN",msa,IN,2018,0.1802200018214373,0.1643220776394954,33140,4231110.0,41063.0
1957,394857,365,"Michigan City, IN",msa,IN,2019,0.1702086337144001,0.1934017496377801,33140,4111245.0,41860.0
1958,394857,365,"Michigan City, IN",msa,IN,2020,0.1579872887455113,0.1919776316609688,33140,3978308.0,45370.0
1959,394857,365,"Michigan City, IN",msa,IN,2021,0.1654432550334477,0.1799731828370009,33140,4216451.0,49173.0
1960,394857,365,"Michigan City, IN",msa,IN,2022,0.2268694759603226,0.1788982629064676,33140,4196224.0,50903.0
1961,394857,365,"Michigan City, IN",msa,IN,2023,0.27581751608571,0.1986330450909347,33140,4396220.0,53144.0
1962,394859,437,"Midland, MI",msa,MI,2015,0.2292058342640828,0.2474797923245053,33220,5707086.0,41395.0
1963,394859,437,"Midland, MI",msa,MI,2016,0.2004230245086626,0.2481958007623945,33220,5342526.0,50979.0
1964,394859,437,"Midland, MI",msa,MI,2017,0.1705415105332718,0.1968683858278274,33220,5482023.0,57226.0
1965,394859,437,"Midland, MI",msa,MI,2018,0.1685039746773965,0.159605368086894,33220,5520755.0,53013.0
1966,394859,437,"Midland, MI",msa,MI,2019,0.1640718326909089,0.1578263797718746,33220,5367447.0,54138.0
1967,394859,437,"Midland, MI",msa,MI,2020,0.1815424802570664,0.1594908268682177,33220,5689329.0,57467.0
1968,394859,437,"Midland, MI",msa,MI,2021,0.1949597373717969,0.1728242760860271,33220,5907218.0,60417.0
1969,394859,437,"Midland, MI",msa,MI,2022,0.2519413352537618,0.2001990489625977,33220,5995496.0,60467.0
1970,394859,437,"Midland, MI",msa,MI,2023,0.2282201544510304,0.2130802901375702,33220,6344935.0,64106.0
1971,394860,254,"Midland, TX",msa,TX,2015,0.2118745320750753,0.2170148438307971,33260,19520898.0,90161.0
1972,394860,254,"Midland, TX",msa,TX,2016,0.2119771824113659,0.2043154154253952,33260,19198710.0,75505.0
1973,394860,254,"Midland, TX",msa,TX,2017,0.2196187312523418,0.2078544088274526,33260,21889250.0,109361.0
1974,394860,254,"Midland, TX",msa,TX,2018,0.2260790928759532,0.233000582994845,33260,27561089.0,130756.0
1975,394860,254,"Midland, TX",msa,TX,2019,0.2298252712415113,0.2317152762189909,33260,33146217.0,134798.0
1976,394860,254,"Midland, TX",msa,TX,2020,0.2251963465170144,0.1989520131953889,33260,31130056.0,102476.0
1977,394860,254,"Midland, TX",msa,TX,2021,0.2290400626988222,0.189076559971156,33260,31681448.0,119423.0
1978,394860,254,"Midland, TX",msa,TX,2022,0.2710291986491397,0.1959693188703207,33260,30957434.0,144331.0
1979,394860,254,"Midland, TX",msa,TX,2023,0.2633014966286972,0.1977905387701056,33260,44247964.0,143469.0
1980,394862,41,"Milwaukee, WI",msa,WI,2015,0.2464556299322941,0.1986707733118398,33340,97299949.0,50690.0
1981,394862,41,"Milwaukee, WI",msa,WI,2016,0.2633598562892666,0.1955776866406084,33340,97812590.0,51566.0
1982,394862,41,"Milwaukee, WI",msa,WI,2017,0.2603628511803302,0.1951753462405399,33340,99281237.0,53349.0
1983,394862,41,"Milwaukee, WI",msa,WI,2018,0.2744703033991634,0.1923166338844079,33340,100842067.0,55909.0
1984,394862,41,"Milwaukee, WI",msa,WI,2019,0.26181300804554,0.1926814373813565,33340,102320385.0,57590.0
1985,394862,41,"Milwaukee, WI",msa,WI,2020,0.248880000482312,0.1907030875558636,33340,98203432.0,60639.0
1986,394862,41,"Milwaukee, WI",msa,WI,2021,0.2643527086117298,0.1957184698598948,33340,102384169.0,66546.0
1987,394862,41,"Milwaukee, WI",msa,WI,2022,0.3107943934359859,0.20034945535469,33340,105152588.0,68735.0
1988,394862,41,"Milwaukee, WI",msa,WI,2023,0.330208968133626,0.1991373278936561,33340,106610894.0,72316.0
1989,394865,16,"Minneapolis, MN",msa,MN,2015,0.2133672763831421,0.1945993830351386,33460,249048711.0,56073.0
1990,394865,16,"Minneapolis, MN",msa,MN,2016,0.2142827034087045,0.1954372011363224,33460,253079493.0,57159.0
1991,394865,16,"Minneapolis, MN",msa,MN,2017,0.2259988014924263,0.197704719636058,33460,257849094.0,59122.0
1992,394865,16,"Minneapolis, MN",msa,MN,2018,0.242087264343116,0.1990238486529246,33460,265734698.0,61778.0
1993,394865,16,"Minneapolis, MN",msa,MN,2019,0.2334306018910566,0.2022351669524479,33460,270051612.0,63811.0
1994,394865,16,"Minneapolis, MN",msa,MN,2020,0.2205874536697315,0.200761557602083,33460,260621361.0,66526.0
1995,394865,16,"Minneapolis, MN",msa,MN,2021,0.231069554615478,0.2008754186442169,33460,275748176.0,73203.0
1996,394865,16,"Minneapolis, MN",msa,MN,2022,0.2900264744192644,0.2016521466679282,33460,281253976.0,76155.0
1997,394865,16,"Minneapolis, MN",msa,MN,2023,0.3174915060826037,0.1991510239002759,33460,286739259.0,79654.0
1998,394867,354,"Missoula, MT",msa,MT,2015,0.3599427700172103,0.2000372689755152,33540,5109708.0,45442.0
1999,394867,354,"Missoula, MT",msa,MT,2016,0.3521755636975911,0.1952598295640542,33540,5197179.0,45264.0
2000,394867,354,"Missoula, MT",msa,MT,2017,0.3594613952975125,0.1882326458130015,33540,5530699.0,48579.0
2001,394867,354,"Missoula, MT",msa,MT,2018,0.3700240917278828,0.1809045891069972,33540,5598430.0,50009.0
2002,394867,354,"Missoula, MT",msa,MT,2019,0.344599591643399,0.1790140956342927,33540,5750346.0,53150.0
2003,394867,354,"Missoula, MT",msa,MT,2020,0.324593192334651,0.1818077706201891,33540,5721496.0,57753.0
2004,394867,354,"Missoula, MT",msa,MT,2021,0.374283878971421,0.2077484620276935,33540,6401268.0,62167.0
2005,394867,354,"Missoula, MT",msa,MT,2022,0.5118411365293732,0.2198945830371839,33540,6370148.0,64137.0
2006,394867,354,"Missoula, MT",msa,MT,2023,0.5638982689428157,0.2185574548992152,33540,6623001.0,68344.0
2007,394870,127,"Mobile, AL",msa,AL,2015,0.1662974969094466,0.2083067962292916,33660,20112176.0,35710.0
2008,394870,127,"Mobile, AL",msa,AL,2016,0.170831471863796,0.210954964149591,33660,20524904.0,35908.0
2009,394870,127,"Mobile, AL",msa,AL,2017,0.1788091212109013,0.2162739895873469,33660,20576160.0,36654.0
2010,394870,127,"Mobile, AL",msa,AL,2018,0.1870189357654252,0.2166112540075268,33660,20912705.0,37808.0
2011,394870,127,"Mobile, AL",msa,AL,2019,0.1803912970868742,0.2181251619046455,33660,21370021.0,39266.0
2012,394870,127,"Mobile, AL",msa,AL,2020,0.173773075062904,0.2153285553426155,33660,21463861.0,42501.0
2013,394870,127,"Mobile, AL",msa,AL,2021,0.1813443951327915,0.235619817173964,33660,22834108.0,47551.0
2014,394870,127,"Mobile, AL",msa,AL,2022,0.2335877577496015,0.2506834133190889,33660,22999194.0,48316.0
2015,394870,127,"Mobile, AL",msa,AL,2023,0.2659137182341469,0.265738924581908,33660,24173958.0,50384.0
2016,394871,103,"Modesto, CA",msa,CA,2015,0.2694011051375129,0.2363470106522225,33700,20967459.0,39001.0
2017,394871,103,"Modesto, CA",msa,CA,2016,0.2770253774508168,0.247629105514118,33700,21301063.0,39774.0
2018,394871,103,"Modesto, CA",msa,CA,2017,0.295455259348073,0.259607079710125,33700,22191928.0,40587.0
2019,394871,103,"Modesto, CA",msa,CA,2018,0.3214638673474169,0.2652304334212172,33700,22810079.0,41448.0
2020,394871,103,"Modesto, CA",msa,CA,2019,0.3123144776804724,0.2724274366821466,33700,23329680.0,43430.0
2021,394871,103,"Modesto, CA",msa,CA,2020,0.2874310472739018,0.2742672504391437,33700,22651130.0,48654.0
2022,394871,103,"Modesto, CA",msa,CA,2021,0.3060936401380322,0.2884831751398293,33700,23715467.0,52389.0
2023,394871,103,"Modesto, CA",msa,CA,2022,0.3934654873023582,0.2926017055637308,33700,23803366.0,51092.0
2024,394871,103,"Modesto, CA",msa,CA,2023,0.4106013170022908,0.2841883225301191,33700,24067824.0,53058.0
2025,394872,222,"Monroe, LA",msa,LA,2015,0.2008051315407092,0.1865186887012256,33740,8442558.0,35579.0
2026,394872,222,"Monroe, LA",msa,LA,2016,0.2096241938115844,0.1924713419440909,33740,8482087.0,36465.0
2027,394872,222,"Monroe, LA",msa,LA,2017,0.2053224804519116,0.1916689251616083,33740,8330804.0,37250.0
2028,394872,222,"Monroe, LA",msa,LA,2018,0.1975526705813604,0.1884951124686471,33740,8467890.0,38886.0
2029,394872,222,"Monroe, LA",msa,LA,2019,0.1832310495993132,0.1877822079154354,33740,8167764.0,39369.0
2030,394872,222,"Monroe, LA",msa,LA,2020,0.1689688416116399,0.1890394909863978,33740,7871215.0,43229.0
2031,394872,222,"Monroe, LA",msa,LA,2021,0.1705748873499457,0.1828495343198562,33740,8000704.0,46570.0
2032,394872,222,"Monroe, LA",msa,LA,2022,0.2150075945768207,0.1880420474702388,33740,8083356.0,46926.0
2033,394872,222,"Monroe, LA",msa,LA,2023,0.2536799760555032,0.1906799093055461,33740,8313568.0,49272.0
2034,394873,283,"Monroe, MI",msa,MI,2015,0.1696730380000493,0.1981389730295753,33780,6052526.0,41853.0
2035,394873,283,"Monroe, MI",msa,MI,2016,0.1717937112278781,0.2186856044872686,33780,6021311.0,42761.0
2036,394873,283,"Monroe, MI",msa,MI,2017,0.1782515498827735,0.2332791513873258,33780,5999722.0,44445.0
2037,394873,283,"Monroe, MI",msa,MI,2018,0.1909587014380254,0.2377308113454159,33780,5880549.0,45989.0
2038,394873,283,"Monroe, MI",msa,MI,2019,0.1817911622081471,0.2457423380786438,33780,5983585.0,47316.0
2039,394873,283,"Monroe, MI",msa,MI,2020,0.1606513308475994,0.2468129365666831,33780,5588368.0,49899.0
2040,394873,283,"Monroe, MI",msa,MI,2021,0.1828750558182341,0.2232554344592674,33780,5858551.0,52860.0
2041,394873,283,"Monroe, MI",msa,MI,2022,0.2334278672186455,0.2089565266672222,33780,5975156.0,56960.0
2042,394873,283,"Monroe, MI",msa,MI,2023,0.2613148439140452,0.2072902607190636,33780,6247886.0,59956.0
2043,394875,143,"Montgomery, AL",msa,AL,2015,0.170450284848666,0.2233133972688203,33860,17645112.0,38875.0
2044,394875,143,"Montgomery, AL",msa,AL,2016,0.1672288742817696,0.2212874218617655,33860,18184902.0,39802.0
2045,394875,143,"Montgomery, AL",msa,AL,2017,0.1681368480244441,0.2151348845627585,33860,18161538.0,40745.0
2046,394875,143,"Montgomery, AL",msa,AL,2018,0.1712881528284661,0.2097630497225174,33860,18181259.0,41601.0
2047,394875,143,"Montgomery, AL",msa,AL,2019,0.1666891362434361,0.2100057085986264,33860,18298911.0,42712.0
2048,394875,143,"Montgomery, AL",msa,AL,2020,0.1599402958464976,0.2159886616611815,33860,17889427.0,45501.0
2049,394875,143,"Montgomery, AL",msa,AL,2021,0.165914746895271,0.2301877592866353,33860,18484045.0,49259.0
2050,394875,143,"Montgomery, AL",msa,AL,2022,0.2122044437006582,0.2368400704185147,33860,18943824.0,50135.0
2051,394875,143,"Montgomery, AL",msa,AL,2023,0.2376125771329686,0.2315129137874109,33860,19558914.0,53266.0
2052,394879,310,"Morgantown, WV",msa,WV,2015,0.2223851684532873,0.2235407830276555,34060,7704227.0,40023.0
2053,394879,310,"Morgantown, WV",msa,WV,2016,0.2112420562206253,0.2508221498273968,34060,7619302.0,39487.0
2054,394879,310,"Morgantown, WV",msa,WV,2017,0.2132862156882227,0.2601849987392826,34060,7846985.0,41338.0
2055,394879,310,"Morgantown, WV",msa,WV,2018,0.2186459931703896,0.2512744516482021,34060,7912910.0,43536.0
2056,394879,310,"Morgantown, WV",msa,WV,2019,0.201090281383058,0.2444649740054389,34060,7659990.0,44803.0
2057,394879,310,"Morgantown, WV",msa,WV,2020,0.1838875722035119,0.2454319450670677,34060,7587326.0,46888.0
2058,394879,310,"Morgantown, WV",msa,WV,2021,0.1858921505344879,0.2583515212158312,34060,7911174.0,50575.0
2059,394879,310,"Morgantown, WV",msa,WV,2022,0.2480746821907996,0.264515336956895,34060,7994806.0,52306.0
2060,394879,310,"Morgantown, WV",msa,WV,2023,0.2828991884753948,0.269382759336061,34060,8144157.0,55012.0
2061,394880,307,"Morristown, TN",msa,TN,2015,0.2005946437470255,0.2216025488902418,34100,4866160.0,33162.0
2062,394880,307,"Morristown, TN",msa,TN,2016,0.1973382783254821,0.2120353074754294,34100,4925235.0,33610.0
2063,394880,307,"Morristown, TN",msa,TN,2017,0.2010506021826189,0.214072428938157,34100,5112106.0,34729.0
2064,394880,307,"Morristown, TN",msa,TN,2018,0.2173995042399664,0.2264978696475347,34100,5072997.0,36351.0
2065,394880,307,"Morristown, TN",msa,TN,2019,0.2075950859991207,0.2305916434097626,34100,5195991.0,37946.0
2066,394880,307,"Morristown, TN",msa,TN,2020,0.2030693261551468,0.2363551591023791,34100,5227282.0,40678.0
2067,394880,307,"Morristown, TN",msa,TN,2021,0.2084677510317862,0.1992479170311507,34100,5658040.0,45865.0
2068,394880,307,"Morristown, TN",msa,TN,2022,0.2836877881724813,0.2194351848651076,34100,5780857.0,46346.0
2069,394880,307,"Morristown, TN",msa,TN,2023,0.3296848145876015,0.2814417914053427,34100,5886493.0,48618.0
2070,394890,327,"Mount Vernon, WA",msa,WA,2015,0.2904303298264812,0.1868261352571626,34580,6780585.0,45253.0
2071,394890,327,"Mount Vernon, WA",msa,WA,2016,0.2882906457409681,0.1985626575018806,34580,6727490.0,46721.0
2072,394890,327,"Mount Vernon, WA",msa,WA,2017,0.3021202484753607,0.1817960924751786,34580,6537005.0,48691.0
2073,394890,327,"Mount Vernon, WA",msa,WA,2018,0.3375550961219427,0.2268077278091625,34580,6635744.0,50697.0
2074,394890,327,"Mount Vernon, WA",msa,WA,2019,0.3139027438108892,0.2530019657339549,34580,6686473.0,54067.0
2075,394890,327,"Mount Vernon, WA",msa,WA,2020,0.3181715692574194,0.2678948449884249,34580,6614736.0,58402.0
2076,394890,327,"Mount Vernon, WA",msa,WA,2021,0.33779828960838,0.2807964943476845,34580,6543589.0,61889.0
2077,394890,327,"Mount Vernon, WA",msa,WA,2022,0.4457246859331522,0.290833547846533,34580,6572432.0,62938.0
2078,394890,327,"Mount Vernon, WA",msa,WA,2023,0.4589546913518503,0.2782715479839452,34580,6670384.0,67173.0
2079,394893,364,"Muncie, IN",msa,IN,2015,0.2085766254264328,0.1639423659706295,34620,3989257.0,33694.0
2080,394893,364,"Muncie, IN",msa,IN,2016,0.1305966118066073,0.1684340519871648,34620,3948907.0,34341.0
2081,394893,364,"Muncie, IN",msa,IN,2017,0.1406522450195579,0.1645506768182078,34620,4030138.0,35614.0
2082,394893,364,"Muncie, IN",msa,IN,2018,0.1488437625712577,0.1622905785055309,34620,4096420.0,36853.0
2083,394893,364,"Muncie, IN",msa,IN,2019,0.1416992293505268,0.165877560916052,34620,4130329.0,38575.0
2084,394893,364,"Muncie, IN",msa,IN,2020,0.1323624497490856,0.1637075275128112,34620,4030587.0,41937.0
2085,394893,364,"Muncie, IN",msa,IN,2021,0.1388368242743444,0.1715570980558823,34620,4157343.0,45152.0
2086,394893,364,"Muncie, IN",msa,IN,2022,0.1820976915841434,0.1803183292543498,34620,4311171.0,45910.0
2087,394893,364,"Muncie, IN",msa,IN,2023,0.2089689379695352,0.1830253474173044,34620,4336147.0,47629.0
2088,394896,250,"Muskegon, MI",msa,MI,2015,0.1581758918674713,0.2205241376454672,34740,6238538.0,34745.0
2089,394896,250,"Muskegon, MI",msa,MI,2016,0.1558664013587285,0.2234434750722202,34740,6097005.0,35355.0
2090,394896,250,"Muskegon, MI",msa,MI,2017,0.169998026563491,0.2338472926555558,34740,5986522.0,36360.0
2091,394896,250,"Muskegon, MI",msa,MI,2018,0.1670528121319451,0.2338392192926483,34740,6085095.0,37621.0
2092,394896,250,"Muskegon, MI",msa,MI,2019,0.2458600451921727,0.2302089346993398,34740,6169878.0,39247.0
2093,394896,250,"Muskegon, MI",msa,MI,2020,0.1809555722643038,0.2331778698691986,34740,5905749.0,44329.0
2094,394896,250,"Muskegon, MI",msa,MI,2021,0.1935619943461746,0.2127531879081187,34740,6064885.0,46526.0
2095,394896,250,"Muskegon, MI",msa,MI,2022,0.3511892791097791,0.202108839451838,34740,6322248.0,47460.0
2096,394896,250,"Muskegon, MI",msa,MI,2023,0.2821562791195025,0.2050618756287582,34740,6493351.0,49244.0
2097,394898,117,"Myrtle Beach, SC",msa,SC,2015,0.2442172172803443,0.2505051072778319,34820,16366081.0,36821.0
2098,394898,117,"Myrtle Beach, SC",msa,SC,2016,0.239145907321421,0.2527656794414113,34820,17154849.0,38283.0
2099,394898,117,"Myrtle Beach, SC",msa,SC,2017,0.2447512323301829,0.2587758716860466,34820,17915888.0,39524.0
2100,394898,117,"Myrtle Beach, SC",msa,SC,2018,0.2519005340549581,0.2542305732087187,34820,18299683.0,41067.0
2101,394898,117,"Myrtle Beach, SC",msa,SC,2019,0.2396949977372674,0.2546079937408049,34820,18781083.0,43432.0
2102,394898,117,"Myrtle Beach, SC",msa,SC,2020,0.2262089929683183,0.2558503679632656,34820,18934822.0,46927.0
2103,394898,117,"Myrtle Beach, SC",msa,SC,2021,0.2403116371749962,0.275567566658205,34820,20278907.0,50624.0
2104,394898,117,"Myrtle Beach, SC",msa,SC,2022,0.3375053365476253,0.2962241501355156,34820,21257619.0,51334.0
2105,394898,117,"Myrtle Beach, SC",msa,SC,2023,0.3740927613087799,0.2891897211339474,34820,22139200.0,54210.0
2106,394900,312,"Napa, CA",msa,CA,2015,0.4459304985154224,0.2201868234708704,34900,10593191.0,62802.0
2107,394900,312,"Napa, CA",msa,CA,2016,0.4519167680578506,0.2939505315079902,34900,10814400.0,66433.0
2108,394900,312,"Napa, CA",msa,CA,2017,0.470039621708712,0.3153536174872431,34900,10996519.0,68093.0
2109,394900,312,"Napa, CA",msa,CA,2018,0.4877924642239882,0.3148681171083803,34900,11046992.0,69039.0
2110,394900,312,"Napa, CA",msa,CA,2019,0.4630409938466281,0.3166740097635647,34900,11004396.0,73298.0
2111,394900,312,"Napa, CA",msa,CA,2020,0.4312593685249357,0.3184844330314426,34900,10431615.0,82962.0
2112,394900,312,"Napa, CA",msa,CA,2021,0.456051249048349,0.3286664072801497,34900,11466302.0,87015.0
2113,394900,312,"Napa, CA",msa,CA,2022,0.5888167252657637,0.3376625867629197,34900,11077239.0,89219.0
2114,394900,312,"Napa, CA",msa,CA,2023,0.6457074178712721,0.3352993389330929,34900,11412110.0,94973.0
2115,394901,147,"Naples, FL",msa,FL,2015,0.3260892842072626,0.3124077002869989,34940,17498080.0,83155.0
2116,394901,147,"Naples, FL",msa,FL,2016,0.3319725498453189,0.313754187040932,34940,18596601.0,85460.0
2117,394901,147,"Naples, FL",msa,FL,2017,0.3321085754340369,0.3120011322591126,34940,18972217.0,91988.0
2118,394901,147,"Naples, FL",msa,FL,2018,0.3267388852322163,0.308083880953072,34940,19603770.0,102177.0
2119,394901,147,"Naples, FL",msa,FL,2019,0.2962504495005462,0.3003349481996955,34940,20507135.0,106718.0
2120,394901,147,"Naples, FL",msa,FL,2020,0.27593313064755,0.3064222774494975,34940,20314457.0,109870.0
2121,394901,147,"Naples, FL",msa,FL,2021,0.3060776188180834,0.3518601978678701,34940,22949472.0,121237.0
2122,394901,147,"Naples, FL",msa,FL,2022,0.4593463369630834,0.4170196148448111,34940,24158343.0,125249.0
2123,394901,147,"Naples, FL",msa,FL,2023,0.5193907938909185,0.4218845944202525,34940,25133932.0,134527.0
2124,394902,37,"Nashville, TN",msa,TN,2015,0.2275307692504775,0.2488622187105971,34980,120250930.0,50678.0
2125,394902,37,"Nashville, TN",msa,TN,2016,0.2293279588797914,0.2457648356481155,34980,124750566.0,52374.0
2126,394902,37,"Nashville, TN",msa,TN,2017,0.246479803222263,0.2457667586794876,34980,130549166.0,54232.0
2127,394902,37,"Nashville, TN",msa,TN,2018,0.2649210185210502,0.2416345912954176,34980,134555744.0,57312.0
2128,394902,37,"Nashville, TN",msa,TN,2019,0.2508236672814563,0.2412046964641649,34980,139347593.0,60654.0
2129,394902,37,"Nashville, TN",msa,TN,2020,0.2404793659522947,0.2403206221091537,34980,138370485.0,63959.0
2130,394902,37,"Nashville, TN",msa,TN,2021,0.2564817493938898,0.2503595845040487,34980,153968335.0,71439.0
2131,394902,37,"Nashville, TN",msa,TN,2022,0.3539782220321921,0.2629292151051042,34980,163157526.0,75477.0
2132,394902,37,"Nashville, TN",msa,TN,2023,0.3843941078066396,0.2558033163922183,34980,168192268.0,79453.0
2133,394905,341,"New Bern, NC",msa,NC,2015,0.1981079480864118,0.1793859128253721,35100,5784401.0,40266.0
2134,394905,341,"New Bern, NC",msa,NC,2016,0.1857048532048032,0.1769202281833047,35100,5320182.0,40844.0
2135,394905,341,"New Bern, NC",msa,NC,2017,0.190999689181747,0.2035219183503041,35100,5397061.0,41707.0
2136,394905,341,"New Bern, NC",msa,NC,2018,0.201327182118916,0.2176892194475329,35100,5282920.0,42953.0
2137,394905,341,"New Bern, NC",msa,NC,2019,0.1896166008959511,0.2229374922224265,35100,5463261.0,45804.0
2138,394905,341,"New Bern, NC",msa,NC,2020,0.1735953985772814,0.2244940412659908,35100,5327833.0,49346.0
2139,394905,341,"New Bern, NC",msa,NC,2021,0.1765058209379912,0.2314534293772432,35100,5610990.0,53592.0
2140,394905,341,"New Bern, NC",msa,NC,2022,0.2361966683307724,0.2532695682332473,35100,5579033.0,54318.0
2141,394905,341,"New Bern, NC",msa,NC,2023,0.2840379152362968,0.2619491432183882,35100,5698512.0,57334.0
2142,394908,68,"New Haven, CT",msa,CT,2015,0.2633090066993609,0.219889208071976,35300,48669195.0,50081.0
2143,394908,68,"New Haven, CT",msa,CT,2016,0.2521963814696485,0.2189258025045758,35300,49501665.0,50723.0
2144,394908,68,"New Haven, CT",msa,CT,2017,0.2538782436695824,0.218161974748933,35300,49698505.0,51502.0
2145,394908,68,"New Haven, CT",msa,CT,2018,0.2657036182720396,0.2214980745902231,35300,50711147.0,53726.0
2146,394908,68,"New Haven, CT",msa,CT,2019,0.2536248043954405,0.2237866570527552,35300,51537971.0,56438.0
2147,394908,68,"New Haven, CT",msa,CT,2020,0.240125453905036,0.2258687157804058,35300,50178248.0,59957.0
2148,394908,68,"New Haven, CT",msa,CT,2021,0.2473937312582501,0.2331796366754719,35300,51893346.0,64206.0
2149,394908,68,"New Haven, CT",msa,CT,2022,0.3031935902300642,0.2435384331124587,35300,52347719.0,64998.0
2150,394908,68,"New Haven, CT",msa,CT,2023,0.3410937209969961,0.2490181008504355,35300,53369766.0,68387.0
2151,394910,47,"New Orleans, LA",msa,LA,2015,0.2795724773392121,0.2848251133051892,35380,73394037.0,48250.0
2152,394910,47,"New Orleans, LA",msa,LA,2016,0.2773411881023638,0.2816464036734115,35380,73950608.0,47720.0
2153,394910,47,"New Orleans, LA",msa,LA,2017,0.2868348971268981,0.2810445470832381,35380,78225064.0,49461.0
2154,394910,47,"New Orleans, LA",msa,LA,2018,0.2851944810016881,0.2742595831238445,35380,78131482.0,51879.0
2155,394910,47,"New Orleans, LA",msa,LA,2019,0.2693268025692151,0.2680192173563181,35380,79758003.0,54100.0
2156,394910,47,"New Orleans, LA",msa,LA,2020,0.2548038303987712,0.2672328034513838,35380,73387803.0,56378.0
2157,394910,47,"New Orleans, LA",msa,LA,2021,0.2584440517743664,0.2755412006808417,35380,76752964.0,62890.0
2158,394910,47,"New Orleans, LA",msa,LA,2022,0.3189205332752227,0.2905979656945714,35380,75742641.0,62881.0
2159,394910,47,"New Orleans, LA",msa,LA,2023,0.3520642777732339,0.2863767112400573,35380,79551971.0,66588.0
2160,394913,1,"New York, NY",msa,NY,2015,0.4359451452767767,0.3920348153879132,35620,1651986502.0,62867.0
2161,394913,1,"New York, NY",msa,NY,2016,0.4389077734603441,0.3861929920446031,35620,1680298739.0,64880.0
2162,394913,1,"New York, NY",msa,NY,2017,0.4544074997486143,0.3760437342409615,35620,1714074302.0,68616.0
2163,394913,1,"New York, NY",msa,NY,2018,0.4716027338820214,0.3672700774396247,35620,1766287427.0,71168.0
2164,394913,1,"New York, NY",msa,NY,2019,0.4419704485935468,0.3656223787595548,35620,1801108140.0,73834.0
2165,394913,1,"New York, NY",msa,NY,2020,0.4195152769312307,0.3169202398508705,35620,1744691761.0,77174.0
2166,394913,1,"New York, NY",msa,NY,2021,0.4333323776662811,0.3414266941015962,35620,1834472543.0,83995.0
2167,394913,1,"New York, NY",msa,NY,2022,0.5234531749418045,0.3763001655901702,35620,1875061603.0,86058.0
2168,394913,1,"New York, NY",msa,NY,2023,0.569400091593362,0.3820470290886257,35620,1905237359.0,91448.0
2169,394917,282,"Niles, MI",msa,MI,2015,0.1958526513781454,0.1998547888198411,35660,7255438.0,42298.0
2170,394917,282,"Niles, MI",msa,MI,2016,0.2025508031338866,0.2143616174521503,35660,7571477.0,43671.0
2171,394917,282,"Niles, MI",msa,MI,2017,0.2092300859476969,0.2273317861326478,35660,7684118.0,44636.0
2172,394917,282,"Niles, MI",msa,MI,2018,0.2249943651021977,0.2253020141287919,35660,7498236.0,46880.0
2173,394917,282,"Niles, MI",msa,MI,2019,0.211767520522091,0.2200019828032586,35660,7356463.0,49237.0
2174,394917,282,"Niles, MI",msa,MI,2020,0.2029705902511853,0.221534962592786,35660,7491792.0,53954.0
2175,394917,282,"Niles, MI",msa,MI,2021,0.2107655528809754,0.225464505170485,35660,7522506.0,60474.0
2176,394917,282,"Niles, MI",msa,MI,2022,0.2729908561570581,0.2402245076207139,35660,7423846.0,60359.0
2177,394917,282,"Niles, MI",msa,MI,2023,0.3242747568032877,0.2494658750319281,35660,7361870.0,61127.0
2178,394924,185,"Norwich, CT",msa,CT,2015,0.2358119569828534,0.1722233262122555,35980,17807691.0,52105.0
2179,394924,185,"Norwich, CT",msa,CT,2016,0.2307422141513931,0.1726720621175223,35980,17916670.0,53388.0
2180,394924,185,"Norwich, CT",msa,CT,2017,0.2403699994613239,0.1753594586210633,35980,18942592.0,54680.0
2181,394924,185,"Norwich, CT",msa,CT,2018,0.252202803692067,0.1750594537920492,35980,19248308.0,55672.0
2182,394924,185,"Norwich, CT",msa,CT,2019,0.2400305810884555,0.177581039135156,35980,19465696.0,57962.0
2183,394924,185,"Norwich, CT",msa,CT,2020,0.2243828979628254,0.1800199250140392,35980,18105110.0,60968.0
2184,394924,185,"Norwich, CT",msa,CT,2021,0.2378157076283581,0.1918850396664669,35980,18417944.0,64463.0
2185,394924,185,"Norwich, CT",msa,CT,2022,0.2953706418153748,0.2029839246069568,35980,19021458.0,66356.0
2186,394924,185,"Norwich, CT",msa,CT,2023,0.3364978255489992,0.2119470743893487,35980,19691503.0,69755.0
2187,394927,149,"Ocala, FL",msa,FL,2015,0.2049716580341422,0.2444897428018058,36100,9080073.0,33149.0
2188,394927,149,"Ocala, FL",msa,FL,2016,0.2091880057259369,0.249159290100607,36100,9725514.0,34331.0
2189,394927,149,"Ocala, FL",msa,FL,2017,0.2242592864518654,0.2564607630434745,36100,9763722.0,35661.0
2190,394927,149,"Ocala, FL",msa,FL,2018,0.2391658573293666,0.2538659462317917,36100,10173070.0,36817.0
2191,394927,149,"Ocala, FL",msa,FL,2019,0.2328330920700259,0.2585018407638565,36100,10349644.0,38425.0
2192,394927,149,"Ocala, FL",msa,FL,2020,0.2149093273041167,0.2591447153876982,36100,10719426.0,40887.0
2193,394927,149,"Ocala, FL",msa,FL,2021,0.2354194079193196,0.290741447298199,36100,11573193.0,44712.0
2194,394927,149,"Ocala, FL",msa,FL,2022,0.3382900678675964,0.3185073585207731,36100,11975281.0,44355.0
2195,394927,149,"Ocala, FL",msa,FL,2023,0.3826064151845705,0.3125513598250879,36100,12616744.0,46682.0
2196,394930,271,"Odessa, TX",msa,TX,2015,0.1961148425627769,0.2686204984118839,36220,11318562.0,42937.0
2197,394930,271,"Odessa, TX",msa,TX,2016,0.1967861562903568,0.2265120259484347,36220,9693922.0,38346.0
2198,394930,271,"Odessa, TX",msa,TX,2017,0.2022217537112304,0.2221033465612945,36220,10478298.0,43392.0
2199,394930,271,"Odessa, TX",msa,TX,2018,0.215173584814787,0.2749278616500932,36220,12490648.0,49643.0
2200,394930,271,"Odessa, TX",msa,TX,2019,0.2247994963943387,0.2820346255186316,36220,12974711.0,52751.0
2201,394930,271,"Odessa, TX",msa,TX,2020,0.1982201745778093,0.2462380807669595,36220,10939236.0,49142.0
2202,394930,271,"Odessa, TX",msa,TX,2021,0.2309590785342421,0.2222651128716272,36220,10833941.0,52569.0
2203,394930,271,"Odessa, TX",msa,TX,2022,0.2694238754629045,0.238211544139422,36220,11688075.0,55329.0
2204,394930,271,"Odessa, TX",msa,TX,2023,0.2815920831803583,0.2628153678353896,36220,13041630.0,58961.0
2205,394931,87,"Ogden, UT",msa,UT,2015,0.1927916766503236,0.1558757221131547,36260,24936588.0,38223.0
2206,394931,87,"Ogden, UT",msa,UT,2016,0.1984414335327856,0.1595170127070898,36260,25812833.0,39646.0
2207,394931,87,"Ogden, UT",msa,UT,2017,0.2164080636597061,0.1616695496648236,36260,27303694.0,40943.0
2208,394931,87,"Ogden, UT",msa,UT,2018,0.2338759873267098,0.1661879803424497,36260,28783152.0,42957.0
2209,394931,87,"Ogden, UT",msa,UT,2019,0.2300351306593195,0.1692183517642852,36260,30042935.0,44987.0
2210,394931,87,"Ogden, UT",msa,UT,2020,0.2266911285637074,0.1751638833570099,36260,30801072.0,48236.0
2211,394931,87,"Ogden, UT",msa,UT,2021,0.2561587539901416,0.188373255714064,36260,32458648.0,53442.0
2212,394931,87,"Ogden, UT",msa,UT,2022,0.3476551388304225,0.1982569070060372,36260,33337881.0,55999.0
2213,394931,87,"Ogden, UT",msa,UT,2023,0.3592970404065164,0.1922095194535838,36260,34700215.0,59122.0
2214,394935,42,"Oklahoma City, OK",msa,OK,2015,0.1912459939564842,0.2115575030970066,36420,72005174.0,45482.0
2215,394935,42,"Oklahoma City, OK",msa,OK,2016,0.1899218946874891,0.208847761131322,36420,72189772.0,44784.0
2216,394935,42,"Oklahoma City, OK",msa,OK,2017,0.1931376344538795,0.2045865212993406,36420,74418907.0,46013.0
2217,394935,42,"Oklahoma City, OK",msa,OK,2018,0.1978839037965603,0.2028449045350068,36420,77046911.0,47744.0
2218,394935,42,"Oklahoma City, OK",msa,OK,2019,0.1913308511264998,0.2050337211075485,36420,78360861.0,51054.0
2219,394935,42,"Oklahoma City, OK",msa,OK,2020,0.1867404967837851,0.2068503788725737,36420,76135148.0,53413.0
2220,394935,42,"Oklahoma City, OK",msa,OK,2021,0.1952757119749505,0.2196948671950098,36420,76698711.0,57984.0
2221,394935,42,"Oklahoma City, OK",msa,OK,2022,0.2483100140257494,0.2269910516336336,36420,76312222.0,62194.0
2222,394935,42,"Oklahoma City, OK",msa,OK,2023,0.2772630758253083,0.2221630409098727,36420,81586133.0,64468.0
2223,394937,172,"Olympia, WA",msa,WA,2015,0.1912954776292537,0.2086720377860295,36500,11837239.0,44750.0
2224,394937,172,"Olympia, WA",msa,WA,2016,0.2426341603707219,0.2094756864502505,36500,12492670.0,46273.0
2225,394937,172,"Olympia, WA",msa,WA,2017,0.2550350360366081,0.2158885402501539,36500,12907242.0,47534.0
2226,394937,172,"Olympia, WA",msa,WA,2018,0.2790434618503797,0.2180272811655998,36500,13734622.0,48952.0
2227,394937,172,"Olympia, WA",msa,WA,2019,0.2673606185463114,0.2231271994744766,36500,14069568.0,51833.0
2228,394937,172,"Olympia, WA",msa,WA,2020,0.2691576834556752,0.2303675944814071,36500,13769498.0,55450.0
2229,394937,172,"Olympia, WA",msa,WA,2021,0.3011496194842282,0.2479893294002383,36500,14776881.0,58681.0
2230,394937,172,"Olympia, WA",msa,WA,2022,0.3886743764721775,0.2559831842756351,36500,15842076.0,61296.0
2231,394937,172,"Olympia, WA",msa,WA,2023,0.4121595892347994,0.2500193065335758,36500,16194463.0,65892.0
2232,394938,59,"Omaha, NE",msa,NE,2015,0.1933175037930806,0.166037578165601,36540,61166166.0,52928.0
2233,394938,59,"Omaha, NE",msa,NE,2016,0.1916466856534231,0.1645260615141183,36540,61480329.0,52221.0
2234,394938,59,"Omaha, NE",msa,NE,2017,0.1994164523328737,0.1658518110884639,36540,64329518.0,53961.0
2235,394938,59,"Omaha, NE",msa,NE,2018,0.2126974292924061,0.1638277574524567,36540,65706869.0,56139.0
2236,394938,59,"Omaha, NE",msa,NE,2019,0.2107164689653714,0.1662960741090301,36540,66421460.0,57438.0
2237,394938,59,"Omaha, NE",msa,NE,2020,0.2055820556586602,0.1680842720711761,36540,65207768.0,59928.0
2238,394938,59,"Omaha, NE",msa,NE,2021,0.2152338430371888,0.1713775263586275,36540,68873292.0,65576.0
2239,394938,59,"Omaha, NE",msa,NE,2022,0.2670350127941542,0.1769439565744903,36540,73705661.0,71406.0
2240,394938,59,"Omaha, NE",msa,NE,2023,0.3019459581742924,0.1825703866098046,36540,75322726.0,75033.0
2241,394943,22,"Orlando, FL",msa,FL,2015,0.2466106022344222,0.2705550123461281,36740,124430532.0,38832.0
2242,394943,22,"Orlando, FL",msa,FL,2016,0.2492366165427964,0.2719016964943836,36740,129180669.0,39477.0
2243,394943,22,"Orlando, FL",msa,FL,2017,0.2628942520450234,0.2733093862916936,36740,136223280.0,41453.0
2244,394943,22,"Orlando, FL",msa,FL,2018,0.2789021611244164,0.2748975862337838,36740,141200311.0,43110.0
2245,394943,22,"Orlando, FL",msa,FL,2019,0.2665510598088675,0.2719123572636596,36740,146784072.0,45108.0
2246,394943,22,"Orlando, FL",msa,FL,2020,0.2560270097117603,0.2702829809189597,36740,140252874.0,47953.0
2247,394943,22,"Orlando, FL",msa,FL,2021,0.269953155768943,0.2895835977747383,36740,156896666.0,52947.0
2248,394943,22,"Orlando, FL",msa,FL,2022,0.370095893534668,0.3168515903393284,36740,167758519.0,54615.0
2249,394943,22,"Orlando, FL",msa,FL,2023,0.403428182250777,0.3013651207955811,36740,175313253.0,57774.0
2250,394944,257,"Oshkosh, WI",msa,WI,2015,0.2143872760620534,0.2236826301689043,36780,9843052.0,42815.0
2251,394944,257,"Oshkosh, WI",msa,WI,2016,0.2146405528573009,0.1991291426214597,36780,10299460.0,44065.0
2252,394944,257,"Oshkosh, WI",msa,WI,2017,0.2124325096679344,0.1339899526489341,36780,10256853.0,45323.0
2253,394944,257,"Oshkosh, WI",msa,WI,2018,0.2264285056127876,0.1347783866638376,36780,10515988.0,47348.0
2254,394944,257,"Oshkosh, WI",msa,WI,2019,0.2146201510581168,0.1365212717737056,36780,10844062.0,48670.0
2255,394944,257,"Oshkosh, WI",msa,WI,2020,0.2006397291330306,0.143571938043741,36780,10670002.0,52285.0
2256,394944,257,"Oshkosh, WI",msa,WI,2021,0.2057447902926331,0.1488987423928681,36780,10943775.0,56110.0
2257,394944,257,"Oshkosh, WI",msa,WI,2022,0.2683560164746788,0.1539198202852787,36780,10974908.0,57505.0
2258,394944,257,"Oshkosh, WI",msa,WI,2023,0.305603298902351,0.1604687911684995,36780,11004211.0,60180.0
2259,394949,346,"Owensboro, KY",msa,KY,2015,0.1523429055186795,0.1887728928936189,36980,5783158.0,39079.0
2260,394949,346,"Owensboro, KY",msa,KY,2016,0.1510336614897941,0.1871127639451933,36980,5824745.0,38432.0
2261,394949,346,"Owensboro, KY",msa,KY,2017,0.1555832946629857,0.2192587260847767,36980,5844583.0,39454.0
2262,394949,346,"Owensboro, KY",msa,KY,2018,0.1662278106015667,0.2179308461902951,36980,5743200.0,40031.0
2263,394949,346,"Owensboro, KY",msa,KY,2019,0.1553497708126571,0.2155181855613751,36980,5742787.0,41835.0
2264,394949,346,"Owensboro, KY",msa,KY,2020,0.1410625919063452,0.2181579080148339,36980,5588728.0,45552.0
2265,394949,346,"Owensboro, KY",msa,KY,2021,0.2944327944041902,0.2401612944922989,36980,5598407.0,49723.0
2266,394949,346,"Owensboro, KY",msa,KY,2022,0.3838117840444799,0.2568909903230619,36980,5672085.0,51139.0
2267,394949,346,"Owensboro, KY",msa,KY,2023,0.4404688531039509,0.2697389210824274,36980,5760227.0,53113.0
2268,394952,71,"Oxnard, CA",msa,CA,2015,0.3797298471803413,0.2763220198705596,37100,50376211.0,54244.0
2269,394952,71,"Oxnard, CA",msa,CA,2016,0.3841304002680484,0.2818114988732048,37100,50166157.0,55760.0
2270,394952,71,"Oxnard, CA",msa,CA,2017,0.4125443854426163,0.2918533275669551,37100,50165884.0,57462.0
2271,394952,71,"Oxnard, CA",msa,CA,2018,0.438009960586377,0.294024994351886,37100,50754467.0,59789.0
2272,394952,71,"Oxnard, CA",msa,CA,2019,0.4111425032011429,0.2953968114195522,37100,51708632.0,62933.0
2273,394952,71,"Oxnard, CA",msa,CA,2020,0.3818532620526951,0.2933510543197812,37100,51241052.0,67666.0
2274,394952,71,"Oxnard, CA",msa,CA,2021,0.406306094559931,0.3120516827770691,37100,53217781.0,74252.0
2275,394952,71,"Oxnard, CA",msa,CA,2022,0.5344669449539138,0.3234728915109299,37100,53252680.0,73994.0
2276,394952,71,"Oxnard, CA",msa,CA,2023,0.5786204607746716,0.3165896755781304,37100,53629861.0,78091.0
2277,394957,97,"Palm Bay, FL",msa,FL,2015,0.2137289234595786,0.2396454908773882,37340,22463493.0,40780.0
2278,394957,97,"Palm Bay, FL",msa,FL,2016,0.2254710756940169,0.2494731435276065,37340,23027348.0,41503.0
2279,394957,97,"Palm Bay, FL",msa,FL,2017,0.2416260465297621,0.2576679353899031,37340,24133063.0,43472.0
2280,394957,97,"Palm Bay, FL",msa,FL,2018,0.2632806598605583,0.265608289149445,37340,25244764.0,45703.0
2281,394957,97,"Palm Bay, FL",msa,FL,2019,0.2404565948140844,0.2582856819065686,37340,26538360.0,48161.0
2282,394957,97,"Palm Bay, FL",msa,FL,2020,0.2297515076380344,0.2594640564028204,37340,26675569.0,51188.0
2283,394957,97,"Palm Bay, FL",msa,FL,2021,0.2362422953106352,0.2708372334013431,37340,29561072.0,55485.0
2284,394957,97,"Palm Bay, FL",msa,FL,2022,0.3257548808301762,0.2945925264841212,37340,30909381.0,56550.0
2285,394957,97,"Palm Bay, FL",msa,FL,2023,0.3614443177196105,0.2883906401037971,37340,32780628.0,60162.0
2286,394960,242,"Panama City, FL",msa,FL,2015,0.2499598744300442,0.2426940773598772,37460,8265977.0,39702.0
2287,394960,242,"Panama City, FL",msa,FL,2016,0.2461439469367316,0.2392629152667407,37460,8435945.0,40351.0
2288,394960,242,"Panama City, FL",msa,FL,2017,0.2573530823058883,0.2416485437262468,37460,8391383.0,40698.0
2289,394960,242,"Panama City, FL",msa,FL,2018,0.2758215390397209,0.2537251784054093,37460,8572539.0,41972.0
2290,394960,242,"Panama City, FL",msa,FL,2019,0.2590171738526045,0.2991225983279287,37460,8628467.0,45880.0
2291,394960,242,"Panama City, FL",msa,FL,2020,0.2521163931506262,0.2786910727255098,37460,8689259.0,50009.0
2292,394960,242,"Panama City, FL",msa,FL,2021,0.2678208827499367,0.2971166502837052,37460,9464144.0,54283.0
2293,394960,242,"Panama City, FL",msa,FL,2022,0.366984354123495,0.3085311953937569,37460,9775800.0,53728.0
2294,394960,242,"Panama City, FL",msa,FL,2023,0.41437851936963,0.2959502196227638,37460,10140163.0,56070.0
2295,394964,419,"Parkersburg, WV",msa,WV,2015,0.1544319814712463,0.228691310362662,37620,3697830.0,38046.0
2296,394964,419,"Parkersburg, WV",msa,WV,2016,0.1513961910080885,0.2402630265260462,37620,3606481.0,37653.0
2297,394964,419,"Parkersburg, WV",msa,WV,2017,0.1550656579722081,0.2241794652971961,37620,3610428.0,39002.0
2298,394964,419,"Parkersburg, WV",msa,WV,2018,0.1658276934117726,0.2116800905130809,37620,3680020.0,43672.0
2299,394964,419,"Parkersburg, WV",msa,WV,2019,0.1592250848664012,0.2120966337860745,37620,3548664.0,45869.0
2300,394964,419,"Parkersburg, WV",msa,WV,2020,0.1765752316596902,0.2127608977569342,37620,3527553.0,47501.0
2301,394964,419,"Parkersburg, WV",msa,WV,2021,0.1977082965803171,0.2304781839056092,37620,3709751.0,54324.0
2302,394964,419,"Parkersburg, WV",msa,WV,2022,0.1865341333644393,0.1826295577198398,37620,3668328.0,55305.0
2303,394964,419,"Parkersburg, WV",msa,WV,2023,0.2181984538053755,0.206836222059613,37620,3796840.0,58164.0
2304,394971,111,"Pensacola, FL",msa,FL,2015,0.1992024632537639,0.2216156989978757,37860,18871600.0,39135.0
2305,394971,111,"Pensacola, FL",msa,FL,2016,0.198488514118269,0.2258951547076404,37860,19599784.0,40654.0
2306,394971,111,"Pensacola, FL",msa,FL,2017,0.2043744884042494,0.2253272303127485,37860,20210863.0,42431.0
2307,394971,111,"Pensacola, FL",msa,FL,2018,0.2207051256461589,0.2300795375513132,37860,20439612.0,43386.0
2308,394971,111,"Pensacola, FL",msa,FL,2019,0.2128696320297609,0.2347117778863407,37860,20943528.0,45308.0
2309,394971,111,"Pensacola, FL",msa,FL,2020,0.2091820912910935,0.2434501528931337,37860,20908557.0,48574.0
2310,394971,111,"Pensacola, FL",msa,FL,2021,0.2229335443911234,0.2711347278948397,37860,22517204.0,53135.0
2311,394971,111,"Pensacola, FL",msa,FL,2022,0.2916465306412497,0.278230299911382,37860,23264131.0,54268.0
2312,394971,111,"Pensacola, FL",msa,FL,2023,0.3094768771009021,0.2562621967804206,37860,23985635.0,56938.0
2313,394972,136,"Peoria, IL",msa,IL,2015,0.1571613970146065,0.1522737086703146,37900,24500602.0,44467.0
2314,394972,136,"Peoria, IL",msa,IL,2016,0.1574747251629032,0.1477474441617918,37900,23025877.0,44564.0
2315,394972,136,"Peoria, IL",msa,IL,2017,0.1582256287918935,0.1448319967118684,37900,21777992.0,45022.0
2316,394972,136,"Peoria, IL",msa,IL,2018,0.1595755460601615,0.1415855782547001,37900,22340533.0,47300.0
2317,394972,136,"Peoria, IL",msa,IL,2019,0.1507240624659026,0.1429762386915704,37900,21471611.0,48092.0
2318,394972,136,"Peoria, IL",msa,IL,2020,0.1422634174325343,0.1459437067496274,37900,20065494.0,52021.0
2319,394972,136,"Peoria, IL",msa,IL,2021,0.1421972002150971,0.1490702430211323,37900,21058875.0,55739.0
2320,394972,136,"Peoria, IL",msa,IL,2022,0.1741938768571229,0.1571279530634591,37900,22172768.0,57754.0
2321,394972,136,"Peoria, IL",msa,IL,2023,0.1936315046838238,0.1665474728614276,37900,21986667.0,60980.0
2322,394974,7,"Philadelphia, PA",msa,PA,2015,0.2222041326602596,0.2315860773439687,37980,420928832.0,56624.0
2323,394974,7,"Philadelphia, PA",msa,PA,2016,0.2231584634918331,0.2300385959392382,37980,426712256.0,58585.0
2324,394974,7,"Philadelphia, PA",msa,PA,2017,0.2270096161192916,0.2305929252332421,37980,425373943.0,59465.0
2325,394974,7,"Philadelphia, PA",msa,PA,2018,0.2480162842378136,0.2287323977640353,37980,432303107.0,62283.0
2326,394974,7,"Philadelphia, PA",msa,PA,2019,0.2439072576428196,0.2291253399497565,37980,436957301.0,63801.0
2327,394974,7,"Philadelphia, PA",msa,PA,2020,0.2189444714507506,0.2277590354956652,37980,420410203.0,67725.0
2328,394974,7,"Philadelphia, PA",msa,PA,2021,0.227410266247467,0.2313923678418692,37980,438847028.0,71896.0
2329,394974,7,"Philadelphia, PA",msa,PA,2022,0.2862315321352742,0.2419273041129521,37980,450170494.0,74485.0
2330,394974,7,"Philadelphia, PA",msa,PA,2023,0.3261478510869293,0.2418158613519414,37980,459530623.0,78761.0
2331,394976,11,"Phoenix, AZ",msa,AZ,2015,0.2305393020159301,0.2052687407322797,38060,227107612.0,41907.0
2332,394976,11,"Phoenix, AZ",msa,AZ,2016,0.2322069201261288,0.2063985016841652,38060,235238815.0,43272.0
2333,394976,11,"Phoenix, AZ",msa,AZ,2017,0.2423636850198907,0.2084923287979716,38060,246068032.0,45319.0
2334,394976,11,"Phoenix, AZ",msa,AZ,2018,0.2591642108970212,0.2118168009961045,38060,257410455.0,47618.0
2335,394976,11,"Phoenix, AZ",msa,AZ,2019,0.2469009890908932,0.2182492323633843,38060,269398509.0,50373.0
2336,394976,11,"Phoenix, AZ",msa,AZ,2020,0.2365559115943127,0.2229470969355468,38060,274564883.0,54681.0
2337,394976,11,"Phoenix, AZ",msa,AZ,2021,0.2633609794298384,0.2455193438717605,38060,299094391.0,60086.0
2338,394976,11,"Phoenix, AZ",msa,AZ,2022,0.3710883045503125,0.2591216733713001,38060,313596695.0,62555.0
2339,394976,11,"Phoenix, AZ",msa,AZ,2023,0.3831027723475352,0.2474183623576153,38060,322794256.0,66365.0
2340,394980,421,"Pine Bluff, AR",msa,AR,2015,0.13121198769678,0.2333884308531229,38220,3685517.0,31022.0
2341,394980,421,"Pine Bluff, AR",msa,AR,2016,0.13124160492788,0.2422462200851333,38220,3618614.0,31394.0
2342,394980,421,"Pine Bluff, AR",msa,AR,2017,0.1398087159790395,0.2188359615276883,38220,3510237.0,32666.0
2343,394980,421,"Pine Bluff, AR",msa,AR,2018,0.1420739010136336,0.2031702439879587,38220,3436911.0,33469.0
2344,394980,421,"Pine Bluff, AR",msa,AR,2019,0.1388123883966866,0.2030087129565646,38220,3388277.0,34577.0
2345,394980,421,"Pine Bluff, AR",msa,AR,2020,0.132984066868482,0.2027068156781661,38220,3192565.0,37364.0
2346,394980,421,"Pine Bluff, AR",msa,AR,2021,0.1412177786426154,0.2204772709931808,38220,3438202.0,40784.0
2347,394980,421,"Pine Bluff, AR",msa,AR,2022,0.1712484789370295,0.1926327405115639,38220,3330912.0,41764.0
2348,394980,421,"Pine Bluff, AR",msa,AR,2023,0.1812971130934394,0.2465741722832124,38220,3249038.0,42135.0
2349,394982,27,"Pittsburgh, PA",msa,PA,2015,0.1784875962625255,0.2220017238592496,38300,143986867.0,49930.0
2350,394982,27,"Pittsburgh, PA",msa,PA,2016,0.1422031068241622,0.2179585790029901,38300,144284346.0,50654.0
2351,394982,27,"Pittsburgh, PA",msa,PA,2017,0.1759188149098595,0.2152041957910891,38300,150697726.0,53020.0
2352,394982,27,"Pittsburgh, PA",msa,PA,2018,0.1816832965734954,0.214156927465673,38300,154324237.0,56107.0
2353,394982,27,"Pittsburgh, PA",msa,PA,2019,0.148534903318882,0.217117774789243,38300,155939209.0,57525.0
2354,394982,27,"Pittsburgh, PA",msa,PA,2020,0.140913947118,0.2156440223609176,38300,147661649.0,61335.0
2355,394982,27,"Pittsburgh, PA",msa,PA,2021,0.1487881705067291,0.218458546281844,38300,153167165.0,64898.0
2356,394982,27,"Pittsburgh, PA",msa,PA,2022,0.1851277208548373,0.2222306671946657,38300,155046696.0,66750.0
2357,394982,27,"Pittsburgh, PA",msa,PA,2023,0.2033483279061108,0.2214759461824794,38300,159581389.0,70559.0
2358,394983,326,"Pittsfield, MA",msa,MA,2015,0.2729895115816279,0.1936868000996079,38340,7351578.0,49419.0
2359,394983,326,"Pittsfield, MA",msa,MA,2016,0.2589760964785503,0.2105333172969539,38340,7295110.0,50723.0
2360,394983,326,"Pittsfield, MA",msa,MA,2017,0.260787702073414,0.1888888502456359,38340,7025430.0,52140.0
2361,394983,326,"Pittsfield, MA",msa,MA,2018,0.2763053844130874,0.2079081155368507,38340,7117760.0,54239.0
2362,394983,326,"Pittsfield, MA",msa,MA,2019,0.258109597708359,0.2255557826590195,38340,6979170.0,56190.0
2363,394983,326,"Pittsfield, MA",msa,MA,2020,0.2534992948745997,0.2378457629672407,38340,6812712.0,61222.0
2364,394983,326,"Pittsfield, MA",msa,MA,2021,0.256632704609728,0.2171153406696526,38340,6953712.0,64927.0
2365,394983,326,"Pittsfield, MA",msa,MA,2022,0.3260728901912651,0.2174978571931227,38340,7113990.0,66336.0
2366,394983,326,"Pittsfield, MA",msa,MA,2023,0.3638859536323451,0.2210527757621706,38340,7240663.0,70945.0
2367,394988,412,"Pocatello, ID",msa,ID,2015,0.2026871532750405,0.2239941898722012,38540,3098411.0,34227.0
2368,394988,412,"Pocatello, ID",msa,ID,2016,0.1989376296871915,0.2382798329669592,38540,3108941.0,34838.0
2369,394988,412,"Pocatello, ID",msa,ID,2017,0.2028477350480304,0.2295229690667038,38540,3168627.0,36475.0
2370,394988,412,"Pocatello, ID",msa,ID,2018,0.2227202353561072,0.2201899370382032,38540,3222781.0,37393.0
2371,394988,412,"Pocatello, ID",msa,ID,2019,0.2279387622696667,0.2211845546155846,38540,3285690.0,39079.0
2372,394988,412,"Pocatello, ID",msa,ID,2020,0.2201663964508986,0.2228149798357022,38540,3348111.0,42739.0
2373,394988,412,"Pocatello, ID",msa,ID,2021,0.2541988145180189,0.2404790968180377,38540,3414399.0,46403.0
2374,394988,412,"Pocatello, ID",msa,ID,2022,0.3394489652825416,0.1726263749281158,38540,3627904.0,48141.0
2375,394988,412,"Pocatello, ID",msa,ID,2023,0.3509162824419735,0.1670982718360135,38540,3656447.0,49769.0
2376,394995,115,"Port St. Lucie, FL",msa,FL,2015,0.2472942632778043,0.2876674189193474,38940,16250895.0,48577.0
2377,394995,115,"Port St. Lucie, FL",msa,FL,2016,0.263801007425804,0.2978063026263245,38940,16667485.0,50793.0
2378,394995,115,"Port St. Lucie, FL",msa,FL,2017,0.2844982363349719,0.3019697155341571,38940,16744001.0,53435.0
2379,394995,115,"Port St. Lucie, FL",msa,FL,2018,0.2940616828355014,0.2931389297067613,38940,17315295.0,55333.0
2380,394995,115,"Port St. Lucie, FL",msa,FL,2019,0.2753574293293941,0.2900251783793235,38940,17624313.0,58172.0
2381,394995,115,"Port St. Lucie, FL",msa,FL,2020,0.2601898614657668,0.2928211964682425,38940,18527276.0,62024.0
2382,394995,115,"Port St. Lucie, FL",msa,FL,2021,0.2866896064794565,0.336724861221539,38940,19502549.0,66466.0
2383,394995,115,"Port St. Lucie, FL",msa,FL,2022,0.4182447918586814,0.3829164922248773,38940,20639794.0,67952.0
2384,394995,115,"Port St. Lucie, FL",msa,FL,2023,0.4827532493649948,0.3918286688587655,38940,21529674.0,73080.0
2385,394997,105,"Portland, ME",msa,ME,2015,0.2623249239153652,0.2356274893401935,38860,29337338.0,49669.0
2386,394997,105,"Portland, ME",msa,ME,2016,0.2589100736815286,0.2384074641698483,38860,30367100.0,51655.0
2387,394997,105,"Portland, ME",msa,ME,2017,0.272698279370535,0.2386827050095421,38860,31325495.0,53936.0
2388,394997,105,"Portland, ME",msa,ME,2018,0.2904038480108634,0.2382302985989038,38860,32448041.0,56268.0
2389,394997,105,"Portland, ME",msa,ME,2019,0.2837896812171965,0.2464335725531012,38860,33267055.0,58949.0
2390,394997,105,"Portland, ME",msa,ME,2020,0.2734106820688812,0.2552544244915368,38860,33926911.0,63489.0
2391,394997,105,"Portland, ME",msa,ME,2021,0.2892488513499153,0.2664242236117997,38860,36524632.0,69744.0
2392,394997,105,"Portland, ME",msa,ME,2022,0.3714182282993573,0.2726902360024048,38860,37779553.0,73385.0
2393,394997,105,"Portland, ME",msa,ME,2023,0.4110382140306306,0.2659343563361405,38860,39239882.0,78085.0
2394,394998,25,"Portland, OR",msa,OR,2015,0.2990939807372855,0.2233803422453581,38900,140907094.0,48909.0
2395,394998,25,"Portland, OR",msa,OR,2016,0.3087905566649105,0.2264337705053055,38900,147488860.0,50361.0
2396,394998,25,"Portland, OR",msa,OR,2017,0.3285283592958953,0.224383035842738,38900,155831974.0,52957.0
2397,394998,25,"Portland, OR",msa,OR,2018,0.3430168941500289,0.2205354475180249,38900,162729750.0,56282.0
2398,394998,25,"Portland, OR",msa,OR,2019,0.3260053238140453,0.2225938943154278,38900,166744472.0,58550.0
2399,394998,25,"Portland, OR",msa,OR,2020,0.3058131086467997,0.2194038073931609,38900,164904813.0,62557.0
2400,394998,25,"Portland, OR",msa,OR,2021,0.3260372070043577,0.2249154462616196,38900,174797466.0,69099.0
2401,394998,25,"Portland, OR",msa,OR,2022,0.4176066773622771,0.2316853873623858,38900,178838280.0,71037.0
2402,394998,25,"Portland, OR",msa,OR,2023,0.439021883164831,0.2227926073211886,38900,182035397.0,74992.0
2403,395005,39,"Providence, RI",msa,RI,2015,0.2966010288486927,0.2186812827521506,39300,84030603.0,47705.0
2404,395005,39,"Providence, RI",msa,RI,2016,0.2848613313643222,0.2183470635159037,39300,84201746.0,48387.0
2405,395005,39,"Providence, RI",msa,RI,2017,0.2988306687522444,0.221730966605148,39300,84627951.0,50305.0
2406,395005,39,"Providence, RI",msa,RI,2018,0.3127043154782906,0.2241442221455819,39300,84716700.0,52059.0
2407,395005,39,"Providence, RI",msa,RI,2019,0.2980041401278335,0.2273047809983695,39300,86787800.0,55030.0
2408,395005,39,"Providence, RI",msa,RI,2020,0.2849399114621432,0.232208508854597,39300,84198166.0,59808.0
2409,395005,39,"Providence, RI",msa,RI,2021,0.3022247316876321,0.2451289969715091,39300,88473648.0,63377.0
2410,395005,39,"Providence, RI",msa,RI,2022,0.3829397934470654,0.2601917248961659,39300,89311992.0,64441.0
2411,395005,39,"Providence, RI",msa,RI,2023,0.429670495442282,0.2672766833845723,39300,90427093.0,67405.0
2412,395006,92,"Provo, UT",msa,UT,2015,0.225225934310217,0.1959690253405155,39340,22290558.0,34710.0
2413,395006,92,"Provo, UT",msa,UT,2016,0.230008955340655,0.1969717907629732,39340,23848776.0,36431.0
2414,395006,92,"Provo, UT",msa,UT,2017,0.2412236761530305,0.1982101139797603,39340,25475443.0,37870.0
2415,395006,92,"Provo, UT",msa,UT,2018,0.2632215003500801,0.1989833297225377,39340,27586380.0,39740.0
2416,395006,92,"Provo, UT",msa,UT,2019,0.2573613117265531,0.197736173823357,39340,30107324.0,43544.0
2417,395006,92,"Provo, UT",msa,UT,2020,0.2451674468398148,0.1956148093146367,39340,31491643.0,47049.0
2418,395006,92,"Provo, UT",msa,UT,2021,0.272775834059142,0.2065800459373589,39340,34120398.0,52031.0
2419,395006,92,"Provo, UT",msa,UT,2022,0.3715512377809181,0.2148851868295384,39340,35802645.0,54282.0
2420,395006,92,"Provo, UT",msa,UT,2023,0.3880459606149685,0.2070162202642258,39340,37369010.0,57531.0
2421,395007,264,"Pueblo, CO",msa,CO,2015,0.1965288211448859,0.2105255246862252,39380,5865898.0,34570.0
2422,395007,264,"Pueblo, CO",msa,CO,2016,0.2047963755585984,0.2224126090473116,39380,6024608.0,35313.0
2423,395007,264,"Pueblo, CO",msa,CO,2017,0.2174921115494887,0.2236821335285506,39380,5971695.0,36167.0
2424,395007,264,"Pueblo, CO",msa,CO,2018,0.2386132596455471,0.2247310974219568,39380,6176243.0,38012.0
2425,395007,264,"Pueblo, CO",msa,CO,2019,0.2035694638005973,0.2273905961597519,39380,6426426.0,39476.0
2426,395007,264,"Pueblo, CO",msa,CO,2020,0.2335863157060499,0.2338161212645648,39380,6193982.0,43219.0
2427,395007,264,"Pueblo, CO",msa,CO,2021,0.2583590499735673,0.2487992066904561,39380,6602826.0,46844.0
2428,395007,264,"Pueblo, CO",msa,CO,2022,0.3372161080541965,0.2509397965127687,39380,6456071.0,47031.0
2429,395007,264,"Pueblo, CO",msa,CO,2023,0.3491941202636576,0.240377187066064,39380,6881755.0,48891.0
2430,395009,237,"Punta Gorda, FL",msa,FL,2015,0.2573437533823883,0.3470316021501749,39460,4851323.0,38785.0
2431,395009,237,"Punta Gorda, FL",msa,FL,2016,0.2605532746285739,0.3486315442074478,39460,5047243.0,40061.0
2432,395009,237,"Punta Gorda, FL",msa,FL,2017,0.2713888677490015,0.3498091760605731,39460,5181236.0,41202.0
2433,395009,237,"Punta Gorda, FL",msa,FL,2018,0.2785042671056992,0.3441894180013445,39460,5363641.0,42807.0
2434,395009,237,"Punta Gorda, FL",msa,FL,2019,0.2694049133682955,0.3454880187217943,39460,5722516.0,45775.0
2435,395009,237,"Punta Gorda, FL",msa,FL,2020,0.2563756065510298,0.3530124828904388,39460,6029633.0,48529.0
2436,395009,237,"Punta Gorda, FL",msa,FL,2021,0.2767604578749672,0.3828433154098496,39460,6289225.0,51866.0
2437,395009,237,"Punta Gorda, FL",msa,FL,2022,0.3845075121319987,0.4202887479919368,39460,6531925.0,51827.0
2438,395009,237,"Punta Gorda, FL",msa,FL,2023,0.4138522575802629,0.4210005180338374,39460,6931496.0,55332.0
2439,395011,231,"Racine, WI",msa,WI,2015,0.1825648529955472,0.2347070805656651,39540,8745989.0,44319.0
2440,395011,231,"Racine, WI",msa,WI,2016,0.1809388171388835,0.2137585349819497,39540,8538199.0,44329.0
2441,395011,231,"Racine, WI",msa,WI,2017,0.1910865248455054,0.2146786425490922,39540,8168961.0,46578.0
2442,395011,231,"Racine, WI",msa,WI,2018,0.2059352170698025,0.2127190565654066,39540,8307502.0,48538.0
2443,395011,231,"Racine, WI",msa,WI,2019,0.2108240569542391,0.1806628741261494,39540,8267222.0,49877.0
2444,395011,231,"Racine, WI",msa,WI,2020,0.2226979867808421,0.1797992813541475,39540,8320541.0,52771.0
2445,395011,231,"Racine, WI",msa,WI,2021,0.2066498330863959,0.1884070650734647,39540,8503209.0,56574.0
2446,395011,231,"Racine, WI",msa,WI,2022,0.2584685420090158,0.1930369217749282,39540,8588778.0,59697.0
2447,395011,231,"Racine, WI",msa,WI,2023,0.2937360135269285,0.199285323632805,39540,8691488.0,62570.0
2448,395012,43,"Raleigh, NC",msa,NC,2015,0.215352725373108,0.1985761752579049,39580,76250943.0,49714.0
2449,395012,43,"Raleigh, NC",msa,NC,2016,0.2135754511556158,0.1955769180597605,39580,81207420.0,50830.0
2450,395012,43,"Raleigh, NC",msa,NC,2017,0.2218318045217699,0.1941073825905225,39580,84942031.0,52256.0
2451,395012,43,"Raleigh, NC",msa,NC,2018,0.2372742322399915,0.1939180004586953,39580,89495451.0,55684.0
2452,395012,43,"Raleigh, NC",msa,NC,2019,0.2253146426118812,0.1937041871309621,39580,92273786.0,57764.0
2453,395012,43,"Raleigh, NC",msa,NC,2020,0.2113742964992287,0.1921120521668313,39580,92413433.0,61490.0
2454,395012,43,"Raleigh, NC",msa,NC,2021,0.2260471668139246,0.2020896819141681,39580,100991943.0,68848.0
2455,395012,43,"Raleigh, NC",msa,NC,2022,0.3189505051918489,0.2160431275880505,39580,105779607.0,71364.0
2456,395012,43,"Raleigh, NC",msa,NC,2023,0.3462502359914891,0.2114886570732017,39580,110595313.0,75129.0
2457,395013,313,"Rapid City, SD",msa,SD,2015,0.2502053316240781,0.2185098436924779,39660,6166308.0,46737.0
2458,395013,313,"Rapid City, SD",msa,SD,2016,0.2445273510786693,0.2632797294631757,39660,6190753.0,47759.0
2459,395013,313,"Rapid City, SD",msa,SD,2017,0.2494106390041532,0.2494734206698583,39660,6285618.0,48903.0
2460,395013,313,"Rapid City, SD",msa,SD,2018,0.2619444447963985,0.1974541080699003,39660,6389384.0,50637.0
2461,395013,313,"Rapid City, SD",msa,SD,2019,0.2505023037915861,0.1918737101883717,39660,6513442.0,52952.0
2462,395013,313,"Rapid City, SD",msa,SD,2020,0.2424211849277162,0.1926224835163951,39660,6662327.0,57799.0
2463,395013,313,"Rapid City, SD",msa,SD,2021,0.2465858693684933,0.2021691172078837,39660,6931745.0,64366.0
2464,395013,313,"Rapid City, SD",msa,SD,2022,0.3293617034741543,0.218779350909062,39660,7171288.0,66779.0
2465,395013,313,"Rapid City, SD",msa,SD,2023,0.3591897471663591,0.2075152563406901,39660,7430192.0,70144.0
2466,395015,128,"Reading, PA",msa,PA,2015,0.1652402815980158,0.158069120699848,39740,19769018.0,44251.0
2467,395015,128,"Reading, PA",msa,PA,2016,0.162770764886673,0.1586779865444032,39740,20112551.0,45047.0
2468,395015,128,"Reading, PA",msa,PA,2017,0.2148846934530719,0.1585559124733769,39740,20118171.0,46267.0
2469,395015,128,"Reading, PA",msa,PA,2018,0.2211635372862776,0.1589319100638124,39740,20374240.0,48187.0
2470,395015,128,"Reading, PA",msa,PA,2019,0.2096568814578285,0.1580641773539791,39740,20294331.0,49923.0
2471,395015,128,"Reading, PA",msa,PA,2020,0.2021240601285337,0.1623624242927229,39740,19544448.0,54337.0
2472,395015,128,"Reading, PA",msa,PA,2021,0.2133508054447759,0.1792249520091415,39740,20136091.0,57913.0
2473,395015,128,"Reading, PA",msa,PA,2022,0.2671213837859958,0.1913053986016691,39740,20438050.0,58686.0
2474,395015,128,"Reading, PA",msa,PA,2023,0.3022825158381957,0.2021229251862912,39740,20939523.0,61575.0
2475,395018,240,"Redding, CA",msa,CA,2015,0.2976488806571309,0.2145809048976578,39820,7314111.0,40234.0
2476,395018,240,"Redding, CA",msa,CA,2016,0.2903915626412655,0.2328898670859964,39820,7683255.0,41284.0
2477,395018,240,"Redding, CA",msa,CA,2017,0.3021152289276273,0.2296518336674707,39820,8147396.0,42692.0
2478,395018,240,"Redding, CA",msa,CA,2018,0.3055795054851196,0.2211957937362938,39820,7889537.0,43818.0
2479,395018,240,"Redding, CA",msa,CA,2019,0.2915149358752445,0.2268452657302636,39820,8365845.0,45647.0
2480,395018,240,"Redding, CA",msa,CA,2020,0.2783396707931053,0.2327575214249237,39820,8165870.0,51240.0
2481,395018,240,"Redding, CA",msa,CA,2021,0.3001687571831418,0.2444420507134984,39820,8287294.0,54385.0
2482,395018,240,"Redding, CA",msa,CA,2022,0.3691371616167886,0.2409424635974621,39820,8270098.0,54099.0
2483,395018,240,"Redding, CA",msa,CA,2023,0.3779540910533001,0.230675873220522,39820,8742908.0,57637.0
2484,395019,113,"Reno, NV",msa,NV,2015,0.2791397064602541,0.2119970497623657,39900,26324765.0,49013.0
2485,395019,113,"Reno, NV",msa,NV,2016,0.2905521916680036,0.2184986550147482,39900,27416931.0,50884.0
2486,395019,113,"Reno, NV",msa,NV,2017,0.308647322648817,0.2312050354109868,39900,29361104.0,54664.0
2487,395019,113,"Reno, NV",msa,NV,2018,0.3349451426670891,0.2378610574288588,39900,28776037.0,59256.0
2488,395019,113,"Reno, NV",msa,NV,2019,0.312825887350607,0.2366694979437124,39900,29887091.0,60970.0
2489,395019,113,"Reno, NV",msa,NV,2020,0.2835157178968531,0.2344293241657299,39900,30118929.0,65045.0
2490,395019,113,"Reno, NV",msa,NV,2021,0.320504637269997,0.2568241181259487,39900,33177757.0,74762.0
2491,395019,113,"Reno, NV",msa,NV,2022,0.4385391867875818,0.2584978907473665,39900,33630522.0,76486.0
2492,395019,113,"Reno, NV",msa,NV,2023,0.4607285195935297,0.2519042282334041,39900,34097705.0,81358.0
2493,395022,45,"Richmond, VA",msa,VA,2015,0.2035746147876257,0.190730359126881,40060,81756383.0,50617.0
2494,395022,45,"Richmond, VA",msa,VA,2016,0.2031413367876399,0.189499439658886,40060,82998076.0,51605.0
2495,395022,45,"Richmond, VA",msa,VA,2017,0.2100447138360388,0.1904957570952165,40060,84500969.0,53624.0
2496,395022,45,"Richmond, VA",msa,VA,2018,0.2277798948975181,0.1946135573344306,40060,86528275.0,54912.0
2497,395022,45,"Richmond, VA",msa,VA,2019,0.2168870284921239,0.1953388982610688,40060,88622342.0,57756.0
2498,395022,45,"Richmond, VA",msa,VA,2020,0.2072900624342629,0.1972057896809219,40060,87174021.0,61308.0
2499,395022,45,"Richmond, VA",msa,VA,2021,0.2177693833219366,0.2053059856150893,40060,91759102.0,66074.0
2500,395022,45,"Richmond, VA",msa,VA,2022,0.2834971533071597,0.2179464450274069,40060,93886627.0,67805.0
2501,395022,45,"Richmond, VA",msa,VA,2023,0.3224798370285158,0.2150924176187882,40060,94823373.0,71794.0
2502,395025,13,"Riverside, CA",msa,CA,2015,0.322779216169441,0.2901233349799594,40140,162441496.0,35936.0
2503,395025,13,"Riverside, CA",msa,CA,2016,0.3230686365867788,0.291955292163308,40140,166795058.0,37294.0
2504,395025,13,"Riverside, CA",msa,CA,2017,0.3325394273583557,0.2944439753870703,40140,171203284.0,38246.0
2505,395025,13,"Riverside, CA",msa,CA,2018,0.3584585103580659,0.2925304810333132,40140,177211054.0,39686.0
2506,395025,13,"Riverside, CA",msa,CA,2019,0.3374486005232917,0.2955656257186622,40140,185085963.0,42152.0
2507,395025,13,"Riverside, CA",msa,CA,2020,0.3153211741520581,0.297861580463806,40140,183495030.0,46540.0
2508,395025,13,"Riverside, CA",msa,CA,2021,0.3405678958425264,0.3273222628641807,40140,195149965.0,50700.0
2509,395025,13,"Riverside, CA",msa,CA,2022,0.4554712825345708,0.3411393774559774,40140,198951934.0,49908.0
2510,395025,13,"Riverside, CA",msa,CA,2023,0.4865402189944824,0.329733665077757,40140,201185094.0,52553.0
2511,395028,164,"Roanoke, VA",msa,VA,2015,0.2028085575225552,0.1931321245828497,40220,16449171.0,42656.0
2512,395028,164,"Roanoke, VA",msa,VA,2016,0.1993320406682762,0.194587014191332,40220,16201736.0,42987.0
2513,395028,164,"Roanoke, VA",msa,VA,2017,0.2046656908188805,0.1938440464458617,40220,15918924.0,43818.0
2514,395028,164,"Roanoke, VA",msa,VA,2018,0.2071114075202275,0.1875264817137248,40220,16183704.0,45279.0
2515,395028,164,"Roanoke, VA",msa,VA,2019,0.2012216931491509,0.1916393527312943,40220,16067963.0,46442.0
2516,395028,164,"Roanoke, VA",msa,VA,2020,0.1959762774243258,0.1980887162474492,40220,15751105.0,49774.0
2517,395028,164,"Roanoke, VA",msa,VA,2021,0.2126920948338624,0.2094611475257572,40220,16722907.0,53764.0
2518,395028,164,"Roanoke, VA",msa,VA,2022,0.2745598845253953,0.2306112753048859,40220,16950177.0,56109.0
2519,395028,164,"Roanoke, VA",msa,VA,2023,0.3165130980925719,0.2391025505427055,40220,17445530.0,59820.0
2520,395030,207,"Rochester, MN",msa,MN,2015,0.1794972053706143,0.2044963003997518,40340,12471081.0,48666.0
2521,395030,207,"Rochester, MN",msa,MN,2016,0.1820928126742603,0.2049064228326587,40340,12642691.0,49428.0
2522,395030,207,"Rochester, MN",msa,MN,2017,0.1968686208561747,0.2049934028749001,40340,13102093.0,51264.0
2523,395030,207,"Rochester, MN",msa,MN,2018,0.2066845132351726,0.2043244587393144,40340,13555688.0,53531.0
2524,395030,207,"Rochester, MN",msa,MN,2019,0.2026897375233814,0.2046410774478038,40340,13829432.0,54836.0
2525,395030,207,"Rochester, MN",msa,MN,2020,0.1939103531874417,0.201588692502511,40340,13601413.0,59086.0
2526,395030,207,"Rochester, MN",msa,MN,2021,0.202280687599331,0.2050568404463683,40340,14127027.0,63801.0
2527,395030,207,"Rochester, MN",msa,MN,2022,0.2633025408144987,0.2147349739106321,40340,14405533.0,65848.0
2528,395030,207,"Rochester, MN",msa,MN,2023,0.2922826851657765,0.2196947360679313,40340,14860270.0,68561.0
2529,395031,52,"Rochester, NY",msa,NY,2015,0.1935008573401456,0.2041856304487904,40380,60566829.0,45263.0
2530,395031,52,"Rochester, NY",msa,NY,2016,0.1614862069263813,0.2034946610630526,40380,60450786.0,45929.0
2531,395031,52,"Rochester, NY",msa,NY,2017,0.1901559735953615,0.2016834286557698,40380,61031225.0,48197.0
2532,395031,52,"Rochester, NY",msa,NY,2018,0.2059353781974189,0.2010797072896211,40380,61352704.0,49295.0
2533,395031,52,"Rochester, NY",msa,NY,2019,0.198222938417987,0.2035843705668546,40380,62999479.0,51308.0
2534,395031,52,"Rochester, NY",msa,NY,2020,0.1906442153997699,0.204866187575529,40380,60958574.0,55699.0
2535,395031,52,"Rochester, NY",msa,NY,2021,0.1981922366159221,0.2152797601034889,40380,63636769.0,58261.0
2536,395031,52,"Rochester, NY",msa,NY,2022,0.2466842292195828,0.2222511458424289,40380,63772182.0,58731.0
2537,395031,52,"Rochester, NY",msa,NY,2023,0.2590127239055104,0.223396377183573,40380,63823414.0,61762.0
2538,395033,153,"Rockford, IL",msa,IL,2015,0.1669842070475983,0.1751172864496359,40420,15625234.0,39531.0
2539,395033,153,"Rockford, IL",msa,IL,2016,0.1663987559797939,0.1726144910498845,40420,15603668.0,39739.0
2540,395033,153,"Rockford, IL",msa,IL,2017,0.1735078047818396,0.1729182320978101,40420,15826773.0,41474.0
2541,395033,153,"Rockford, IL",msa,IL,2018,0.180840577513306,0.168157616265234,40420,16253918.0,43244.0
2542,395033,153,"Rockford, IL",msa,IL,2019,0.1753531513411153,0.1718510310377595,40420,16150668.0,43912.0
2543,395033,153,"Rockford, IL",msa,IL,2020,0.1688921197088667,0.1790916430266055,40420,14523967.0,47337.0
2544,395033,153,"Rockford, IL",msa,IL,2021,0.1784756966038645,0.1956959549252025,40420,15076426.0,51191.0
2545,395033,153,"Rockford, IL",msa,IL,2022,0.2196806760835251,0.2002933192850853,40420,15752615.0,51869.0
2546,395033,153,"Rockford, IL",msa,IL,2023,0.2430619079251314,0.2038100944863,40420,15713990.0,54249.0
2547,395036,303,"Rocky Mount, NC",msa,NC,2015,0.1771334675456655,0.2057259678076455,40580,8411792.0,35926.0
2548,395036,303,"Rocky Mount, NC",msa,NC,2016,0.1841979935660588,0.2005447062004073,40580,8384099.0,36367.0
2549,395036,303,"Rocky Mount, NC",msa,NC,2017,0.1688749322367701,0.2020840178984499,40580,7016832.0,37573.0
2550,395036,303,"Rocky Mount, NC",msa,NC,2018,0.1729624804247717,0.2749382157742258,40580,6669395.0,39175.0
2551,395036,303,"Rocky Mount, NC",msa,NC,2019,0.16570561507341,0.2874768563346556,40580,6341836.0,41415.0
2552,395036,303,"Rocky Mount, NC",msa,NC,2020,0.1619576703540972,0.2984163415407009,40580,6446932.0,44549.0
2553,395036,303,"Rocky Mount, NC",msa,NC,2021,0.1763990522579957,0.2920051082438236,40580,6761637.0,48221.0
2554,395036,303,"Rocky Mount, NC",msa,NC,2022,0.2194193069045461,0.233275235609493,40580,6778710.0,48929.0
2555,395036,303,"Rocky Mount, NC",msa,NC,2023,0.2389280851654571,0.2181644704134281,40580,6907867.0,51308.0
2556,395038,401,"Rome, GA",msa,GA,2015,0.1681973837668807,0.200508587419897,40660,4137921.0,34754.0
2557,395038,401,"Rome, GA",msa,GA,2016,0.1702144021886488,0.2090910563128047,40660,4312400.0,35520.0
2558,395038,401,"Rome, GA",msa,GA,2017,0.1740090157500068,0.2068732669403543,40660,4173443.0,36171.0
2559,395038,401,"Rome, GA",msa,GA,2018,0.1880983425418156,0.201646207051698,40660,4148705.0,37446.0
2560,395038,401,"Rome, GA",msa,GA,2019,0.1968120889350943,0.2025578642438898,40660,4079777.0,38731.0
2561,395038,401,"Rome, GA",msa,GA,2020,0.1808484310533602,0.2080073588704664,40660,3931938.0,40857.0
2562,395038,401,"Rome, GA",msa,GA,2021,0.1947320366460852,0.2109537279411769,40660,4160677.0,44177.0
2563,395038,401,"Rome, GA",msa,GA,2022,0.2548276935617545,0.2069601917448941,40660,4267096.0,44332.0
2564,395038,401,"Rome, GA",msa,GA,2023,0.2792055061886732,0.2132609693423744,40660,4378964.0,46727.0
2565,395045,26,"Sacramento, CA",msa,CA,2015,0.3176154499149224,0.2457740395813471,40900,124917474.0,49270.0
2566,395045,26,"Sacramento, CA",msa,CA,2016,0.3236371417728335,0.2539681533626558,40900,127496875.0,50644.0
2567,395045,26,"Sacramento, CA",msa,CA,2017,0.3415407293374459,0.2630872722466583,40900,131157393.0,52121.0
2568,395045,26,"Sacramento, CA",msa,CA,2018,0.3627075611144324,0.2637148908518755,40900,136933816.0,54145.0
2569,395045,26,"Sacramento, CA",msa,CA,2019,0.339259868121505,0.2636546060501064,40900,141901315.0,56664.0
2570,395045,26,"Sacramento, CA",msa,CA,2020,0.3169332563653813,0.2646642487454185,40900,138904231.0,61803.0
2571,395045,26,"Sacramento, CA",msa,CA,2021,0.3416764386698844,0.2808488154319831,40900,147352494.0,66588.0
2572,395045,26,"Sacramento, CA",msa,CA,2022,0.4456297080131637,0.2846239034637473,40900,150430279.0,66642.0
2573,395045,26,"Sacramento, CA",msa,CA,2023,0.4577866791865827,0.2731541140132569,40900,153782657.0,70418.0
2574,395047,233,"Saginaw, MI",msa,MI,2015,0.1235589578578291,0.2291139656730109,40980,8040909.0,35382.0
2575,395047,233,"Saginaw, MI",msa,MI,2016,0.1237008988865561,0.2246472554858356,40980,8233953.0,36312.0
2576,395047,233,"Saginaw, MI",msa,MI,2017,0.1286785869536644,0.227288589376774,40980,8198898.0,37042.0
2577,395047,233,"Saginaw, MI",msa,MI,2018,0.1453024893231168,0.232529765327404,40980,8459769.0,39519.0
2578,395047,233,"Saginaw, MI",msa,MI,2019,0.2755585168489407,0.2396660789483784,40980,8480860.0,40848.0
2579,395047,233,"Saginaw, MI",msa,MI,2020,0.1487816939903102,0.2433385030368902,40980,8243904.0,45597.0
2580,395047,233,"Saginaw, MI",msa,MI,2021,0.1574735188799746,0.2023958151629583,40980,8747758.0,48903.0
2581,395047,233,"Saginaw, MI",msa,MI,2022,0.3720400905447634,0.1968547665274097,40980,8801629.0,48088.0
2582,395047,233,"Saginaw, MI",msa,MI,2023,0.2092530282148078,0.1948305868309134,40980,8934115.0,50278.0
2583,395048,126,"Salem, OR",msa,OR,2015,0.2586381833577905,0.1993796325044289,41420,15557201.0,37506.0
2584,395048,126,"Salem, OR",msa,OR,2016,0.2674437933515571,0.2144526326451437,41420,16350558.0,38714.0
2585,395048,126,"Salem, OR",msa,OR,2017,0.2997048144058414,0.2267541132876378,41420,17085587.0,40183.0
2586,395048,126,"Salem, OR",msa,OR,2018,0.322412292751228,0.2260947634335791,41420,18039924.0,42037.0
2587,395048,126,"Salem, OR",msa,OR,2019,0.3116679620370943,0.225966936371352,41420,18621905.0,44279.0
2588,395048,126,"Salem, OR",msa,OR,2020,0.29639169724585,0.2271674316247048,41420,18573011.0,48325.0
2589,395048,126,"Salem, OR",msa,OR,2021,0.3233304357841272,0.2439263603738725,41420,19769260.0,53543.0
2590,395048,126,"Salem, OR",msa,OR,2022,0.4192771914324807,0.2564435497400876,41420,20114418.0,54703.0
2591,395048,126,"Salem, OR",msa,OR,2023,0.4496948388268721,0.2561072323806079,41420,20633642.0,57774.0
2592,395050,125,"Salinas, CA",msa,CA,2015,0.4196352676444984,0.2932420049913675,41500,25086928.0,49760.0
2593,395050,125,"Salinas, CA",msa,CA,2016,0.4215543839074261,0.3012903496621752,41500,25860113.0,50849.0
2594,395050,125,"Salinas, CA",msa,CA,2017,0.4451528779541132,0.310663883525871,41500,25923476.0,51873.0
2595,395050,125,"Salinas, CA",msa,CA,2018,0.468221485136026,0.3110424186461122,41500,26770519.0,52360.0
2596,395050,125,"Salinas, CA",msa,CA,2019,0.4362870109716811,0.3066911455979054,41500,27639613.0,55690.0
2597,395050,125,"Salinas, CA",msa,CA,2020,0.4077035889527209,0.305352879255337,41500,27384056.0,60598.0
2598,395050,125,"Salinas, CA",msa,CA,2021,0.4303021740600239,0.3056615954230958,41500,27567952.0,64975.0
2599,395050,125,"Salinas, CA",msa,CA,2022,0.5991517614200602,0.3308410537113853,41500,27891144.0,65331.0
2600,395050,125,"Salinas, CA",msa,CA,2023,0.6760662507494941,0.3454645147663828,41500,28980213.0,68943.0
2601,395051,134,"Salisbury, MD",msa,DE,2015,0.2634544990124666,0.2603566904895775,41540,21588588.0,45051.0
2602,395051,134,"Salisbury, MD",msa,DE,2016,0.25567658746274,0.2566601389684511,41540,21234606.0,45102.0
2603,395051,134,"Salisbury, MD",msa,DE,2017,0.2667957506457498,0.2539735142410054,41540,21115455.0,46605.0
2604,395051,134,"Salisbury, MD",msa,DE,2018,0.2778718814717315,0.2512915660586743,41540,21627958.0,48179.0
2605,395051,134,"Salisbury, MD",msa,DE,2019,0.2596597539904231,0.2473940336950817,41540,22483761.0,49861.0
2606,395051,134,"Salisbury, MD",msa,DE,2020,0.2326648032519173,0.2442126263792865,41540,21555051.0,52131.0
2607,395051,134,"Salisbury, MD",msa,DE,2021,0.241486286877909,0.2529434693063998,41540,23323567.0,57318.0
2608,395051,134,"Salisbury, MD",msa,DE,2022,0.3250475683022953,0.2651545501835706,41540,24240763.0,60590.0
2609,395051,134,"Salisbury, MD",msa,DE,2023,0.371073053035049,0.269396940432772,41540,24438892.0,62081.0
2610,395053,48,"Salt Lake City, UT",msa,UT,2015,0.2334240590726513,0.1806454302181682,41620,83475327.0,44321.0
2611,395053,48,"Salt Lake City, UT",msa,UT,2016,0.2379635305545151,0.181917851166468,41620,87417585.0,45709.0
2612,395053,48,"Salt Lake City, UT",msa,UT,2017,0.2549795203280805,0.1853456692148502,41620,91954184.0,47480.0
2613,395053,48,"Salt Lake City, UT",msa,UT,2018,0.2755321587086259,0.186026959770343,41620,97160079.0,49987.0
2614,395053,48,"Salt Lake City, UT",msa,UT,2019,0.2695778726765302,0.1893114581931091,41620,102992794.0,52179.0
2615,395053,48,"Salt Lake City, UT",msa,UT,2020,0.2617388890163605,0.1895828228220974,41620,102511232.0,56370.0
2616,395053,48,"Salt Lake City, UT",msa,UT,2021,0.2929965465755491,0.2016324054588377,41620,111345980.0,63510.0
2617,395053,48,"Salt Lake City, UT",msa,UT,2022,0.4005497933096897,0.2154423621511577,41620,114347883.0,66506.0
2618,395053,48,"Salt Lake City, UT",msa,UT,2023,0.4185367387986253,0.2072538748100275,41620,117972899.0,70395.0
2619,395054,344,"San Angelo, TX",msa,TX,2015,0.2133486104487298,0.1850181008663202,41660,6829516.0,43349.0
2620,395054,344,"San Angelo, TX",msa,TX,2016,0.2144996776231074,0.1830357496404379,41660,6353834.0,41851.0
2621,395054,344,"San Angelo, TX",msa,TX,2017,0.2217288811530008,0.2205001122696878,41660,6333829.0,44415.0
2622,395054,344,"San Angelo, TX",msa,TX,2018,0.2286393146242311,0.2200528925394943,41660,6668905.0,48566.0
2623,395054,344,"San Angelo, TX",msa,TX,2019,0.2235018445188365,0.2223880967020556,41660,7308739.0,51908.0
2624,395054,344,"San Angelo, TX",msa,TX,2020,0.249666073203902,0.2179281361016413,41660,7336054.0,55453.0
2625,395054,344,"San Angelo, TX",msa,TX,2021,0.2236218178640106,0.2239488180357968,41660,7423225.0,59864.0
2626,395054,344,"San Angelo, TX",msa,TX,2022,0.2982808259318939,0.2427712747419266,41660,7458208.0,61157.0
2627,395054,344,"San Angelo, TX",msa,TX,2023,0.3359676621518557,0.253944273800462,41660,8003043.0,65650.0
2628,395055,24,"San Antonio, TX",msa,TX,2015,0.2276073389397282,0.2268312246129265,41700,117563189.0,43741.0
2629,395055,24,"San Antonio, TX",msa,TX,2016,0.2374141436182232,0.229249939334711,41700,118607925.0,43666.0
2630,395055,24,"San Antonio, TX",msa,TX,2017,0.2555792707074645,0.233797453433554,41700,118925670.0,45508.0
2631,395055,24,"San Antonio, TX",msa,TX,2018,0.2710281911844772,0.231370513676331,41700,124531674.0,47841.0
2632,395055,24,"San Antonio, TX",msa,TX,2019,0.2582332172674763,0.2295932921930746,41700,129034845.0,48271.0
2633,395055,24,"San Antonio, TX",msa,TX,2020,0.2369616996811246,0.2239600096335513,41700,127376030.0,49823.0
2634,395055,24,"San Antonio, TX",msa,TX,2021,0.2479626836386691,0.2342375896747346,41700,134208105.0,53978.0
2635,395055,24,"San Antonio, TX",msa,TX,2022,0.3259649409985581,0.2435740624337395,41700,143714879.0,56592.0
2636,395055,24,"San Antonio, TX",msa,TX,2023,0.3414857717889514,0.2364692433631388,41700,150320285.0,59477.0
2637,395056,17,"San Diego, CA",msa,CA,2015,0.4107720269585416,0.2949386965691758,41740,214131174.0,53366.0
2638,395056,17,"San Diego, CA",msa,CA,2016,0.4134211166008867,0.297985569728463,41740,216808329.0,55082.0
2639,395056,17,"San Diego, CA",msa,CA,2017,0.4339821723652827,0.300629156288492,41740,224767520.0,56977.0
2640,395056,17,"San Diego, CA",msa,CA,2018,0.4602507821019626,0.3004693229200485,41740,230518588.0,59022.0
2641,395056,17,"San Diego, CA",msa,CA,2019,0.4232054980296657,0.2992266899820994,41740,236633899.0,62058.0
2642,395056,17,"San Diego, CA",msa,CA,2020,0.4004188726996171,0.2937817162836127,41740,233308848.0,67569.0
2643,395056,17,"San Diego, CA",msa,CA,2021,0.4271658585707564,0.306173734486001,41740,250384596.0,73084.0
2644,395056,17,"San Diego, CA",msa,CA,2022,0.5740839328867768,0.3305435187693059,41740,258035086.0,74476.0
2645,395056,17,"San Diego, CA",msa,CA,2023,0.628056033714567,0.3325082519354214,41740,261671687.0,79122.0
2646,395057,12,"San Francisco, CA",msa,CA,2015,0.4640158218521255,0.3149639372432611,41860,455705129.0,79551.0
2647,395057,12,"San Francisco, CA",msa,CA,2016,0.4692432087696624,0.3123344049515531,41860,481821380.0,83806.0
2648,395057,12,"San Francisco, CA",msa,CA,2017,0.4769309144203815,0.3018230151433658,41860,526582864.0,89556.0
2649,395057,12,"San Francisco, CA",msa,CA,2018,0.5202801501683986,0.2956161967937115,41860,560553451.0,95970.0
2650,395057,12,"San Francisco, CA",msa,CA,2019,0.4828795920588475,0.2930447490618214,41860,594348705.0,99886.0
2651,395057,12,"San Francisco, CA",msa,CA,2020,0.4548639957411914,0.2749189251317199,41860,596467353.0,108866.0
2652,395057,12,"San Francisco, CA",msa,CA,2021,0.4805693034146265,0.2688946015420422,41860,662353496.0,123973.0
2653,395057,12,"San Francisco, CA",msa,CA,2022,0.6319208218009296,0.2762804121124038,41860,659278311.0,123152.0
2654,395057,12,"San Francisco, CA",msa,CA,2023,0.6589407078408275,0.2704073002014848,41860,681890371.0,130730.0
2655,395059,36,"San Jose, CA",msa,CA,2015,0.4600857446735044,0.2926195934974853,41940,254088068.0,82588.0
2656,395059,36,"San Jose, CA",msa,CA,2016,0.4581393350476383,0.2845742520011006,41940,269463092.0,88787.0
2657,395059,36,"San Jose, CA",msa,CA,2017,0.4551551859796476,0.2733331456798189,41940,282663484.0,96161.0
2658,395059,36,"San Jose, CA",msa,CA,2018,0.5419890976005378,0.2675314150578746,41940,304610321.0,104819.0
2659,395059,36,"San Jose, CA",msa,CA,2019,0.4994227364702485,0.2615750372532988,41940,319363480.0,110733.0
2660,395059,36,"San Jose, CA",msa,CA,2020,0.452691350369527,0.2445166472261197,41940,339383227.0,119863.0
2661,395059,36,"San Jose, CA",msa,CA,2021,0.4794112958878405,0.2348027409062649,41940,381617885.0,141146.0
2662,395059,36,"San Jose, CA",msa,CA,2022,0.6502733639211702,0.2444220381671318,41940,379655931.0,139912.0
2663,395059,36,"San Jose, CA",msa,CA,2023,0.6862630829736425,0.2397508079974893,41940,392455628.0,148036.0
2664,395061,175,"San Luis Obispo, CA",msa,CA,2015,0.4506716626556592,0.3083604364845044,42020,16372072.0,49919.0
2665,395061,175,"San Luis Obispo, CA",msa,CA,2016,0.4444016168092819,0.3159254006159636,42020,16705199.0,51124.0
2666,395061,175,"San Luis Obispo, CA",msa,CA,2017,0.4838498646333375,0.3209502136617739,42020,16779957.0,53633.0
2667,395061,175,"San Luis Obispo, CA",msa,CA,2018,0.5214277240771038,0.3242086826827859,42020,17200943.0,55482.0
2668,395061,175,"San Luis Obispo, CA",msa,CA,2019,0.4855742667884741,0.3243619760415072,42020,17277110.0,59023.0
2669,395061,175,"San Luis Obispo, CA",msa,CA,2020,0.4498581232177481,0.3225768541595648,42020,17070404.0,63129.0
2670,395061,175,"San Luis Obispo, CA",msa,CA,2021,0.4677162838783039,0.3279084868123866,42020,17908159.0,68378.0
2671,395061,175,"San Luis Obispo, CA",msa,CA,2022,0.6336471499274499,0.3466491504985471,42020,18104004.0,68364.0
2672,395061,175,"San Luis Obispo, CA",msa,CA,2023,0.7056490668996251,0.3555544930740997,42020,18023027.0,72721.0
2673,395065,183,"Santa Cruz, CA",msa,CA,2015,0.5455690384603256,0.33263990957743,42100,13538926.0,56935.0
2674,395065,183,"Santa Cruz, CA",msa,CA,2016,0.5518260655994381,0.3442188254380822,42100,13838548.0,58545.0
2675,395065,183,"Santa Cruz, CA",msa,CA,2017,0.5589671836420805,0.3364943844972898,42100,13941610.0,62116.0
2676,395065,183,"Santa Cruz, CA",msa,CA,2018,0.6104746248558183,0.3434098765160094,42100,14363961.0,64905.0
2677,395065,183,"Santa Cruz, CA",msa,CA,2019,0.5466816581895091,0.3324806106713278,42100,15380812.0,69475.0
2678,395065,183,"Santa Cruz, CA",msa,CA,2020,0.5164346350106915,0.3331800710420915,42100,15313067.0,77231.0
2679,395065,183,"Santa Cruz, CA",msa,CA,2021,0.5570899078047219,0.3380522014299005,42100,16518154.0,88329.0
2680,395065,183,"Santa Cruz, CA",msa,CA,2022,0.7520829926168332,0.3553059950647377,42100,16380508.0,83277.0
2681,395065,183,"Santa Cruz, CA",msa,CA,2023,0.7956420068229996,0.3539920585149329,42100,16488399.0,88581.0
2682,395066,284,"Santa Fe, NM",msa,NM,2015,0.3103911624721761,0.1964231572393096,42140,6946786.0,50974.0
2683,395066,284,"Santa Fe, NM",msa,NM,2016,0.3015851638190908,0.2230095915223871,42140,6980157.0,53566.0
2684,395066,284,"Santa Fe, NM",msa,NM,2017,0.3216790046498623,0.2392265166420039,42140,6940839.0,54072.0
2685,395066,284,"Santa Fe, NM",msa,NM,2018,0.3456584732751553,0.2501596085620399,42140,7088694.0,57163.0
2686,395066,284,"Santa Fe, NM",msa,NM,2019,0.3559855648529154,0.271482693354029,42140,7125371.0,60853.0
2687,395066,284,"Santa Fe, NM",msa,NM,2020,0.3424884027553712,0.2720909105405802,42140,6715262.0,63443.0
2688,395066,284,"Santa Fe, NM",msa,NM,2021,0.3638899652890728,0.2813034893715946,42140,7351004.0,70477.0
2689,395066,284,"Santa Fe, NM",msa,NM,2022,0.4621385880241522,0.2892094093858722,42140,7389917.0,72932.0
2690,395066,284,"Santa Fe, NM",msa,NM,2023,0.4976341831307054,0.2881205017912348,42140,7512205.0,77717.0
2691,395068,112,"Santa Rosa, CA",msa,CA,2015,0.4327172120063339,0.2879172356807621,42220,27693872.0,53609.0
2692,395068,112,"Santa Rosa, CA",msa,CA,2016,0.4375147707242124,0.2974764204422892,42220,28392136.0,55532.0
2693,395068,112,"Santa Rosa, CA",msa,CA,2017,0.4512099334390598,0.2959593240534745,42220,28853518.0,57881.0
2694,395068,112,"Santa Rosa, CA",msa,CA,2018,0.4907885315604764,0.3010476379630382,42220,30213474.0,61096.0
2695,395068,112,"Santa Rosa, CA",msa,CA,2019,0.4541325747691929,0.2933766239519328,42220,30482863.0,65926.0
2696,395068,112,"Santa Rosa, CA",msa,CA,2020,0.4121773979464815,0.2857444434457502,42220,29572422.0,72601.0
2697,395068,112,"Santa Rosa, CA",msa,CA,2021,0.425114807337892,0.2903046140651442,42220,31655078.0,78100.0
2698,395068,112,"Santa Rosa, CA",msa,CA,2022,0.5399649028817172,0.2984120402695369,42220,30954169.0,78660.0
2699,395068,112,"Santa Rosa, CA",msa,CA,2023,0.595452883801518,0.2977682188864392,42220,31011472.0,83408.0
2700,395070,138,"Savannah, GA",msa,GA,2015,0.2233154136221161,0.2225542514043963,42340,19890908.0,42154.0
2701,395070,138,"Savannah, GA",msa,GA,2016,0.2213188830640577,0.2229042393833365,42340,20658771.0,42283.0
2702,395070,138,"Savannah, GA",msa,GA,2017,0.2268889884476636,0.2231633302113141,42340,21178366.0,44029.0
2703,395070,138,"Savannah, GA",msa,GA,2018,0.2409779359748886,0.2280966869625002,42340,21468332.0,45712.0
2704,395070,138,"Savannah, GA",msa,GA,2019,0.2304265004745765,0.2323088573930052,42340,22332189.0,46457.0
2705,395070,138,"Savannah, GA",msa,GA,2020,0.2169062895677348,0.2316006510810592,42340,22209835.0,50420.0
2706,395070,138,"Savannah, GA",msa,GA,2021,0.2239941501035973,0.2465499758610128,42340,23918621.0,55129.0
2707,395070,138,"Savannah, GA",msa,GA,2022,0.2917386090879901,0.2703078434827822,42340,24535798.0,55573.0
2708,395070,138,"Savannah, GA",msa,GA,2023,0.3347825782466331,0.2724728609398776,42340,25732577.0,58046.0
2709,395075,101,"Scranton, PA",msa,PA,2015,0.1872732255541052,0.1806945385560213,42540,26401389.0,40327.0
2710,395075,101,"Scranton, PA",msa,PA,2016,0.1712485596031098,0.1795214764330221,42540,26851914.0,41413.0
2711,395075,101,"Scranton, PA",msa,PA,2017,0.1671189094935286,0.1791152023478794,42540,26658860.0,42164.0
2712,395075,101,"Scranton, PA",msa,PA,2018,0.1998627452861225,0.1793872163257235,42540,26778970.0,43997.0
2713,395075,101,"Scranton, PA",msa,PA,2019,0.1925706555117797,0.1833813459462345,42540,27134323.0,45401.0
2714,395075,101,"Scranton, PA",msa,PA,2020,0.1808511426685606,0.1870067863635172,42540,25928788.0,49839.0
2715,395075,101,"Scranton, PA",msa,PA,2021,0.1883295428345191,0.202679223607672,42540,26757166.0,52617.0
2716,395075,101,"Scranton, PA",msa,PA,2022,0.239038526979727,0.221717555049978,42540,26666000.0,52467.0
2717,395075,101,"Scranton, PA",msa,PA,2023,0.2785353635535674,0.2377707932450477,42540,27353094.0,54826.0
2718,395078,15,"Seattle, WA",msa,WA,2015,0.2833958526716898,0.2236178585091756,42660,326985067.0,62050.0
2719,395078,15,"Seattle, WA",msa,WA,2016,0.2959060710262457,0.2296047489040557,42660,340431528.0,64630.0
2720,395078,15,"Seattle, WA",msa,WA,2017,0.3294084238703893,0.2342869784977024,42660,368193333.0,68077.0
2721,395078,15,"Seattle, WA",msa,WA,2018,0.3603970780636206,0.229493625251418,42660,395709089.0,72172.0
2722,395078,15,"Seattle, WA",msa,WA,2019,0.3362103381052108,0.2288936168975174,42660,417428577.0,76784.0
2723,395078,15,"Seattle, WA",msa,WA,2020,0.3135551352281847,0.2220631109759887,42660,418381489.0,81697.0
2724,395078,15,"Seattle, WA",msa,WA,2021,0.3438877989521511,0.2217771063569334,42660,449526620.0,89358.0
2725,395078,15,"Seattle, WA",msa,WA,2022,0.4606346140860556,0.2334909617765473,42660,459470312.0,92291.0
2726,395078,15,"Seattle, WA",msa,WA,2023,0.4865318424529739,0.2289470306571738,42660,487774172.0,99339.0
2727,395079,274,"Sebastian, FL",msa,FL,2015,0.240521336858074,0.2721379645934472,42680,5936262.0,67357.0
2728,395079,274,"Sebastian, FL",msa,FL,2016,0.2529630830455459,0.2868836132379647,42680,6432452.0,70238.0
2729,395079,274,"Sebastian, FL",msa,FL,2017,0.2651276598033837,0.2975737454072608,42680,6355422.0,74034.0
2730,395079,274,"Sebastian, FL",msa,FL,2018,0.2797835055326249,0.297231030636488,42680,6668941.0,80009.0
2731,395079,274,"Sebastian, FL",msa,FL,2019,0.2479070661741329,0.2798858621683295,42680,6896895.0,83867.0
2732,395079,274,"Sebastian, FL",msa,FL,2020,0.2377832273838558,0.2977461968223316,42680,6962272.0,87164.0
2733,395079,274,"Sebastian, FL",msa,FL,2021,0.2561079278601543,0.3377557148214349,42680,7804173.0,96551.0
2734,395079,274,"Sebastian, FL",msa,FL,2022,0.3653254596253799,0.3830361155777016,42680,7676277.0,97627.0
2735,395079,274,"Sebastian, FL",msa,FL,2023,0.4174946497372063,0.3975736284514213,42680,7908751.0,105827.0
2736,395080,390,"Sebring, FL",msa,FL,2015,0.2069997189049035,0.1805349228255588,42700,2386876.0,32158.0
2737,395080,390,"Sebring, FL",msa,FL,2016,0.2181284681121417,0.1809887118023657,42700,2471050.0,32610.0
2738,395080,390,"Sebring, FL",msa,FL,2017,0.2312133872523273,0.2000912120999844,42700,2482118.0,33746.0
2739,395080,390,"Sebring, FL",msa,FL,2018,0.2404067766396856,0.2609055585874036,42700,2420183.0,34123.0
2740,395080,390,"Sebring, FL",msa,FL,2019,0.2242894977666393,0.24859191362378,42700,2594451.0,36015.0
2741,395080,390,"Sebring, FL",msa,FL,2020,0.2112256014179517,0.2503810212167254,42700,2444048.0,38625.0
2742,395080,390,"Sebring, FL",msa,FL,2021,0.2262908734502879,0.2730962612066615,42700,2556355.0,41497.0
2743,395080,390,"Sebring, FL",msa,FL,2022,0.3254517104071112,0.31418376408192,42700,2689968.0,41476.0
2744,395080,390,"Sebring, FL",msa,FL,2023,0.385167501945502,0.3369935920968234,42700,2851212.0,44177.0
2745,395089,352,"Sheboygan, WI",msa,WI,2015,0.1871557770898482,0.1962824769482164,43100,6825918.0,45877.0
2746,395089,352,"Sheboygan, WI",msa,WI,2016,0.1871875721531931,0.1928164061774609,43100,7068187.0,46457.0
2747,395089,352,"Sheboygan, WI",msa,WI,2017,0.2020498428489882,0.2003948006847294,43100,7028622.0,48902.0
2748,395089,352,"Sheboygan, WI",msa,WI,2018,0.2141373647888876,0.1952906826704765,43100,7126252.0,51139.0
2749,395089,352,"Sheboygan, WI",msa,WI,2019,0.2096432124145089,0.1922417493769896,43100,6978712.0,51940.0
2750,395089,352,"Sheboygan, WI",msa,WI,2020,0.1971805596287127,0.1963937799606856,43100,6833063.0,55038.0
2751,395089,352,"Sheboygan, WI",msa,WI,2021,0.2136919685697634,0.2152466470799699,43100,6874902.0,58795.0
2752,395089,352,"Sheboygan, WI",msa,WI,2022,0.2584911316039559,0.1917761595522925,43100,6806577.0,60511.0
2753,395089,352,"Sheboygan, WI",msa,WI,2023,0.2864029309626333,0.1650122353592636,43100,6875216.0,63878.0
2754,395094,319,"Sherman, TX",msa,TX,2015,0.1944719935766706,0.2231630944311663,43300,4700710.0,39419.0
2755,395094,319,"Sherman, TX",msa,TX,2016,0.1987802456120952,0.2228284256494721,43300,4773789.0,40724.0
2756,395094,319,"Sherman, TX",msa,TX,2017,0.2160710478746068,0.226206713502351,43300,4703414.0,41493.0
2757,395094,319,"Sherman, TX",msa,TX,2018,0.2438796536723193,0.2321893874505214,43300,4970642.0,43377.0
2758,395094,319,"Sherman, TX",msa,TX,2019,0.2463996902459476,0.2312451787373262,43300,5018905.0,45459.0
2759,395094,319,"Sherman, TX",msa,TX,2020,0.1893273319129989,0.2278572774172605,43300,4916806.0,48109.0
2760,395094,319,"Sherman, TX",msa,TX,2021,0.2352680107961491,0.2411066143868632,43300,5307070.0,52462.0
2761,395094,319,"Sherman, TX",msa,TX,2022,0.3172179263884283,0.2512165214878077,43300,5517752.0,53088.0
2762,395094,319,"Sherman, TX",msa,TX,2023,0.3412828279466577,0.2513691915849165,43300,5883798.0,55946.0
2763,395096,141,"Shreveport, LA",msa,LA,2015,0.2266255192313161,0.2683509666100955,43340,19843907.0,42875.0
2764,395096,141,"Shreveport, LA",msa,LA,2016,0.2220395641589519,0.2756887539881824,43340,19760589.0,42396.0
2765,395096,141,"Shreveport, LA",msa,LA,2017,0.2371411561442515,0.2808379345791469,43340,20077806.0,43254.0
2766,395096,141,"Shreveport, LA",msa,LA,2018,0.2375988674267781,0.2717060363456186,43340,20687072.0,46104.0
2767,395096,141,"Shreveport, LA",msa,LA,2019,0.2277382709705593,0.2646115344103105,43340,21268008.0,47074.0
2768,395096,141,"Shreveport, LA",msa,LA,2020,0.217393025395399,0.2661108946024438,43340,19973012.0,51965.0
2769,395096,141,"Shreveport, LA",msa,LA,2021,0.2111161981768246,0.2795416791050295,43340,21043358.0,55609.0
2770,395096,141,"Shreveport, LA",msa,LA,2022,0.2441059768284146,0.2743182351335391,43340,20728375.0,58177.0
2771,395096,141,"Shreveport, LA",msa,LA,2023,0.3046575984615992,0.268047392219778,43340,22591058.0,61150.0
2772,395098,335,"Sierra Vista, AZ",msa,AZ,2015,0.2138942646774879,0.1699989327571252,43420,4548133.0,36648.0
2773,395098,335,"Sierra Vista, AZ",msa,AZ,2016,0.2057483955095323,0.1667276924214162,43420,4651172.0,37181.0
2774,395098,335,"Sierra Vista, AZ",msa,AZ,2017,0.2065971269548052,0.1740954906931305,43420,4585054.0,38914.0
2775,395098,335,"Sierra Vista, AZ",msa,AZ,2018,0.219653213448574,0.1741062040111543,43420,4589727.0,39624.0
2776,395098,335,"Sierra Vista, AZ",msa,AZ,2019,0.221474164602145,0.175509519734359,43420,4677243.0,41289.0
2777,395098,335,"Sierra Vista, AZ",msa,AZ,2020,0.2145553955956868,0.180023635671509,43420,4997956.0,46814.0
2778,395098,335,"Sierra Vista, AZ",msa,AZ,2021,0.2228328766224106,0.2094221247849334,43420,4920631.0,49715.0
2779,395098,335,"Sierra Vista, AZ",msa,AZ,2022,0.3187012674432916,0.2678585334377317,43420,5000069.0,50530.0
2780,395098,335,"Sierra Vista, AZ",msa,AZ,2023,0.362052094974042,0.2960967026545331,43420,4969525.0,53304.0
2781,395102,297,"Sioux City, IA",msa,IA,2015,0.1560912403653208,0.1809808151269175,43580,8125817.0,44730.0
2782,395102,297,"Sioux City, IA",msa,IA,2016,0.1493607329990624,0.1892749704973995,43580,8274272.0,45258.0
2783,395102,297,"Sioux City, IA",msa,IA,2017,0.1584804693056567,0.1779296940351068,43580,8106261.0,45818.0
2784,395102,297,"Sioux City, IA",msa,IA,2018,0.1630590080280209,0.1758232462080146,43580,8464099.0,48356.0
2785,395102,297,"Sioux City, IA",msa,IA,2019,0.1591108899105133,0.1747148519588024,43580,8532955.0,51143.0
2786,395102,297,"Sioux City, IA",msa,IA,2020,0.1546479803773006,0.1826017107076536,43580,8447258.0,53558.0
2787,395102,297,"Sioux City, IA",msa,IA,2021,0.1517454030191153,0.1952194814716554,43580,9167991.0,58238.0
2788,395102,297,"Sioux City, IA",msa,IA,2022,0.1925225634765325,0.1996481631579196,43580,9266301.0,62415.0
2789,395102,297,"Sioux City, IA",msa,IA,2023,0.2213673617853633,0.1620754619031955,43580,9523212.0,65153.0
2790,395103,182,"Sioux Falls, SD",msa,SD,2015,0.2064369752087005,0.2665083598704265,43620,21522887.0,54113.0
2791,395103,182,"Sioux Falls, SD",msa,SD,2016,0.2074990134605316,0.1559168381951257,43620,21827089.0,55068.0
2792,395103,182,"Sioux Falls, SD",msa,SD,2017,0.2214715828286479,0.159580080629696,43620,22154738.0,56412.0
2793,395103,182,"Sioux Falls, SD",msa,SD,2018,0.237036770953947,0.1616539763807071,43620,21889463.0,58465.0
2794,395103,182,"Sioux Falls, SD",msa,SD,2019,0.2296089883348578,0.159137979063884,43620,22836416.0,62662.0
2795,395103,182,"Sioux Falls, SD",msa,SD,2020,0.2124619667066395,0.1531124679969211,43620,22036185.0,66572.0
2796,395103,182,"Sioux Falls, SD",msa,SD,2021,0.2188617706186017,0.1557950157399696,43620,23228461.0,74342.0
2797,395103,182,"Sioux Falls, SD",msa,SD,2022,0.2912609105645809,0.1699616701326679,43620,22762980.0,75314.0
2798,395103,182,"Sioux Falls, SD",msa,SD,2023,0.3282312541136315,0.1741712433214287,43620,23210288.0,78354.0
2799,395107,159,"South Bend, IN",msa,IN,2015,0.3761922836243359,0.1666201498222772,43780,14544132.0,42400.0
2800,395107,159,"South Bend, IN",msa,IN,2016,0.1466511767566664,0.1658205854234598,43780,14556507.0,42714.0
2801,395107,159,"South Bend, IN",msa,IN,2017,0.1527861745411652,0.1654334854894716,43780,14674694.0,44581.0
2802,395107,159,"South Bend, IN",msa,IN,2018,0.1660576447791166,0.1698688599327321,43780,15340527.0,46536.0
2803,395107,159,"South Bend, IN",msa,IN,2019,0.1630220255888355,0.1698790938377417,43780,15749684.0,46942.0
2804,395107,159,"South Bend, IN",msa,IN,2020,0.1571348031403191,0.1768214914574595,43780,14801974.0,50409.0
2805,395107,159,"South Bend, IN",msa,IN,2021,0.1691677382942353,0.1954398339823714,43780,15585745.0,55580.0
2806,395107,159,"South Bend, IN",msa,IN,2022,0.2185374175827526,0.2083310191607769,43780,16032203.0,56718.0
2807,395107,159,"South Bend, IN",msa,IN,2023,0.2460187814064003,0.2121333362984655,43780,16586873.0,57010.0
2808,395109,160,"Spartanburg, SC",msa,SC,2015,0.1793305680120464,0.1937190674381217,43900,13508517.0,39160.0
2809,395109,160,"Spartanburg, SC",msa,SC,2016,0.1741520009207649,0.2265956827308,43900,14331463.0,40564.0
2810,395109,160,"Spartanburg, SC",msa,SC,2017,0.1818904861843985,0.225318007051647,43900,14976954.0,41114.0
2811,395109,160,"Spartanburg, SC",msa,SC,2018,0.1944106061060508,0.2269869956880656,43900,15365922.0,41940.0
2812,395109,160,"Spartanburg, SC",msa,SC,2019,0.220608602950122,0.2341782075217948,43900,16205216.0,44458.0
2813,395109,160,"Spartanburg, SC",msa,SC,2020,0.2114058018148907,0.2388389985240395,43900,15732045.0,47994.0
2814,395109,160,"Spartanburg, SC",msa,SC,2021,0.2230016630679316,0.2536975103082878,43900,16677209.0,53005.0
2815,395109,160,"Spartanburg, SC",msa,SC,2022,0.3007956302082959,0.2643808624253805,43900,16924356.0,51359.0
2816,395109,160,"Spartanburg, SC",msa,SC,2023,0.3147022720362589,0.2649364181397037,43900,17043342.0,53700.0
2817,395113,100,"Spokane, WA",msa,WA,2015,0.2280649189722337,0.1833521452952704,44060,24040562.0,39319.0
2818,395113,100,"Spokane, WA",msa,WA,2016,0.2366829999967359,0.1907426981802248,44060,24759728.0,40308.0
2819,395113,100,"Spokane, WA",msa,WA,2017,0.2489795790313261,0.1920387032333838,44060,25479986.0,41726.0
2820,395113,100,"Spokane, WA",msa,WA,2018,0.263154310328103,0.1954371920605182,44060,26764528.0,43570.0
2821,395113,100,"Spokane, WA",msa,WA,2019,0.2621046111061411,0.2006551051771042,44060,27565279.0,45179.0
2822,395113,100,"Spokane, WA",msa,WA,2020,0.264778658822291,0.2071918991177863,44060,27735803.0,48667.0
2823,395113,100,"Spokane, WA",msa,WA,2021,0.2972630247373716,0.2355297726986749,44060,29986604.0,53679.0
2824,395113,100,"Spokane, WA",msa,WA,2022,0.3984903059916811,0.2425562329224116,44060,31003696.0,54710.0
2825,395113,100,"Spokane, WA",msa,WA,2023,0.4231503433309829,0.2344890083179518,44060,31958855.0,57886.0
2826,395114,220,"Springfield, IL",msa,IL,2015,0.1875971189606815,0.1749059583285309,44100,11324657.0,43328.0
2827,395114,220,"Springfield, IL",msa,IL,2016,0.1800260794475391,0.1621502322680744,44100,11389212.0,44090.0
2828,395114,220,"Springfield, IL",msa,IL,2017,0.1814557565240492,0.1508002400636291,44100,11297434.0,45186.0
2829,395114,220,"Springfield, IL",msa,IL,2018,0.1823309065325834,0.1465982108627565,44100,11623760.0,46872.0
2830,395114,220,"Springfield, IL",msa,IL,2019,0.1775525052312685,0.1510718859709018,44100,11668971.0,48731.0
2831,395114,220,"Springfield, IL",msa,IL,2020,0.1698059331204288,0.1510027325148411,44100,10880197.0,52265.0
2832,395114,220,"Springfield, IL",msa,IL,2021,0.1609637595263507,0.1504283777770122,44100,11572865.0,57255.0
2833,395114,220,"Springfield, IL",msa,IL,2022,0.1886962029177508,0.1571160405954961,44100,12015723.0,57550.0
2834,395114,220,"Springfield, IL",msa,IL,2023,0.2150610070162473,0.1674401449679262,44100,12071299.0,60446.0
2835,395115,85,"Springfield, MA",msa,MA,2015,0.2673067248706853,0.2267166325966639,44140,32641796.0,46917.0
2836,395115,85,"Springfield, MA",msa,MA,2016,0.2670812215763671,0.2349183905873612,44140,32819339.0,47956.0
2837,395115,85,"Springfield, MA",msa,MA,2017,0.2748275833943886,0.2362546541513965,44140,32559931.0,49252.0
2838,395115,85,"Springfield, MA",msa,MA,2018,0.2884680151554348,0.2389729346911289,44140,32901263.0,51268.0
2839,395115,85,"Springfield, MA",msa,MA,2019,0.2706239233745842,0.237584813832745,44140,33535278.0,53506.0
2840,395115,85,"Springfield, MA",msa,MA,2020,0.2560152213549073,0.2409412003289531,44140,32940771.0,59265.0
2841,395115,85,"Springfield, MA",msa,MA,2021,0.2694430898855634,0.2522830418070207,44140,33932322.0,60981.0
2842,395115,85,"Springfield, MA",msa,MA,2022,0.3445649987204196,0.2724997470902245,44140,33672716.0,61165.0
2843,395115,85,"Springfield, MA",msa,MA,2023,0.3919633554460218,0.2873566964387237,44140,33925182.0,64303.0
2844,395116,118,"Springfield, MO",msa,MO,2015,0.1949974531904637,0.1947203422211812,44180,19424367.0,37320.0
2845,395116,118,"Springfield, MO",msa,MO,2016,0.190082565316658,0.1901963753156272,44180,19428901.0,37919.0
2846,395116,118,"Springfield, MO",msa,MO,2017,0.2011455556896856,0.1940244230200096,44180,19677536.0,39434.0
2847,395116,118,"Springfield, MO",msa,MO,2018,0.2205109160312275,0.1989470584573718,44180,20071555.0,40834.0
2848,395116,118,"Springfield, MO",msa,MO,2019,0.2080470349634673,0.2052229711557736,44180,20693951.0,42575.0
2849,395116,118,"Springfield, MO",msa,MO,2020,0.2018057931331257,0.2063060080733041,44180,20282290.0,45465.0
2850,395116,118,"Springfield, MO",msa,MO,2021,0.2113868984331697,0.2192540448281612,44180,21804914.0,48889.0
2851,395116,118,"Springfield, MO",msa,MO,2022,0.2779727523000659,0.2260018824547505,44180,22114627.0,50481.0
2852,395116,118,"Springfield, MO",msa,MO,2023,0.3081954779634752,0.2222844121862164,44180,22600146.0,53435.0
2853,395117,316,"Springfield, OH",msa,OH,2015,0.1444995334631383,0.2083102844495119,44220,4658874.0,36442.0
2854,395117,316,"Springfield, OH",msa,OH,2016,0.1421159162989648,0.2184963170888476,44220,4611527.0,37206.0
2855,395117,316,"Springfield, OH",msa,OH,2017,0.1522330565922801,0.2216981692561522,44220,4661428.0,38447.0
2856,395117,316,"Springfield, OH",msa,OH,2018,0.1614328418466029,0.2194176211644816,44220,4620583.0,39342.0
2857,395117,316,"Springfield, OH",msa,OH,2019,0.158761910263935,0.2217206143176119,44220,4696288.0,40890.0
2858,395117,316,"Springfield, OH",msa,OH,2020,0.1492744690716585,0.2276781816151009,44220,4470864.0,44450.0
2859,395117,316,"Springfield, OH",msa,OH,2021,0.1584210224750256,0.233905846655556,44220,4675402.0,47583.0
2860,395117,316,"Springfield, OH",msa,OH,2022,0.2078529511848556,0.2194234078461783,44220,4731761.0,48079.0
2861,395117,316,"Springfield, OH",msa,OH,2023,0.2427119377873055,0.2239882614477648,44220,4742358.0,50553.0
2862,395118,230,"St. Cloud, MN",msa,MN,2015,0.2035857864111103,0.2173546597642355,41060,10028126.0,42384.0
2863,395118,230,"St. Cloud, MN",msa,MN,2016,0.2001140241931457,0.172499210020366,41060,10398231.0,42519.0
2864,395118,230,"St. Cloud, MN",msa,MN,2017,0.207061033384356,0.172518500029685,41060,10581206.0,44473.0
2865,395118,230,"St. Cloud, MN",msa,MN,2018,0.2185001190889722,0.1732855568238721,41060,10676022.0,46056.0
2866,395118,230,"St. Cloud, MN",msa,MN,2019,0.2123976490092784,0.1771397256027458,41060,10571201.0,47841.0
2867,395118,230,"St. Cloud, MN",msa,MN,2020,0.2055456972906781,0.1802614284457964,41060,10349149.0,52474.0
2868,395118,230,"St. Cloud, MN",msa,MN,2021,0.2184397803409258,0.1865641529757322,41060,10616204.0,57754.0
2869,395118,230,"St. Cloud, MN",msa,MN,2022,0.2792323825438706,0.1980809254777125,41060,11074084.0,59713.0
2870,395118,230,"St. Cloud, MN",msa,MN,2023,0.3117163001935155,0.1952384546352598,41060,11098395.0,61633.0
2871,395119,249,"St. George, UT",msa,UT,2015,0.2581115259623797,0.2348512421173624,41100,5067390.0,32961.0
2872,395119,249,"St. George, UT",msa,UT,2016,0.2601811583383646,0.246825936951705,41100,5556357.0,35021.0
2873,395119,249,"St. George, UT",msa,UT,2017,0.2848692541282969,0.2613535743966026,41100,6234717.0,37387.0
2874,395119,249,"St. George, UT",msa,UT,2018,0.3132356224952396,0.2628203903074166,41100,6619509.0,40128.0
2875,395119,249,"St. George, UT",msa,UT,2019,0.2906173136440855,0.2511155601781968,41100,6870819.0,42384.0
2876,395119,249,"St. George, UT",msa,UT,2020,0.2792114570381734,0.2536380544249795,41100,7218950.0,45342.0
2877,395119,249,"St. George, UT",msa,UT,2021,0.3243039425810975,0.2746277297697131,41100,7858302.0,50741.0
2878,395119,249,"St. George, UT",msa,UT,2022,0.4601297554645707,0.2862162617701584,41100,8175105.0,51650.0
2879,395119,249,"St. George, UT",msa,UT,2023,0.482049481763931,0.27970645124265,41100,8419791.0,54405.0
2880,395120,343,"St. Joseph, MO",msa,MO,2015,0.158752798172476,0.1831407048526708,41140,5785980.0,35909.0
2881,395120,343,"St. Joseph, MO",msa,MO,2016,0.2107629403448403,0.1809972424880601,41140,5770694.0,36442.0
2882,395120,343,"St. Joseph, MO",msa,MO,2017,0.1650032853874508,0.2148407142965599,41140,6080876.0,37569.0
2883,395120,343,"St. Joseph, MO",msa,MO,2018,0.1762097432325452,0.2192650015088405,41140,5960083.0,38093.0
2884,395120,343,"St. Joseph, MO",msa,MO,2019,0.212206763311208,0.2225712285421792,41140,5981779.0,40530.0
2885,395120,343,"St. Joseph, MO",msa,MO,2020,0.1675751611506545,0.2201167711564244,41140,5854185.0,43538.0
2886,395120,343,"St. Joseph, MO",msa,MO,2021,0.1709541808016804,0.1943835571101279,41140,5920464.0,46696.0
2887,395120,343,"St. Joseph, MO",msa,MO,2022,0.2094572397368487,0.1618776262744089,41140,5829494.0,48646.0
2888,395120,343,"St. Joseph, MO",msa,MO,2023,0.2265429789947181,0.1570165337932683,41140,5889426.0,51612.0
2889,395121,21,"St. Louis, MO",msa,MO,2015,0.1839018150463874,0.1826533673365928,41180,164953582.0,49028.0
2890,395121,21,"St. Louis, MO",msa,MO,2016,0.1839657487460792,0.1807281140542613,41180,165057745.0,50749.0
2891,395121,21,"St. Louis, MO",msa,MO,2017,0.1901269053369481,0.1790630447504209,41180,164415211.0,51652.0
2892,395121,21,"St. Louis, MO",msa,MO,2018,0.1980328754570383,0.1779063056164736,41180,166573763.0,54633.0
2893,395121,21,"St. Louis, MO",msa,MO,2019,0.1891958215623813,0.1780921601020433,41180,169456801.0,56750.0
2894,395121,21,"St. Louis, MO",msa,MO,2020,0.181870323957132,0.1792577172427936,41180,165708660.0,61208.0
2895,395121,21,"St. Louis, MO",msa,MO,2021,0.1905933483162246,0.1844978736042899,41180,175799686.0,67489.0
2896,395121,21,"St. Louis, MO",msa,MO,2022,0.2342188720368826,0.1931156828238879,41180,180223362.0,70837.0
2897,395121,21,"St. Louis, MO",msa,MO,2023,0.2615955162395408,0.1941482352571192,41180,184764129.0,75577.0
2898,395125,273,"State College, PA",msa,PA,2015,0.2209541650642408,0.2709654758662594,44300,8413508.0,41662.0
2899,395125,273,"State College, PA",msa,PA,2016,0.2174630130706208,0.2365367997647368,44300,8696442.0,42965.0
2900,395125,273,"State College, PA",msa,PA,2017,0.2282963944269863,0.2252091923665507,44300,8878239.0,44973.0
2901,395125,273,"State College, PA",msa,PA,2018,0.267131537793401,0.2238047000223909,44300,8807131.0,46224.0
2902,395125,273,"State College, PA",msa,PA,2019,0.2628399484670901,0.2776887931131194,44300,8854634.0,48182.0
2903,395125,273,"State College, PA",msa,PA,2020,0.2447357788107967,0.2834914228496221,44300,8550168.0,51930.0
2904,395125,273,"State College, PA",msa,PA,2021,0.2579640305881049,0.2905181190377945,44300,8798324.0,54767.0
2905,395125,273,"State College, PA",msa,PA,2022,0.3201423057466855,0.2992674432911439,44300,8883309.0,54756.0
2906,395125,273,"State College, PA",msa,PA,2023,0.3672351763329657,0.3096821459467676,44300,9098449.0,57800.0
2907,395128,338,"Staunton, VA",msa,VA,2015,0.2308704468520525,0.1756311207980734,44420,5090373.0,39481.0
2908,395128,338,"Staunton, VA",msa,VA,2016,0.2267890753911003,0.1728432138785493,44420,5069347.0,40156.0
2909,395128,338,"Staunton, VA",msa,VA,2017,0.237735287819908,0.1922031224040482,44420,5064115.0,41414.0
2910,395128,338,"Staunton, VA",msa,VA,2018,0.265345403798239,0.2161134373862253,44420,5135189.0,42577.0
2911,395128,338,"Staunton, VA",msa,VA,2019,0.249536458767074,0.2233037559026739,44420,5142428.0,44722.0
2912,395128,338,"Staunton, VA",msa,VA,2020,0.2389673116670364,0.2288713113755571,44420,4927840.0,48073.0
2913,395128,338,"Staunton, VA",msa,VA,2021,0.2451535387000645,0.2378804533098628,44420,5167806.0,51537.0
2914,395128,338,"Staunton, VA",msa,VA,2022,0.316503528070751,0.2477504893950774,44420,5372550.0,53755.0
2915,395128,338,"Staunton, VA",msa,VA,2023,0.3489673626701915,0.2508038506067298,44420,5337071.0,55929.0
2916,395134,77,"Stockton, CA",msa,CA,2015,0.306733994794891,0.2774797622344354,44700,27471639.0,38437.0
2917,395134,77,"Stockton, CA",msa,CA,2016,0.3149934572291505,0.2871078383683051,44700,28142383.0,39752.0
2918,395134,77,"Stockton, CA",msa,CA,2017,0.3346135101214718,0.2946537088073807,44700,29141656.0,40865.0
2919,395134,77,"Stockton, CA",msa,CA,2018,0.3650688230580864,0.3009630835831728,44700,30299585.0,42302.0
2920,395134,77,"Stockton, CA",msa,CA,2019,0.3463653495557899,0.3020795405119255,44700,31274535.0,45284.0
2921,395134,77,"Stockton, CA",msa,CA,2020,0.3137129697690746,0.3007470777002275,44700,31111615.0,51569.0
2922,395134,77,"Stockton, CA",msa,CA,2021,0.3316823199033173,0.3144928411002103,44700,33640343.0,55952.0
2923,395134,77,"Stockton, CA",msa,CA,2022,0.4377734034205049,0.3187722291953241,44700,33301759.0,56363.0
2924,395134,77,"Stockton, CA",msa,CA,2023,0.4601410978707171,0.3122981345323816,44700,33097405.0,59361.0
2925,395139,314,"Sumter, SC",msa,SC,2015,0.1820766003203564,0.2168328639140853,44940,4477948.0,34389.0
2926,395139,314,"Sumter, SC",msa,SC,2016,0.1724125647589899,0.2326089274183611,44940,4598012.0,35288.0
2927,395139,314,"Sumter, SC",msa,SC,2017,0.1734885596521465,0.2327262650726546,44940,4688263.0,36535.0
2928,395139,314,"Sumter, SC",msa,SC,2018,0.1782565139459932,0.2293383121388259,44940,4838506.0,37952.0
2929,395139,314,"Sumter, SC",msa,SC,2019,0.1836578801789643,0.2357278766448175,44940,4960966.0,39061.0
2930,395139,314,"Sumter, SC",msa,SC,2020,0.1772292745058412,0.2448089608739227,44940,4793328.0,42424.0
2931,395139,314,"Sumter, SC",msa,SC,2021,0.1745235929482228,0.249824354979305,44940,5014021.0,46575.0
2932,395139,314,"Sumter, SC",msa,SC,2022,0.2202985863449762,0.2644363547226686,44940,5117309.0,47169.0
2933,395139,314,"Sumter, SC",msa,SC,2023,0.2460571647825653,0.2717367974513717,44940,5163880.0,49418.0
2934,395143,91,"Syracuse, NY",msa,NY,2015,0.2361691175903861,0.2330343910849321,45060,40070100.0,43537.0
2935,395143,91,"Syracuse, NY",msa,NY,2016,0.1502298338252951,0.2011074995778402,45060,39668263.0,44266.0
2936,395143,91,"Syracuse, NY",msa,NY,2017,0.1941830338053629,0.2045109578393993,45060,39834482.0,46555.0
2937,395143,91,"Syracuse, NY",msa,NY,2018,0.1626358864447359,0.2058567610314343,45060,39856281.0,48034.0
2938,395143,91,"Syracuse, NY",msa,NY,2019,0.2642007444512138,0.2065923491453035,45060,40822832.0,50089.0
2939,395143,91,"Syracuse, NY",msa,NY,2020,0.2504332636695101,0.2106456149162738,45060,40102298.0,55111.0
2940,395143,91,"Syracuse, NY",msa,NY,2021,0.2692401822761996,0.2220320784883231,45060,41105660.0,58069.0
2941,395143,91,"Syracuse, NY",msa,NY,2022,0.3713007133139616,0.2311102413656277,45060,40897756.0,57955.0
2942,395143,91,"Syracuse, NY",msa,NY,2023,0.3994110657355092,0.2284236642048675,45060,41210363.0,60736.0
2943,395146,145,"Tallahassee, FL",msa,FL,2015,0.2299519548794609,0.2289650332039171,45220,16202514.0,37862.0
2944,395146,145,"Tallahassee, FL",msa,FL,2016,0.2227521902943727,0.2232422482518751,45220,16603604.0,39186.0
2945,395146,145,"Tallahassee, FL",msa,FL,2017,0.2293317681079948,0.2218246295690842,45220,17109018.0,40639.0
2946,395146,145,"Tallahassee, FL",msa,FL,2018,0.2469524202642509,0.227246227039565,45220,17171301.0,42611.0
2947,395146,145,"Tallahassee, FL",msa,FL,2019,0.2355676616275585,0.2271723918381591,45220,17604681.0,44630.0
2948,395146,145,"Tallahassee, FL",msa,FL,2020,0.2277380719337524,0.2255554062584007,45220,17263617.0,47470.0
2949,395146,145,"Tallahassee, FL",msa,FL,2021,0.2394967201503299,0.2379988787837469,45220,18398100.0,51561.0
2950,395146,145,"Tallahassee, FL",msa,FL,2022,0.310423154683029,0.2605746861668526,45220,19334826.0,51754.0
2951,395146,145,"Tallahassee, FL",msa,FL,2023,0.3453495396558582,0.2651239713220049,45220,20112691.0,55363.0
2952,395148,18,"Tampa, FL",msa,FL,2015,0.2351137420946499,0.2659007619436342,45300,144730985.0,43176.0
2953,395148,18,"Tampa, FL",msa,FL,2016,0.2423535156691709,0.2697980772416953,45300,149452874.0,43826.0
2954,395148,18,"Tampa, FL",msa,FL,2017,0.2599868010633228,0.2729866684705393,45300,152661007.0,45699.0
2955,395148,18,"Tampa, FL",msa,FL,2018,0.2788832544314318,0.2758152953511396,45300,158044077.0,47607.0
2956,395148,18,"Tampa, FL",msa,FL,2019,0.2656940064203763,0.275832465418969,45300,163930828.0,50091.0
2957,395148,18,"Tampa, FL",msa,FL,2020,0.255288352938843,0.2773986583219501,45300,165511362.0,53610.0
2958,395148,18,"Tampa, FL",msa,FL,2021,0.2724905572994784,0.3065247334708617,45300,179994564.0,58124.0
2959,395148,18,"Tampa, FL",msa,FL,2022,0.3812931348490977,0.3372344594410606,45300,190653158.0,59961.0
2960,395148,18,"Tampa, FL",msa,FL,2023,0.4183806491284542,0.3289388728911821,45300,198914787.0,63789.0
2961,395151,235,"Terre Haute, IN",msa,IN,2015,0.2110802020512513,0.276600016064551,45460,7645678.0,33970.0
2962,395151,235,"Terre Haute, IN",msa,IN,2016,0.1346783018750185,0.2714540976177927,45460,7592564.0,34858.0
2963,395151,235,"Terre Haute, IN",msa,IN,2017,0.1335517673327894,0.2737737848728109,45460,7517874.0,36253.0
2964,395151,235,"Terre Haute, IN",msa,IN,2018,0.1439870399428957,0.2785481961746057,45460,7493200.0,37085.0
2965,395151,235,"Terre Haute, IN",msa,IN,2019,0.1428869163506669,0.278543161784915,45460,7440623.0,38193.0
2966,395151,235,"Terre Haute, IN",msa,IN,2020,0.1412594844574458,0.2829671858175258,45460,7355352.0,41780.0
2967,395151,235,"Terre Haute, IN",msa,IN,2021,0.1509555728818401,0.1762792648194336,45460,7891112.0,45867.0
2968,395151,235,"Terre Haute, IN",msa,IN,2022,0.1967096781329511,0.1903185889930976,45460,8020404.0,46485.0
2969,395151,235,"Terre Haute, IN",msa,IN,2023,0.2313736636933294,0.1955671426064974,45460,8207738.0,48561.0
2970,395152,299,"Texarkana, TX",msa,TX,2015,0.205952763006025,0.1845571930308505,45500,5529245.0,35299.0
2971,395152,299,"Texarkana, TX",msa,TX,2016,0.1998202120589206,0.1852239045003778,45500,5547370.0,35835.0
2972,395152,299,"Texarkana, TX",msa,TX,2017,0.1974754389469086,0.186099469845507,45500,5453731.0,36779.0
2973,395152,299,"Texarkana, TX",msa,TX,2018,0.2006420918716858,0.2078830434433875,45500,5422156.0,37612.0
2974,395152,299,"Texarkana, TX",msa,TX,2019,0.1975298625085216,0.2093517111487983,45500,5441559.0,38703.0
2975,395152,299,"Texarkana, TX",msa,TX,2020,0.1946815062587463,0.2187519650925191,45500,5422749.0,42484.0
2976,395152,299,"Texarkana, TX",msa,TX,2021,0.2115105897354804,0.2327758144110608,45500,5546150.0,46063.0
2977,395152,299,"Texarkana, TX",msa,TX,2022,0.2729881001480374,0.2674442403500933,45500,5517726.0,45559.0
2978,395152,299,"Texarkana, TX",msa,TX,2023,0.2899759730831733,0.2801628827311639,45500,5616616.0,47883.0
2979,395153,329,"The Villages, FL",msa,FL,2015,0.3043610579407492,0.1799654704147172,45540,2990019.0,42250.0
2980,395153,329,"The Villages, FL",msa,FL,2016,0.2870731768881748,0.1865919977068073,45540,3070844.0,44828.0
2981,395153,329,"The Villages, FL",msa,FL,2017,0.2969208580458068,0.1747033347047213,45540,3208200.0,47625.0
2982,395153,329,"The Villages, FL",msa,FL,2018,0.3150569612176981,0.2055185011252198,45540,3392818.0,50490.0
2983,395153,329,"The Villages, FL",msa,FL,2019,0.3113654683585077,0.2231205860931364,45540,3803390.0,55253.0
2984,395153,329,"The Villages, FL",msa,FL,2020,0.278979103042844,0.2359473798318101,45540,3870905.0,58168.0
2985,395153,329,"The Villages, FL",msa,FL,2021,0.27878840816346,0.2539378401746572,45540,4511950.0,66960.0
2986,395153,329,"The Villages, FL",msa,FL,2022,0.3882465979359573,0.2750538425629813,45540,5090534.0,66114.0
2987,395153,329,"The Villages, FL",msa,FL,2023,0.4302846112545314,0.2858388325558985,45540,5621636.0,71231.0
2988,395160,93,"Toledo, OH",msa,OH,2015,0.1754252760191554,0.1792023879439987,45780,34916918.0,42266.0
2989,395160,93,"Toledo, OH",msa,OH,2016,0.1760500568508722,0.1789704555567928,45780,34926705.0,43202.0
2990,395160,93,"Toledo, OH",msa,OH,2017,0.1803484300536662,0.1792181245259918,45780,35347722.0,44066.0
2991,395160,93,"Toledo, OH",msa,OH,2018,0.1912219408580072,0.1794317461829315,45780,35981768.0,45982.0
2992,395160,93,"Toledo, OH",msa,OH,2019,0.1724558470672208,0.1805777229490928,45780,37266302.0,47586.0
2993,395160,93,"Toledo, OH",msa,OH,2020,0.1798515256915923,0.1830959560475151,45780,34791725.0,50818.0
2994,395160,93,"Toledo, OH",msa,OH,2021,0.1858434008868059,0.1940997491429537,45780,37762197.0,54466.0
2995,395160,93,"Toledo, OH",msa,OH,2022,0.2179293426976809,0.2030484826801357,45780,37643887.0,55436.0
2996,395160,93,"Toledo, OH",msa,OH,2023,0.2383277644330105,0.2022413272778784,45780,38505921.0,58180.0
2997,395161,199,"Topeka, KS",msa,KS,2015,0.1537670348478293,0.155186652891772,45820,11177827.0,40999.0
2998,395161,199,"Topeka, KS",msa,KS,2016,0.151410614750726,0.1576925440071555,45820,11480939.0,42133.0
2999,395161,199,"Topeka, KS",msa,KS,2017,0.1575534017313831,0.1561859851022552,45820,11518399.0,43158.0
3000,395161,199,"Topeka, KS",msa,KS,2018,0.1669163777683722,0.1579207804767358,45820,11852731.0,45356.0
3001,395161,199,"Topeka, KS",msa,KS,2019,0.16651966985349,0.164725826307468,45820,11646877.0,46554.0
3002,395161,199,"Topeka, KS",msa,KS,2020,0.1632324983110511,0.1667502302238672,45820,11711195.0,50126.0
3003,395161,199,"Topeka, KS",msa,KS,2021,0.1766615128387924,0.1774548975245169,45820,12148464.0,53682.0
3004,395161,199,"Topeka, KS",msa,KS,2022,0.2233598117469497,0.1874500530552495,45820,11988979.0,54434.0
3005,395161,199,"Topeka, KS",msa,KS,2023,0.2524201106363132,0.1897903057834827,45820,12249450.0,57810.0
3006,395164,142,"Trenton, NJ",msa,NJ,2015,0.2610076828965839,0.24531449107102,45940,31122538.0,60296.0
3007,395164,142,"Trenton, NJ",msa,NJ,2016,0.257615288244049,0.2480365329039796,45940,32300433.0,61387.0
3008,395164,142,"Trenton, NJ",msa,NJ,2017,0.2596637364405298,0.2467444270892695,45940,32454071.0,62910.0
3009,395164,142,"Trenton, NJ",msa,NJ,2018,0.2755029059987912,0.2514685986721151,45940,33563841.0,65618.0
3010,395164,142,"Trenton, NJ",msa,NJ,2019,0.2629359971053205,0.2495488889707913,45940,37234433.0,69532.0
3011,395164,142,"Trenton, NJ",msa,NJ,2020,0.2521146100018429,0.2522824990667518,45940,37995013.0,71623.0
3012,395164,142,"Trenton, NJ",msa,NJ,2021,0.2511135166801262,0.2546799935401231,45940,41473491.0,77551.0
3013,395164,142,"Trenton, NJ",msa,NJ,2022,0.3106409900995268,0.2739560652610192,45940,43671876.0,80101.0
3014,395164,142,"Trenton, NJ",msa,NJ,2023,0.3530626428299495,0.2857472550521284,45940,44411940.0,84392.0
3015,395167,54,"Tucson, AZ",msa,AZ,2015,0.2351573910698805,0.2179061065797307,46060,39561836.0,38569.0
3016,395167,54,"Tucson, AZ",msa,AZ,2016,0.2338760271182501,0.2166252825586343,46060,40889603.0,39720.0
3017,395167,54,"Tucson, AZ",msa,AZ,2017,0.2459644987162835,0.2188285491577387,46060,42330595.0,41944.0
3018,395167,54,"Tucson, AZ",msa,AZ,2018,0.2568753599842642,0.2200320407963176,46060,43891349.0,43614.0
3019,395167,54,"Tucson, AZ",msa,AZ,2019,0.2525078338393817,0.2286125995056384,46060,45428473.0,45477.0
3020,395167,54,"Tucson, AZ",msa,AZ,2020,0.2404309944194868,0.2340120385730589,46060,45292634.0,49595.0
3021,395167,54,"Tucson, AZ",msa,AZ,2021,0.2636480810267251,0.2568669871993457,46060,47871993.0,53631.0
3022,395167,54,"Tucson, AZ",msa,AZ,2022,0.3503076249703071,0.2694228902867397,46060,48551808.0,54776.0
3023,395167,54,"Tucson, AZ",msa,AZ,2023,0.3695840827561039,0.2612044960350448,46060,50781363.0,58232.0
3024,395169,56,"Tulsa, OK",msa,OK,2015,0.1934219744356789,0.2156390506284143,46140,53010907.0,53535.0
3025,395169,56,"Tulsa, OK",msa,OK,2016,0.1921157355383645,0.2161152761749795,46140,49884199.0,47079.0
3026,395169,56,"Tulsa, OK",msa,OK,2017,0.2004976351235608,0.2124841290146016,46140,51636504.0,50422.0
3027,395169,56,"Tulsa, OK",msa,OK,2018,0.206547716727992,0.2088083102677535,46140,53149908.0,53965.0
3028,395169,56,"Tulsa, OK",msa,OK,2019,0.1945863939049094,0.207116890181402,46140,52040635.0,55361.0
3029,395169,56,"Tulsa, OK",msa,OK,2020,0.1883340592597439,0.2120690046512986,46140,49229047.0,55760.0
3030,395169,56,"Tulsa, OK",msa,OK,2021,0.1986056451539467,0.2278889960476861,46140,51128108.0,60392.0
3031,395169,56,"Tulsa, OK",msa,OK,2022,0.2558515906130872,0.2438782612307945,46140,51615419.0,66024.0
3032,395169,56,"Tulsa, OK",msa,OK,2023,0.2845897742185998,0.2431897045478254,46140,53908954.0,69022.0
3033,395171,188,"Tuscaloosa, AL",msa,AL,2015,0.1884030174272265,0.3135795735888043,46220,10412405.0,34052.0
3034,395171,188,"Tuscaloosa, AL",msa,AL,2016,0.180119974168319,0.279479062419889,46220,10737656.0,34122.0
3035,395171,188,"Tuscaloosa, AL",msa,AL,2017,0.1807414330062481,0.2636327945872218,46220,11192692.0,35202.0
3036,395171,188,"Tuscaloosa, AL",msa,AL,2018,0.1903620593651498,0.2621627890905552,46220,11222678.0,36046.0
3037,395171,188,"Tuscaloosa, AL",msa,AL,2019,0.1845122082837664,0.2643647122718624,46220,11857819.0,37387.0
3038,395171,188,"Tuscaloosa, AL",msa,AL,2020,0.1765533899382419,0.2689946978755004,46220,11217155.0,39536.0
3039,395171,188,"Tuscaloosa, AL",msa,AL,2021,0.1808875173019735,0.2686791378602134,46220,11335223.0,41586.0
3040,395171,188,"Tuscaloosa, AL",msa,AL,2022,0.2365438557678519,0.2851560935233086,46220,11264005.0,42157.0
3041,395171,188,"Tuscaloosa, AL",msa,AL,2023,0.2694057780415182,0.297577497909626,46220,11646516.0,44281.0
3042,395173,361,"Twin Falls, ID",msa,ID,2015,0.2035959032855279,0.1689705309443647,46300,4301725.0,35842.0
3043,395173,361,"Twin Falls, ID",msa,ID,2016,0.2023835357988922,0.1721577137371701,46300,4557275.0,36100.0
3044,395173,361,"Twin Falls, ID",msa,ID,2017,0.214964937243267,0.1709384157271139,46300,4697778.0,36742.0
3045,395173,361,"Twin Falls, ID",msa,ID,2018,0.2333555800220967,0.1697028137885444,46300,4880650.0,37679.0
3046,395173,361,"Twin Falls, ID",msa,ID,2019,0.237625012115087,0.1618245798322934,46300,4990552.0,39415.0
3047,395173,361,"Twin Falls, ID",msa,ID,2020,0.236209445394297,0.1615979429205048,46300,5115593.0,42955.0
3048,395173,361,"Twin Falls, ID",msa,ID,2021,0.2796195495339378,0.1757115551659266,46300,5413251.0,47126.0
3049,395173,361,"Twin Falls, ID",msa,ID,2022,0.3884588555148978,0.2606692809692386,46300,5610668.0,49739.0
3050,395173,361,"Twin Falls, ID",msa,ID,2023,0.3973589560516715,0.2624450794956042,46300,5822485.0,50877.0
3051,395174,201,"Tyler, TX",msa,TX,2015,0.2145955992918651,0.1935795347287949,46340,10590541.0,47055.0
3052,395174,201,"Tyler, TX",msa,TX,2016,0.2081204410932617,0.2218461518435061,46340,10494794.0,45829.0
3053,395174,201,"Tyler, TX",msa,TX,2017,0.2166494652437428,0.2322499136519047,46340,10500988.0,51937.0
3054,395174,201,"Tyler, TX",msa,TX,2018,0.2266572875155445,0.2274157147646226,46340,11028005.0,55235.0
3055,395174,201,"Tyler, TX",msa,TX,2019,0.2146841961170019,0.2254224557223868,46340,11480649.0,55403.0
3056,395174,201,"Tyler, TX",msa,TX,2020,0.2059596502668909,0.222117666487983,46340,11180499.0,55090.0
3057,395174,201,"Tyler, TX",msa,TX,2021,0.2113966211588673,0.2331694053928602,46340,11726815.0,62358.0
3058,395174,201,"Tyler, TX",msa,TX,2022,0.2733718414135265,0.2433862063698683,46340,11990618.0,65495.0
3059,395174,201,"Tyler, TX",msa,TX,2023,0.299505708653822,0.2376397724034056,46340,12494743.0,66887.0
3060,395179,169,"Utica, NY",msa,NY,2015,0.1791008930956519,0.1971386515518094,46540,12316169.0,38717.0
3061,395179,169,"Utica, NY",msa,NY,2016,0.2060222562560314,0.1979397470278873,46540,12466017.0,39451.0
3062,395179,169,"Utica, NY",msa,NY,2017,0.1850868843486421,0.2009616579971953,46540,12412079.0,41560.0
3063,395179,169,"Utica, NY",msa,NY,2018,0.1591494595287766,0.199727681408217,46540,12588500.0,42644.0
3064,395179,169,"Utica, NY",msa,NY,2019,0.2342021766182355,0.1987018489866025,46540,12881187.0,44968.0
3065,395179,169,"Utica, NY",msa,NY,2020,0.2215024143396004,0.1985453160771744,46540,12702894.0,49345.0
3066,395179,169,"Utica, NY",msa,NY,2021,0.2316235856660998,0.2035892465442814,46540,12788177.0,52374.0
3067,395179,169,"Utica, NY",msa,NY,2022,0.3054756482415972,0.2184294404469871,46540,12917922.0,52291.0
3068,395179,169,"Utica, NY",msa,NY,2023,0.3421817647587664,0.240746816558916,46540,13254336.0,55237.0
3069,395182,300,"Valdosta, GA",msa,GA,2015,0.2126331603974812,0.1898493867250492,46660,5220000.0,32530.0
3070,395182,300,"Valdosta, GA",msa,GA,2016,0.2060129521301607,0.1890541049253852,46660,5322392.0,33299.0
3071,395182,300,"Valdosta, GA",msa,GA,2017,0.2115581306867306,0.1900956068587428,46660,5414001.0,34388.0
3072,395182,300,"Valdosta, GA",msa,GA,2018,0.2216361684318048,0.2356170282344104,46660,5518372.0,35732.0
3073,395182,300,"Valdosta, GA",msa,GA,2019,0.2088643607106273,0.2417140054246277,46660,5700461.0,36699.0
3074,395182,300,"Valdosta, GA",msa,GA,2020,0.1960653834465944,0.2539978879065815,46660,5715077.0,40268.0
3075,395182,300,"Valdosta, GA",msa,GA,2021,0.2050818216386614,0.2648701097197874,46660,5937191.0,43066.0
3076,395182,300,"Valdosta, GA",msa,GA,2022,0.2640855231976672,0.2862838740922502,46660,5885228.0,42527.0
3077,395182,300,"Valdosta, GA",msa,GA,2023,0.2878839127374955,0.2679574842861444,46660,5989102.0,44231.0
3078,395183,123,"Vallejo, CA",msa,CA,2015,0.2884273700554512,0.2485709601959188,46700,22077408.0,43584.0
3079,395183,123,"Vallejo, CA",msa,CA,2016,0.2977143188051211,0.2581157919827772,46700,22614551.0,45437.0
3080,395183,123,"Vallejo, CA",msa,CA,2017,0.3131952793519583,0.2611991799427333,46700,22725056.0,46639.0
3081,395183,123,"Vallejo, CA",msa,CA,2018,0.3376090710267978,0.2643291466382327,46700,25846912.0,48563.0
3082,395183,123,"Vallejo, CA",msa,CA,2019,0.3248453994014367,0.2718322967631656,46700,30908999.0,51607.0
3083,395183,123,"Vallejo, CA",msa,CA,2020,0.3099876539994253,0.2791081369851281,46700,31087660.0,58642.0
3084,395183,123,"Vallejo, CA",msa,CA,2021,0.3349559997736454,0.2936210952265047,46700,31835259.0,59755.0
3085,395183,123,"Vallejo, CA",msa,CA,2022,0.4363167825914937,0.2967487183949491,46700,29623911.0,61019.0
3086,395183,123,"Vallejo, CA",msa,CA,2023,0.4456346946133762,0.279446143224745,46700,29643413.0,64514.0
3087,395190,400,"Victoria, TX",msa,TX,2015,0.1807418236805746,0.1958114669294362,47020,5077160.0,45555.0
3088,395190,400,"Victoria, TX",msa,TX,2016,0.2108772247247904,0.2022896605390378,47020,4618975.0,42230.0
3089,395190,400,"Victoria, TX",msa,TX,2017,0.2231068519403634,0.19987496546639,47020,4562994.0,44693.0
3090,395190,400,"Victoria, TX",msa,TX,2018,0.2320221840475357,0.1948828129237912,47020,4866382.0,47684.0
3091,395190,400,"Victoria, TX",msa,TX,2019,0.2335882248308548,0.1956292114435887,47020,4764283.0,51867.0
3092,395190,400,"Victoria, TX",msa,TX,2020,0.2230151374572851,0.2017919331094654,47020,4552296.0,53075.0
3093,395190,400,"Victoria, TX",msa,TX,2021,0.2127616972457813,0.2048686864967119,47020,4775380.0,57243.0
3094,395190,400,"Victoria, TX",msa,TX,2022,0.2564166625548535,0.2079748173405717,47020,4943353.0,56092.0
3095,395190,400,"Victoria, TX",msa,TX,2023,0.2654643122240513,0.2048224225039402,47020,5140527.0,59170.0
3096,395193,278,"Vineland, NJ",msa,NJ,2015,0.2489054869994524,0.1499205224095935,47220,6272462.0,35298.0
3097,395193,278,"Vineland, NJ",msa,NJ,2016,0.2413873626819702,0.1481749753552934,47220,6426679.0,35756.0
3098,395193,278,"Vineland, NJ",msa,NJ,2017,0.2465496177435423,0.1504394963533729,47220,6267992.0,36939.0
3099,395193,278,"Vineland, NJ",msa,NJ,2018,0.2460363585428321,0.1554764801316136,47220,6439811.0,37800.0
3100,395193,278,"Vineland, NJ",msa,NJ,2019,0.2297780868154758,0.1597025226884021,47220,6459887.0,40050.0
3101,395193,278,"Vineland, NJ",msa,NJ,2020,0.2246525497448235,0.1635018849742966,47220,6198307.0,43847.0
3102,395193,278,"Vineland, NJ",msa,NJ,2021,0.2297209186406067,0.1775826981643046,47220,6488473.0,48387.0
3103,395193,278,"Vineland, NJ",msa,NJ,2022,0.2882512300941577,0.1859884680203822,47220,6408565.0,47815.0
3104,395193,278,"Vineland, NJ",msa,NJ,2023,0.3227322368837952,0.2065098110676476,47220,6438499.0,49367.0
3105,395194,38,"Virginia Beach, VA",msa,VA,2015,0.2356018412298901,0.2190506676693196,47260,93227484.0,45065.0
3106,395194,38,"Virginia Beach, VA",msa,VA,2016,0.2303882674558688,0.2149542208021934,47260,94274416.0,46133.0
3107,395194,38,"Virginia Beach, VA",msa,VA,2017,0.2359042287878174,0.2136617928339676,47260,94944863.0,47359.0
3108,395194,38,"Virginia Beach, VA",msa,VA,2018,0.2464112931367188,0.2133181799643309,47260,93851780.0,47483.0
3109,395194,38,"Virginia Beach, VA",msa,VA,2019,0.2347831572459111,0.2165440530622732,47260,94944137.0,49085.0
3110,395194,38,"Virginia Beach, VA",msa,VA,2020,0.2253402552786668,0.2185162742713214,47260,94260467.0,52346.0
3111,395194,38,"Virginia Beach, VA",msa,VA,2021,0.2340294663328212,0.2372748478842443,47260,99010949.0,56873.0
3112,395194,38,"Virginia Beach, VA",msa,VA,2022,0.2972307880956329,0.2466999491240832,47260,100855222.0,58611.0
3113,395194,38,"Virginia Beach, VA",msa,VA,2023,0.3320968755249481,0.2455629717270941,47260,104035162.0,62575.0
3114,395195,119,"Visalia, CA",msa,CA,2015,0.2480080305903202,0.2747996790164972,47300,15809561.0,35549.0
3115,395195,119,"Visalia, CA",msa,CA,2016,0.2496708220556391,0.2777253194477949,47300,16806339.0,37118.0
3116,395195,119,"Visalia, CA",msa,CA,2017,0.2710416538503173,0.2795981987610581,47300,17426838.0,37977.0
3117,395195,119,"Visalia, CA",msa,CA,2018,0.2830764187407473,0.2703389556717137,47300,17686115.0,38064.0
3118,395195,119,"Visalia, CA",msa,CA,2019,0.2578472303604229,0.2563606507050625,47300,18480075.0,39837.0
3119,395195,119,"Visalia, CA",msa,CA,2020,0.2414342967637901,0.2578071552391569,47300,18062395.0,45486.0
3120,395195,119,"Visalia, CA",msa,CA,2021,0.2590198346314029,0.2837958323215347,47300,18345174.0,49064.0
3121,395195,119,"Visalia, CA",msa,CA,2022,0.3309256904405418,0.2915065161648354,47300,18399182.0,46995.0
3122,395195,119,"Visalia, CA",msa,CA,2023,0.3495367640638802,0.2763317117841373,47300,18824792.0,48253.0
3123,395197,178,"Waco, TX",msa,TX,2015,0.2049608581679765,0.2430768399345292,47380,11973872.0,37200.0
3124,395197,178,"Waco, TX",msa,TX,2016,0.2082034397906043,0.2461590050692213,47380,12131674.0,37884.0
3125,395197,178,"Waco, TX",msa,TX,2017,0.2319543363187535,0.2527910435294224,47380,12732714.0,39229.0
3126,395197,178,"Waco, TX",msa,TX,2018,0.2534161340692916,0.255021266133422,47380,13262378.0,40751.0
3127,395197,178,"Waco, TX",msa,TX,2019,0.2369806418631671,0.2486438370020729,47380,13018332.0,41725.0
3128,395197,178,"Waco, TX",msa,TX,2020,0.1963928117798676,0.2412272909389728,47380,12660474.0,45169.0
3129,395197,178,"Waco, TX",msa,TX,2021,0.2265729117050383,0.2400343202331839,47380,13393610.0,49248.0
3130,395197,178,"Waco, TX",msa,TX,2022,0.2997262493746146,0.2589806860394656,47380,13921913.0,50431.0
3131,395197,178,"Waco, TX",msa,TX,2023,0.3276338194645108,0.2624998714088761,47380,14554870.0,53528.0
3132,395199,525,"Walla Walla, WA",msa,WA,2015,0.2549743359491496,0.2600821366044489,47460,3150416.0,39847.0
3133,395199,525,"Walla Walla, WA",msa,WA,2016,0.2572660179916102,0.1760347446520297,47460,3345376.0,40457.0
3134,395199,525,"Walla Walla, WA",msa,WA,2017,0.2667858216794528,0.1614451551992232,47460,3407116.0,41789.0
3135,395199,525,"Walla Walla, WA",msa,WA,2018,0.2875491621551085,0.1593592033077201,47460,3451733.0,43341.0
3136,395199,525,"Walla Walla, WA",msa,WA,2019,0.2775137009824153,0.1642869827928802,47460,3468184.0,45971.0
3137,395199,525,"Walla Walla, WA",msa,WA,2020,0.2666821221884067,0.1698621670956855,47460,3236220.0,49810.0
3138,395199,525,"Walla Walla, WA",msa,WA,2021,0.2930163184243295,0.1734217933068721,47460,3298278.0,54678.0
3139,395199,525,"Walla Walla, WA",msa,WA,2022,0.3798571092127581,0.2350803320833147,47460,3326236.0,54862.0
3140,395199,525,"Walla Walla, WA",msa,WA,2023,0.406663714330977,0.2408629329866094,47460,3452245.0,56420.0
3141,395202,234,"Warner Robins, GA",msa,GA,2015,0.1648166507201144,0.2061684299789271,47580,7330785.0,38391.0
3142,395202,234,"Warner Robins, GA",msa,GA,2016,0.1443453765886578,0.1942766510281378,47580,7443202.0,38755.0
3143,395202,234,"Warner Robins, GA",msa,GA,2017,0.1507333255906728,0.1977383936850487,47580,7641333.0,39964.0
3144,395202,234,"Warner Robins, GA",msa,GA,2018,0.1934453006939436,0.2129069743478669,47580,7759664.0,40889.0
3145,395202,234,"Warner Robins, GA",msa,GA,2019,0.1833341981096783,0.2115983048480358,47580,8016182.0,42157.0
3146,395202,234,"Warner Robins, GA",msa,GA,2020,0.1697085225901044,0.2129218887446129,47580,7957684.0,44841.0
3147,395202,234,"Warner Robins, GA",msa,GA,2021,0.1786086790638007,0.2318380108733979,47580,8299243.0,48770.0
3148,395202,234,"Warner Robins, GA",msa,GA,2022,0.239606712319323,0.2548710255019007,47580,8464496.0,47938.0
3149,395202,234,"Warner Robins, GA",msa,GA,2023,0.2808998702446084,0.264805186250208,47580,8550464.0,49649.0
3150,395209,6,"Washington, DC",msa,VA,2015,0.2531293287476577,0.2202248362898101,47900,503821044.0,64466.0
3151,395209,6,"Washington, DC",msa,VA,2016,0.2481183147519146,0.2175119953163774,47900,516612131.0,66178.0
3152,395209,6,"Washington, DC",msa,VA,2017,0.2554080192494588,0.2158109292201879,47900,528925008.0,67886.0
3153,395209,6,"Washington, DC",msa,VA,2018,0.2684949821914816,0.2145030390314231,47900,542396309.0,70243.0
3154,395209,6,"Washington, DC",msa,VA,2019,0.2530332450964814,0.2127388637909648,47900,551941964.0,72207.0
3155,395209,6,"Washington, DC",msa,VA,2020,0.2375910985708222,0.2066945338036967,47900,543360105.0,75229.0
3156,395209,6,"Washington, DC",msa,VA,2021,0.2471632605693279,0.2066006349452031,47900,571124614.0,81121.0
3157,395209,6,"Washington, DC",msa,VA,2022,0.3104153908851391,0.2127165792751831,47900,584190663.0,84517.0
3158,395209,6,"Washington, DC",msa,VA,2023,0.340606412945184,0.2117353078074973,47900,600169021.0,89396.0
3159,395210,261,"Waterloo, IA",msa,IA,2015,0.1782890477116318,0.205218526510392,47940,10355729.0,41463.0
3160,395210,261,"Waterloo, IA",msa,IA,2016,0.1792980251275741,0.1871510791695596,47940,9364859.0,41657.0
3161,395210,261,"Waterloo, IA",msa,IA,2017,0.1813983408553057,0.1890810276292343,47940,9420056.0,42978.0
3162,395210,261,"Waterloo, IA",msa,IA,2018,0.1832784738673269,0.1828119550288963,47940,9586012.0,45565.0
3163,395210,261,"Waterloo, IA",msa,IA,2019,0.1758707227570419,0.1810830897839683,47940,9486575.0,46285.0
3164,395210,261,"Waterloo, IA",msa,IA,2020,0.1639054577029485,0.1788840297293362,47940,9260573.0,50157.0
3165,395210,261,"Waterloo, IA",msa,IA,2021,0.1655563573502211,0.1853466627091859,47940,9902569.0,53972.0
3166,395210,261,"Waterloo, IA",msa,IA,2022,0.2094487970214542,0.1912663622767738,47940,9822426.0,55528.0
3167,395210,261,"Waterloo, IA",msa,IA,2023,0.2484354810437362,0.203171401030359,47940,9730511.0,57114.0
3168,395213,351,"Watertown, NY",msa,NY,2015,0.1792525769872649,0.1944050809345671,48060,6672802.0,41595.0
3169,395213,351,"Watertown, NY",msa,NY,2016,0.1763659381566121,0.1915946944841643,48060,6541691.0,41955.0
3170,395213,351,"Watertown, NY",msa,NY,2017,0.217215294557591,0.2064758781205934,48060,6422238.0,42976.0
3171,395213,351,"Watertown, NY",msa,NY,2018,0.2283145253847918,0.2024837294522161,48060,6376427.0,43567.0
3172,395213,351,"Watertown, NY",msa,NY,2019,0.191954471631818,0.198855576248338,48060,6351089.0,45633.0
3173,395213,351,"Watertown, NY",msa,NY,2020,0.1797714092574529,0.2036867846309338,48060,6203153.0,50371.0
3174,395213,351,"Watertown, NY",msa,NY,2021,0.1867346557463527,0.2189957396061082,48060,6382491.0,52862.0
3175,395213,351,"Watertown, NY",msa,NY,2022,0.2348280055276102,0.2224405742226672,48060,6402269.0,53146.0
3176,395213,351,"Watertown, NY",msa,NY,2023,0.2645325466942053,0.2259316526324727,48060,6434562.0,54926.0
3177,395215,266,"Wausau, WI",msa,WI,2015,0.1756905147946082,0.2332945186856135,48140,9716265.0,43957.0
3178,395215,266,"Wausau, WI",msa,WI,2016,0.1730786625269457,0.2401811916705311,48140,10047503.0,44880.0
3179,395215,266,"Wausau, WI",msa,WI,2017,0.1768784140291457,0.242928932467679,48140,9711554.0,46317.0
3180,395215,266,"Wausau, WI",msa,WI,2018,0.1828479200445861,0.2506007192065306,48140,9907300.0,48541.0
3181,395215,266,"Wausau, WI",msa,WI,2019,0.1770473221920601,0.2701251587583359,48140,10362011.0,50683.0
3182,395215,266,"Wausau, WI",msa,WI,2020,0.1679296289955364,0.2875896849380993,48140,9807478.0,53590.0
3183,395215,266,"Wausau, WI",msa,WI,2021,0.1729760311062835,0.3779289847310002,48140,10088132.0,58053.0
3184,395215,266,"Wausau, WI",msa,WI,2022,0.2148215330980054,0.1708389169794481,48140,10163052.0,59273.0
3185,395215,266,"Wausau, WI",msa,WI,2023,0.2451771749767943,0.1538151775010213,48140,10046887.0,61617.0
3186,395217,353,"Weirton, WV",msa,OH,2015,0.119408746210745,0.1981598729618658,48260,6423583.0,36250.0
3187,395217,353,"Weirton, WV",msa,OH,2016,0.1190216923926935,0.1940381178707575,48260,5189392.0,36156.0
3188,395217,353,"Weirton, WV",msa,OH,2017,0.125341110629553,0.1943137232488655,48260,5267564.0,37847.0
3189,395217,353,"Weirton, WV",msa,OH,2018,0.1324399943527702,0.1880976358887368,48260,5307538.0,39698.0
3190,395217,353,"Weirton, WV",msa,OH,2019,0.1247017253494243,0.1856279225056411,48260,5879753.0,41318.0
3191,395217,353,"Weirton, WV",msa,OH,2020,0.1270140220418305,0.1891007752904373,48260,5932479.0,44286.0
3192,395217,353,"Weirton, WV",msa,OH,2021,0.1342195630103514,0.2114975545538317,48260,5891084.0,47824.0
3193,395217,353,"Weirton, WV",msa,OH,2022,0.1623585253027793,0.1827468166390648,48260,5487827.0,48594.0
3194,395217,353,"Weirton, WV",msa,OH,2023,0.187590689393369,0.1582226271637878,48260,6041066.0,50649.0
3195,395218,345,"Wenatchee, WA",msa,WA,2015,0.2872176217869566,0.1868954968799696,48300,5977015.0,42410.0
3196,395218,345,"Wenatchee, WA",msa,WA,2016,0.2875225227427809,0.1850742567928156,48300,6148528.0,44101.0
3197,395218,345,"Wenatchee, WA",msa,WA,2017,0.3136540442434739,0.2198794191772323,48300,6353998.0,45887.0
3198,395218,345,"Wenatchee, WA",msa,WA,2018,0.335428285217074,0.2189918693648947,48300,6436263.0,47364.0
3199,395218,345,"Wenatchee, WA",msa,WA,2019,0.1894258076657468,0.2189531411317153,48300,6508657.0,49384.0
3200,395218,345,"Wenatchee, WA",msa,WA,2020,0.3317569852571495,0.2180430220582376,48300,6433776.0,53820.0
3201,395218,345,"Wenatchee, WA",msa,WA,2021,0.3348364672906958,0.2538286643262133,48300,6756339.0,57722.0
3202,395218,345,"Wenatchee, WA",msa,WA,2022,0.436537265280911,0.2757655823462783,48300,7090522.0,58989.0
3203,395218,345,"Wenatchee, WA",msa,WA,2023,0.5018183335813704,0.2888112665633847,48300,7383005.0,62458.0
3204,395221,309,"Wheeling, WV",msa,OH,2015,0.1493712148037814,0.225217762806048,48540,8450955.0,39914.0
3205,395221,309,"Wheeling, WV",msa,OH,2016,0.1409230805179745,0.2333438288639168,48540,8864096.0,40602.0
3206,395221,309,"Wheeling, WV",msa,OH,2017,0.1438514138005311,0.2391267823453376,48540,9583402.0,44772.0
3207,395221,309,"Wheeling, WV",msa,OH,2018,0.1500670434063008,0.2048548709910229,48540,9651377.0,47859.0
3208,395221,309,"Wheeling, WV",msa,OH,2019,0.143230179568242,0.1861537983651639,48540,9708631.0,47365.0
3209,395221,309,"Wheeling, WV",msa,OH,2020,0.1419297899491195,0.18493849196668,48540,9356233.0,47143.0
3210,395221,309,"Wheeling, WV",msa,OH,2021,0.1480411797265919,0.1837988521981804,48540,8936748.0,51555.0
3211,395221,309,"Wheeling, WV",msa,OH,2022,0.1740515572167623,0.1806171525156904,48540,8537627.0,53481.0
3212,395221,309,"Wheeling, WV",msa,OH,2023,0.1840391869938233,0.1806337870853861,48540,9453051.0,56458.0
3213,395223,298,"Wichita Falls, TX",msa,TX,2015,0.1660958515155897,0.1792649993366518,48660,5966578.0,41071.0
3214,395223,298,"Wichita Falls, TX",msa,TX,2016,0.1656958477156028,0.1813937040753705,48660,5909754.0,40291.0
3215,395223,298,"Wichita Falls, TX",msa,TX,2017,0.1681378266905856,0.1821033328322714,48660,5924040.0,41933.0
3216,395223,298,"Wichita Falls, TX",msa,TX,2018,0.1733860723276133,0.1801490586523647,48660,6051825.0,43799.0
3217,395223,298,"Wichita Falls, TX",msa,TX,2019,0.1658183039039003,0.1769894168729689,48660,6269765.0,45091.0
3218,395223,298,"Wichita Falls, TX",msa,TX,2020,0.16243925553934,0.1835060422784568,48660,6169249.0,47577.0
3219,395223,298,"Wichita Falls, TX",msa,TX,2021,0.176413198720663,0.1984792586996276,48660,6233568.0,50624.0
3220,395223,298,"Wichita Falls, TX",msa,TX,2022,0.219759033924903,0.2087731269370722,48660,6388643.0,53342.0
3221,395223,298,"Wichita Falls, TX",msa,TX,2023,0.2268184737043854,0.2060813422126321,48660,6653525.0,56148.0
3222,395224,94,"Wichita, KS",msa,KS,2015,0.162549488563395,0.172434877375799,48620,33021688.0,46313.0
3223,395224,94,"Wichita, KS",msa,KS,2016,0.1501104920038246,0.172088457817012,48620,35743386.0,45493.0
3224,395224,94,"Wichita, KS",msa,KS,2017,0.1671688720691749,0.1695060626851722,48620,35871059.0,47525.0
3225,395224,94,"Wichita, KS",msa,KS,2018,0.1748260584500386,0.1667918292432976,48620,35828911.0,49180.0
3226,395224,94,"Wichita, KS",msa,KS,2019,0.1683514097556062,0.1652205013398347,48620,35772774.0,50964.0
3227,395224,94,"Wichita, KS",msa,KS,2020,0.1665792407157037,0.1681337866812259,48620,34727312.0,52192.0
3228,395224,94,"Wichita, KS",msa,KS,2021,0.1725848579849151,0.1751644341550814,48620,35694058.0,56548.0
3229,395224,94,"Wichita, KS",msa,KS,2022,0.2218259934469426,0.1836440419405114,48620,36717557.0,57170.0
3230,395224,94,"Wichita, KS",msa,KS,2023,0.2568490981501121,0.1884115357001265,48620,37745472.0,60375.0
3231,395225,359,"Williamsport, PA",msa,PA,2015,0.2156496367077506,0.1813972261568249,48700,6098615.0,39776.0
3232,395225,359,"Williamsport, PA",msa,PA,2016,0.2099899481732579,0.1813985600679238,48700,5732573.0,39356.0
3233,395225,359,"Williamsport, PA",msa,PA,2017,0.213992183692871,0.1778561077614689,48700,5836494.0,40677.0
3234,395225,359,"Williamsport, PA",msa,PA,2018,0.2229070420132494,0.1741835239159255,48700,5801131.0,42349.0
3235,395225,359,"Williamsport, PA",msa,PA,2019,0.1787692542711115,0.1687003861530931,48700,5782587.0,43951.0
3236,395225,359,"Williamsport, PA",msa,PA,2020,0.1981820438988832,0.1696818740003785,48700,5639484.0,47994.0
3237,395225,359,"Williamsport, PA",msa,PA,2021,0.1954231555174781,0.1938715429645888,48700,5672765.0,50449.0
3238,395225,359,"Williamsport, PA",msa,PA,2022,0.2452708853804887,0.2971623984704384,48700,5643658.0,50940.0
3239,395225,359,"Williamsport, PA",msa,PA,2023,0.2778544427141449,0.2258838211247196,48700,6008865.0,53630.0
3240,395229,174,"Wilmington, NC",msa,NC,2015,0.2579002957214662,0.2193419601373168,48900,13293236.0,41092.0
3241,395229,174,"Wilmington, NC",msa,NC,2016,0.2589271408209473,0.2223178056074038,48900,13971573.0,42223.0
3242,395229,174,"Wilmington, NC",msa,NC,2017,0.2792369524791623,0.2337381620082236,48900,14061718.0,43210.0
3243,395229,174,"Wilmington, NC",msa,NC,2018,0.2936214757074052,0.2357784958757452,48900,14486767.0,45796.0
3244,395229,174,"Wilmington, NC",msa,NC,2019,0.2719666581233455,0.2410243937182734,48900,15096830.0,48630.0
3245,395229,174,"Wilmington, NC",msa,NC,2020,0.2466393029257166,0.2360202687117278,48900,15117555.0,51808.0
3246,395229,174,"Wilmington, NC",msa,NC,2021,0.2616933184276476,0.2464780901865451,48900,16508174.0,57786.0
3247,395229,174,"Wilmington, NC",msa,NC,2022,0.3484823035972262,0.2679385326217473,48900,17106912.0,59442.0
3248,395229,174,"Wilmington, NC",msa,NC,2023,0.3960294951583701,0.261739657737945,48900,17709551.0,62278.0
3249,395232,308,"Winchester, VA",msa,VA,2015,0.2128655253305812,0.2268947425844406,49020,6724606.0,42664.0
3250,395232,308,"Winchester, VA",msa,VA,2016,0.2035349065882879,0.2158655079004368,49020,6848359.0,44484.0
3251,395232,308,"Winchester, VA",msa,VA,2017,0.2156109327688052,0.2180685659513928,49020,6864875.0,45903.0
3252,395232,308,"Winchester, VA",msa,VA,2018,0.2178398975672971,0.2103510876053044,49020,7003310.0,47100.0
3253,395232,308,"Winchester, VA",msa,VA,2019,0.2248446109567939,0.2116299057681317,49020,7191190.0,49693.0
3254,395232,308,"Winchester, VA",msa,VA,2020,0.1969629733794328,0.2156680982896053,49020,7284895.0,52674.0
3255,395232,308,"Winchester, VA",msa,VA,2021,0.2024052555958976,0.2298878141010749,49020,7737231.0,57829.0
3256,395232,308,"Winchester, VA",msa,VA,2022,0.2755786382091851,0.2472293507019044,49020,7672690.0,58837.0
3257,395232,308,"Winchester, VA",msa,VA,2023,0.3209242747891905,0.253671330273107,49020,7845028.0,62115.0
3258,395235,89,"Winston, NC",msa,NC,2015,0.1949176784305011,0.2296817763517668,49180,33546614.0,40557.0
3259,395235,89,"Winston, NC",msa,NC,2016,0.1902935052965166,0.2271765932533107,49180,34009247.0,41190.0
3260,395235,89,"Winston, NC",msa,NC,2017,0.1913418785812025,0.2307925401664865,49180,34907504.0,42962.0
3261,395235,89,"Winston, NC",msa,NC,2018,0.2078645390561979,0.2337729825847375,49180,34182092.0,43734.0
3262,395235,89,"Winston, NC",msa,NC,2019,0.2076120251387748,0.2354667391466428,49180,34653735.0,45830.0
3263,395235,89,"Winston, NC",msa,NC,2020,0.1912561877189976,0.2373502670073597,49180,32582177.0,48649.0
3264,395235,89,"Winston, NC",msa,NC,2021,0.2051555680625781,0.2530589870554631,49180,34818077.0,53449.0
3265,395235,89,"Winston, NC",msa,NC,2022,0.2667618358666505,0.2688551568146896,49180,35694326.0,54744.0
3266,395235,89,"Winston, NC",msa,NC,2023,0.3007107416936282,0.2689978152622814,49180,36147059.0,57101.0
3267,395238,58,"Worcester, MA",msa,MA,2015,0.244558313652303,0.1946721491839646,49340,46994000.0,48644.0
3268,395238,58,"Worcester, MA",msa,MA,2016,0.2456574686164854,0.199563321527856,49340,47346518.0,49934.0
3269,395238,58,"Worcester, MA",msa,MA,2017,0.2589733702043044,0.2044417687045802,49340,47239000.0,51161.0
3270,395238,58,"Worcester, MA",msa,MA,2018,0.27484919324214,0.2082891986212372,49340,48099536.0,52815.0
3271,395238,58,"Worcester, MA",msa,MA,2019,0.2663982177284472,0.2159569142018322,49340,48877600.0,55314.0
3272,395238,58,"Worcester, MA",msa,MA,2020,0.2529136011844011,0.2188606199104505,49340,48191472.0,60161.0
3273,395238,58,"Worcester, MA",msa,MA,2021,0.272086490654543,0.2301332011029748,49340,50744516.0,63348.0
3274,395238,58,"Worcester, MA",msa,MA,2022,0.3391123155524734,0.2429355855842636,49340,51660159.0,65083.0
3275,395238,58,"Worcester, MA",msa,MA,2023,0.3797832645808137,0.2470798136989119,49340,51932240.0,67810.0
3276,395240,193,"Yakima, WA",msa,WA,2015,0.2234458928266908,0.1812205718671257,49420,9379033.0,37551.0
3277,395240,193,"Yakima, WA",msa,WA,2016,0.2275714632654949,0.1857382479706233,49420,9808128.0,38147.0
3278,395240,193,"Yakima, WA",msa,WA,2017,0.2414082496298458,0.1882092357778036,49420,9986455.0,39253.0
3279,395240,193,"Yakima, WA",msa,WA,2018,0.2613572842823,0.1861220009045934,49420,10545549.0,40540.0
3280,395240,193,"Yakima, WA",msa,WA,2019,0.2559434852909557,0.1849652960322111,49420,10709021.0,42775.0
3281,395240,193,"Yakima, WA",msa,WA,2020,0.2269677664987068,0.1814354805732717,49420,10564211.0,46180.0
3282,395240,193,"Yakima, WA",msa,WA,2021,0.2773295112522316,0.1811546522962311,49420,10723423.0,49918.0
3283,395240,193,"Yakima, WA",msa,WA,2022,0.3479019123032073,0.2194834957093143,49420,10405785.0,49680.0
3284,395240,193,"Yakima, WA",msa,WA,2023,0.371119945951479,0.2144358421333452,49420,10394964.0,51488.0
3285,395244,122,"York, PA",msa,PA,2015,0.2906477665926272,0.1615299944795871,35620,1651986502.0,62867.0
3286,395244,122,"York, PA",msa,PA,2016,0.165665989953801,0.1599276883492034,35620,1680298739.0,64880.0
3287,395244,122,"York, PA",msa,PA,2017,0.1626679437858914,0.1597489500432339,35620,1714074302.0,68616.0
3288,395244,122,"York, PA",msa,PA,2018,0.2198130485765831,0.1602288965568115,35620,1766287427.0,71168.0
3289,395244,122,"York, PA",msa,PA,2019,0.2093531177932653,0.1612414483523403,35620,1801108140.0,73834.0
3290,395244,122,"York, PA",msa,PA,2020,0.1985009923133367,0.1621292943481497,35620,1744691761.0,77174.0
3291,395244,122,"York, PA",msa,PA,2021,0.201926186559031,0.1676509702219962,35620,1834472543.0,83995.0
3292,395244,122,"York, PA",msa,PA,2022,0.2480855722389048,0.1739608871827947,35620,1875061603.0,86058.0
3293,395244,122,"York, PA",msa,PA,2023,0.2842038339214972,0.1775184098533035,35620,1905237359.0,91448.0
3294,395245,106,"Youngstown, OH",msa,OH,2015,0.1453164062770359,0.1753445248616836,49660,21185746.0,38135.0
3295,395245,106,"Youngstown, OH",msa,OH,2016,0.1445103923705231,0.1731516326608713,49660,20976449.0,38553.0
3296,395245,106,"Youngstown, OH",msa,OH,2017,0.1478549869967574,0.1683665387358393,49660,20570339.0,39502.0
3297,395245,106,"Youngstown, OH",msa,OH,2018,0.1560360197955793,0.1697439993871378,49660,20514155.0,40901.0
3298,395245,106,"Youngstown, OH",msa,OH,2019,0.1494867110093017,0.1693122706976076,49660,20862916.0,41879.0
3299,395245,106,"Youngstown, OH",msa,OH,2020,0.1437884510988754,0.1722861704947844,49660,19726161.0,45370.0
3300,395245,106,"Youngstown, OH",msa,OH,2021,0.150305580791666,0.1849495097047832,49660,20419652.0,48878.0
3301,395245,106,"Youngstown, OH",msa,OH,2022,0.1905599892646253,0.194138170740685,49660,20467457.0,49271.0
3302,395245,106,"Youngstown, OH",msa,OH,2023,0.2226710928996237,0.2029922172839739,49660,20882528.0,51869.0
3303,395246,247,"Yuba City, CA",msa,CA,2015,0.2689637613837117,0.2357826246095959,49700,6083081.0,37985.0
3304,395246,247,"Yuba City, CA",msa,CA,2016,0.2676765053438668,0.2473012115984572,49700,6272206.0,38901.0
3305,395246,247,"Yuba City, CA",msa,CA,2017,0.2958463789945211,0.2597610944546207,49700,6342091.0,39178.0
3306,395246,247,"Yuba City, CA",msa,CA,2018,0.3172441519318613,0.2606465557996067,49700,6679728.0,40945.0
3307,395246,247,"Yuba City, CA",msa,CA,2019,0.3105254491671771,0.2758880659105445,49700,6790279.0,42693.0
3308,395246,247,"Yuba City, CA",msa,CA,2020,0.2996410350949082,0.2865080227768058,49700,6774428.0,47642.0
3309,395246,247,"Yuba City, CA",msa,CA,2021,0.3359899652602761,0.3238646726162631,49700,7104667.0,51568.0
3310,395246,247,"Yuba City, CA",msa,CA,2022,0.4256352949957789,0.3224994250250791,49700,7135225.0,50207.0
3311,395246,247,"Yuba City, CA",msa,CA,2023,0.4184993084882701,0.2934374521688976,49700,7287657.0,52354.0
3312,395247,225,"Yuma, AZ",msa,AZ,2015,0.198178699190434,0.2039377842602677,49740,6925399.0,31989.0
3313,395247,225,"Yuma, AZ",msa,AZ,2016,0.1970979360005036,0.2177900804595021,49740,7284916.0,33075.0
3314,395247,225,"Yuma, AZ",msa,AZ,2017,0.2064691763964931,0.2240581513435121,49740,7543432.0,34851.0
3315,395247,225,"Yuma, AZ",msa,AZ,2018,0.221537220352213,0.2228193099150579,49740,7522243.0,35304.0
3316,395247,225,"Yuma, AZ",msa,AZ,2019,0.2095345431790604,0.2230876213974279,49740,7714421.0,36950.0
3317,395247,225,"Yuma, AZ",msa,AZ,2020,0.1942538907215132,0.2258788934858434,49740,7571543.0,41995.0
3318,395247,225,"Yuma, AZ",msa,AZ,2021,0.2142529359038806,0.2424543240649193,49740,7788204.0,44461.0
3319,395247,225,"Yuma, AZ",msa,AZ,2022,0.2942155306192828,0.2719420897264499,49740,8156045.0,45028.0
3320,395247,225,"Yuma, AZ",msa,AZ,2023,0.3182050403598956,0.2668416008827536,49740,8435182.0,46441.0
3321,753869,255,"Bloomington, IL",msa,IL,2015,0.2124295201696708,0.2214600347228686,14010,14045952.0,45488.0
3322,753869,255,"Bloomington, IL",msa,IL,2016,0.2049544051926704,0.1909958701553178,14010,14588013.0,46291.0
3323,753869,255,"Bloomington, IL",msa,IL,2017,0.2105620543140604,0.151902428837803,14010,14476949.0,46969.0
3324,753869,255,"Bloomington, IL",msa,IL,2018,0.2165130915490673,0.1521250798295182,14010,14530626.0,48975.0
3325,753869,255,"Bloomington, IL",msa,IL,2019,0.1909930940301639,0.1546957076802831,14010,14977037.0,49833.0
3326,753869,255,"Bloomington, IL",msa,IL,2020,0.1793666932177391,0.1579976536207036,14010,12371613.0,54811.0
3327,753869,255,"Bloomington, IL",msa,IL,2021,0.1960177721821233,0.1706906558764477,14010,12262225.0,58808.0
3328,753869,255,"Bloomington, IL",msa,IL,2022,0.2418766919326529,0.1895253707196309,14010,12393150.0,59028.0
3329,753869,255,"Bloomington, IL",msa,IL,2023,0.2715838692330553,0.1966006188515801,14010,12363558.0,61174.0
3330,753872,361,"California, MD",msa,MD,2015,0.2150653456595597,0.1627571833381347,15680,6963774.0,52210.0
3331,753872,361,"California, MD",msa,MD,2016,0.2141376417301114,0.1675372905717934,15680,7172852.0,53265.0
3332,753872,361,"California, MD",msa,MD,2017,0.2174379960069728,0.1674795697099364,15680,7354343.0,54180.0
3333,753872,361,"California, MD",msa,MD,2018,0.2252953312597301,0.1674624587248538,15680,7391917.0,56253.0
3334,753872,361,"California, MD",msa,MD,2019,0.2027689319803491,0.1583866766718936,15680,7529039.0,58433.0
3335,753872,361,"California, MD",msa,MD,2020,0.1867467809163049,0.157555977380568,15680,7881704.0,61911.0
3336,753872,361,"California, MD",msa,MD,2021,0.186172526981714,0.1621772070549659,15680,7905014.0,64999.0
3337,753872,361,"California, MD",msa,MD,2022,0.2520502583454672,0.1748772349763167,15680,7910394.0,66497.0
3338,753872,361,"California, MD",msa,MD,2023,0.2993762420022739,0.1891542938073423,15680,8198447.0,70353.0
3339,753875,176,"Crestview, FL",msa,FL,2015,0.2684088390496771,0.2294477628191524,18880,13389903.0,46167.0
3340,753875,176,"Crestview, FL",msa,FL,2016,0.2634789352123461,0.2290156251598236,18880,13947876.0,47673.0
3341,753875,176,"Crestview, FL",msa,FL,2017,0.2661017785250347,0.2268528138022935,18880,14385761.0,49958.0
3342,753875,176,"Crestview, FL",msa,FL,2018,0.2881804352517477,0.235026994221612,18880,14991042.0,52589.0
3343,753875,176,"Crestview, FL",msa,FL,2019,0.2759732174519256,0.2454932990543729,18880,15954803.0,55955.0
3344,753875,176,"Crestview, FL",msa,FL,2020,0.2712305257671752,0.252864003880632,18880,16344249.0,58886.0
3345,753875,176,"Crestview, FL",msa,FL,2021,0.2892817593266932,0.2848527070402649,18880,17947344.0,65538.0
3346,753875,176,"Crestview, FL",msa,FL,2022,0.3929137263601376,0.2998838351333862,18880,18685596.0,66399.0
3347,753875,176,"Crestview, FL",msa,FL,2023,0.4215560700642282,0.278741193224696,18880,19266610.0,69941.0
3348,753895,208,"Lafayette, IN",msa,IN,2015,0.2012193126437541,0.2171917259848708,29200,10002304.0,35838.0
3349,753895,208,"Lafayette, IN",msa,IN,2016,0.1661052935989434,0.2130900174003098,29200,10516083.0,36681.0
3350,753895,208,"Lafayette, IN",msa,IN,2017,0.1799736704043274,0.2196870231244382,29200,11076645.0,38243.0
3351,753895,208,"Lafayette, IN",msa,IN,2018,0.202235353763184,0.2311931827400161,29200,11727598.0,40442.0
3352,753895,208,"Lafayette, IN",msa,IN,2019,0.2027428136561737,0.2404655179303751,29200,11795554.0,41237.0
3353,753895,208,"Lafayette, IN",msa,IN,2020,0.1986872664436315,0.2451710168911409,29200,11120285.0,43389.0
3354,753895,208,"Lafayette, IN",msa,IN,2021,0.2144370773440976,0.2558389380366619,29200,11516672.0,47479.0
3355,753895,208,"Lafayette, IN",msa,IN,2022,0.2784623629631066,0.2685516703157596,29200,12045550.0,48480.0
3356,753895,208,"Lafayette, IN",msa,IN,2023,0.3105216681576337,0.2773254310693054,29200,12372668.0,51180.0
3357,753899,2,"Los Angeles, CA",msa,CA,2015,0.4817322638681985,0.3529979999579178,31080,914100644.0,54532.0
3358,753899,2,"Los Angeles, CA",msa,CA,2016,0.4686888618363816,0.35689796535051,31080,930683334.0,56280.0
3359,753899,2,"Los Angeles, CA",msa,CA,2017,0.4950763739842691,0.3595397140103319,31080,965279922.0,58274.0
3360,753899,2,"Los Angeles, CA",msa,CA,2018,0.5374579182943674,0.3564447470822208,31080,991254189.0,60689.0
3361,753899,2,"Los Angeles, CA",msa,CA,2019,0.5048163041562198,0.3549681876228824,31080,1026495438.0,64282.0
3362,753899,2,"Los Angeles, CA",msa,CA,2020,0.4728877179868842,0.3377374879465454,31080,982004052.0,69637.0
3363,753899,2,"Los Angeles, CA",msa,CA,2021,0.5003387566385838,0.3519781678168567,31080,1041710648.0,75332.0
3364,753899,2,"Los Angeles, CA",msa,CA,2022,0.6648650080761455,0.3726208852718677,31080,1065348063.0,76760.0
3365,753899,2,"Los Angeles, CA",msa,CA,2023,0.7194780525755892,0.3650176998281968,31080,1075056705.0,80898.0
3366,753906,73,"North Port, FL",msa,FL,2015,0.2795378854290626,0.2849603798382165,35840,32114753.0,51417.0
3367,753906,73,"North Port, FL",msa,FL,2016,0.2851048131027051,0.2873290909358238,35840,33189208.0,52369.0
3368,753906,73,"North Port, FL",msa,FL,2017,0.300586530424769,0.2880780266199336,35840,34411905.0,55557.0
3369,753906,73,"North Port, FL",msa,FL,2018,0.3044151573218184,0.2784921688343869,35840,36196323.0,58249.0
3370,753906,73,"North Port, FL",msa,FL,2019,0.2837899148194301,0.2774149986671521,35840,37984288.0,61867.0
3371,753906,73,"North Port, FL",msa,FL,2020,0.263448841982998,0.2743123408381487,35840,37952259.0,64355.0
3372,753906,73,"North Port, FL",msa,FL,2021,0.2845195848048583,0.3078243682312899,35840,40613168.0,69235.0
3373,753906,73,"North Port, FL",msa,FL,2022,0.4189895515902992,0.3453563125211997,35840,43479043.0,70120.0
3374,753906,73,"North Port, FL",msa,FL,2023,0.4656593857443928,0.3393592159257697,35840,45413237.0,74949.0
3375,753917,124,"Santa Maria, CA",msa,CA,2015,0.4636059845072526,0.3560855024828748,42200,26569565.0,54328.0
3376,753917,124,"Santa Maria, CA",msa,CA,2016,0.4694265803028521,0.3653817806705605,42200,26805701.0,54886.0
3377,753917,124,"Santa Maria, CA",msa,CA,2017,0.4742312911017761,0.3601333181065446,42200,27474155.0,57029.0
3378,753917,124,"Santa Maria, CA",msa,CA,2018,0.5024483982379379,0.3631068747510895,42200,28505410.0,59670.0
3379,753917,124,"Santa Maria, CA",msa,CA,2019,0.4562501787961089,0.3585771273219912,42200,28989266.0,62413.0
3380,753917,124,"Santa Maria, CA",msa,CA,2020,0.4281871718029184,0.365769161816678,42200,29567144.0,68907.0
3381,753917,124,"Santa Maria, CA",msa,CA,2021,0.4542351863326286,0.3914578426874393,42200,31591137.0,76392.0
3382,753917,124,"Santa Maria, CA",msa,CA,2022,0.6516710559046632,0.4408852392374994,42200,31650577.0,77419.0
3383,753917,124,"Santa Maria, CA",msa,CA,2023,0.7469946969234388,0.450104462901267,42200,31996811.0,82736.0
3384,753924,55,"Urban Honolulu, HI",msa,HI,2015,0.3898073776983996,0.2931769391086073,46520,63190640.0,50310.0
3385,753924,55,"Urban Honolulu, HI",msa,HI,2016,0.394882831416277,0.2919368716158826,46520,64394760.0,51806.0
3386,753924,55,"Urban Honolulu, HI",msa,HI,2017,0.4229796455132222,0.2907053059703458,46520,65758319.0,53722.0
3387,753924,55,"Urban Honolulu, HI",msa,HI,2018,0.4574736719402629,0.2893303281849581,46520,66029819.0,54631.0
3388,753924,55,"Urban Honolulu, HI",msa,HI,2019,0.4249509451337436,0.2883366227438748,46520,65637794.0,56772.0
3389,753924,55,"Urban Honolulu, HI",msa,HI,2020,0.3894527063697655,0.2845030074622875,46520,60087478.0,60246.0
3390,753924,55,"Urban Honolulu, HI",msa,HI,2021,0.4047547202655523,0.292265591361306,46520,62794296.0,63755.0
3391,753924,55,"Urban Honolulu, HI",msa,HI,2022,0.5570722645603197,0.2951132008128804,46520,64456896.0,65708.0
3392,753924,55,"Urban Honolulu, HI",msa,HI,2023,0.5982795541512066,0.2898462078184189,46520,65999825.0,69893.0
